date,destination_id,destination,domestic_visitors,international_visitors,visitors,log1p_visitors,split,is_zero_day,data_quality_flag
2022-11-01,8,Lăng vua Khải Định,0,0,0,0.0000000000,train,True,observed_complete
2022-11-02,8,Lăng vua Khải Định,0,0,0,0.0000000000,train,True,observed_complete
2022-11-03,8,Lăng vua Khải Định,0,0,0,0.0000000000,train,True,observed_complete
2022-11-04,8,Lăng vua Khải Định,0,0,0,0.0000000000,train,True,observed_complete
2022-11-05,8,Lăng vua Khải Định,0,0,0,0.0000000000,train,True,observed_complete
2022-11-06,8,Lăng vua Khải Định,0,0,0,0.0000000000,train,True,observed_complete
2022-11-07,8,Lăng vua Khải Định,0,0,0,0.0000000000,train,True,observed_complete
2022-11-08,8,Lăng vua Khải Định,0,0,0,0.0000000000,train,True,observed_complete
2022-11-09,8,Lăng vua Khải Định,167,159,326,5.7899601709,train,False,observed_complete
2022-11-10,8,Lăng vua Khải Định,174,294,468,6.1506027684,train,False,observed_complete
2022-11-11,8,Lăng vua Khải Định,311,168,479,6.1737861039,train,False,observed_complete
2022-11-12,8,Lăng vua Khải Định,205,297,502,6.2205901701,train,False,observed_complete
2022-11-13,8,Lăng vua Khải Định,278,267,545,6.3026189757,train,False,observed_complete
2022-11-14,8,Lăng vua Khải Định,148,258,406,6.0088131854,train,False,observed_complete
2022-11-15,8,Lăng vua Khải Định,153,307,460,6.1333980430,train,False,observed_complete
2022-11-16,8,Lăng vua Khải Định,218,438,656,6.4876840185,train,False,observed_complete
2022-11-17,8,Lăng vua Khải Định,217,550,767,6.6437897331,train,False,observed_complete
2022-11-18,8,Lăng vua Khải Định,482,482,964,6.8721281013,train,False,observed_complete
2022-11-19,8,Lăng vua Khải Định,465,453,918,6.8232861224,train,False,observed_complete
2022-11-20,8,Lăng vua Khải Định,496,383,879,6.7799219075,train,False,observed_complete
2022-11-21,8,Lăng vua Khải Định,236,264,500,6.2166061011,train,False,observed_complete
2022-11-22,8,Lăng vua Khải Định,359,447,806,6.6933236683,train,False,observed_complete
2022-11-23,8,Lăng vua Khải Định,323,512,835,6.7286286131,train,False,observed_complete
2022-11-24,8,Lăng vua Khải Định,215,383,598,6.3952615981,train,False,observed_complete
2022-11-25,8,Lăng vua Khải Định,357,539,896,6.7990558621,train,False,observed_complete
2022-11-26,8,Lăng vua Khải Định,549,699,1248,7.1300985101,train,False,observed_complete
2022-11-27,8,Lăng vua Khải Định,296,619,915,6.8200163647,train,False,observed_complete
2022-11-28,8,Lăng vua Khải Định,320,391,711,6.5680779114,train,False,observed_complete
2022-11-29,8,Lăng vua Khải Định,280,543,823,6.7141705299,train,False,observed_complete
2022-11-30,8,Lăng vua Khải Định,339,363,702,6.5553568918,train,False,observed_complete
2022-12-01,8,Lăng vua Khải Định,305,505,810,6.6982680541,train,False,observed_complete
2022-12-02,8,Lăng vua Khải Định,318,449,767,6.6437897331,train,False,observed_complete
2022-12-03,8,Lăng vua Khải Định,229,485,714,6.5722825427,train,False,observed_complete
2022-12-04,8,Lăng vua Khải Định,370,528,898,6.8012830345,train,False,observed_complete
2022-12-05,8,Lăng vua Khải Định,197,493,690,6.5381398238,train,False,observed_complete
2022-12-06,8,Lăng vua Khải Định,193,486,679,6.5220927982,train,False,observed_complete
2022-12-07,8,Lăng vua Khải Định,322,646,968,6.8762646119,train,False,observed_complete
2022-12-08,8,Lăng vua Khải Định,159,497,656,6.4876840185,train,False,observed_complete
2022-12-09,8,Lăng vua Khải Định,326,553,879,6.7799219075,train,False,observed_complete
2022-12-10,8,Lăng vua Khải Định,214,254,468,6.1506027684,train,False,observed_complete
2022-12-11,8,Lăng vua Khải Định,499,571,1070,6.9763480704,train,False,observed_complete
2022-12-12,8,Lăng vua Khải Định,617,690,1307,7.1762545320,train,False,observed_complete
2022-12-13,8,Lăng vua Khải Định,457,537,994,6.9027427372,train,False,observed_complete
2022-12-14,8,Lăng vua Khải Định,445,496,941,6.8480052746,train,False,observed_complete
2022-12-15,8,Lăng vua Khải Định,660,505,1165,7.0613343669,train,False,observed_complete
2022-12-16,8,Lăng vua Khải Định,475,687,1162,7.0587581525,train,False,observed_complete
2022-12-17,8,Lăng vua Khải Định,232,540,772,6.6502790486,train,False,observed_complete
2022-12-18,8,Lăng vua Khải Định,324,391,715,6.5736801670,train,False,observed_complete
2022-12-19,8,Lăng vua Khải Định,326,601,927,6.8330317328,train,False,observed_complete
2022-12-20,8,Lăng vua Khải Định,410,608,1018,6.9265770332,train,False,observed_complete
2022-12-21,8,Lăng vua Khải Định,105,608,713,6.5708829623,train,False,observed_complete
2022-12-22,8,Lăng vua Khải Định,465,620,1085,6.9902565005,train,False,observed_complete
2022-12-23,8,Lăng vua Khải Định,556,731,1287,7.1608459067,train,False,observed_complete
2022-12-24,8,Lăng vua Khải Định,395,786,1181,7.0749631980,train,False,observed_complete
2022-12-25,8,Lăng vua Khải Định,575,687,1262,7.1412451224,train,False,observed_complete
2022-12-26,8,Lăng vua Khải Định,673,705,1378,7.2291138778,train,False,observed_complete
2022-12-27,8,Lăng vua Khải Định,758,616,1374,7.2262090101,train,False,observed_complete
2022-12-28,8,Lăng vua Khải Định,508,675,1183,7.0766538154,train,False,observed_complete
2022-12-29,8,Lăng vua Khải Định,459,756,1215,7.1033220625,train,False,observed_complete
2022-12-30,8,Lăng vua Khải Định,337,727,1064,6.9707300781,train,False,observed_complete
2022-12-31,8,Lăng vua Khải Định,669,871,1540,7.3401868353,train,False,observed_complete
2023-01-01,8,Lăng vua Khải Định,820,417,1237,7.1212524532,train,False,observed_complete
2023-01-02,8,Lăng vua Khải Định,504,461,965,6.8731638342,train,False,observed_complete
2023-01-03,8,Lăng vua Khải Định,674,510,1184,7.0774980536,train,False,observed_complete
2023-01-04,8,Lăng vua Khải Định,375,687,1062,6.9688503783,train,False,observed_complete
2023-01-05,8,Lăng vua Khải Định,261,629,890,6.7923444275,train,False,observed_complete
2023-01-06,8,Lăng vua Khải Định,371,786,1157,7.0544496581,train,False,observed_complete
2023-01-07,8,Lăng vua Khải Định,581,572,1153,7.0509894471,train,False,observed_complete
2023-01-08,8,Lăng vua Khải Định,491,570,1061,6.9679092018,train,False,observed_complete
2023-01-09,8,Lăng vua Khải Định,305,490,795,6.6795991858,train,False,observed_complete
2023-01-10,8,Lăng vua Khải Định,460,531,991,6.8997231073,train,False,observed_complete
2023-01-11,8,Lăng vua Khải Định,210,571,781,6.6618547405,train,False,observed_complete
2023-01-12,8,Lăng vua Khải Định,464,529,993,6.9017372067,train,False,observed_complete
2023-01-13,8,Lăng vua Khải Định,306,530,836,6.7298240705,train,False,observed_complete
2023-01-14,8,Lăng vua Khải Định,267,753,1020,6.9285378182,train,False,observed_complete
2023-01-15,8,Lăng vua Khải Định,224,444,668,6.5057840601,train,False,observed_complete
2023-01-16,8,Lăng vua Khải Định,218,349,567,6.3421214187,train,False,observed_complete
2023-01-17,8,Lăng vua Khải Định,341,435,776,6.6554403504,train,False,observed_complete
2023-01-18,8,Lăng vua Khải Định,187,398,585,6.3733197896,train,False,observed_complete
2023-01-19,8,Lăng vua Khải Định,143,409,552,6.3153580015,train,False,observed_complete
2023-01-20,8,Lăng vua Khải Định,159,344,503,6.2225762681,train,False,observed_complete
2023-01-21,8,Lăng vua Khải Định,55,553,608,6.4118182677,train,False,observed_complete
2023-01-22,8,Lăng vua Khải Định,8,787,795,6.6795991858,train,False,observed_complete
2023-01-23,8,Lăng vua Khải Định,0,806,806,6.6933236683,train,False,observed_complete
2023-01-24,8,Lăng vua Khải Định,0,487,487,6.1903154059,train,False,observed_complete
2023-01-25,8,Lăng vua Khải Định,1502,510,2012,7.6073814256,train,False,observed_complete
2023-01-26,8,Lăng vua Khải Định,2343,584,2927,7.9820748751,train,False,observed_complete
2023-01-27,8,Lăng vua Khải Định,1415,442,1857,7.5272559194,train,False,observed_complete
2023-01-28,8,Lăng vua Khải Định,822,411,1233,7.1180162045,train,False,observed_complete
2023-01-29,8,Lăng vua Khải Định,735,486,1221,7.1082441397,train,False,observed_complete
2023-01-30,8,Lăng vua Khải Định,836,559,1395,7.2413662833,train,False,observed_complete
2023-01-31,8,Lăng vua Khải Định,665,609,1274,7.1507014576,train,False,observed_complete
2023-02-01,8,Lăng vua Khải Định,667,582,1249,7.1308988303,train,False,observed_complete
2023-02-02,8,Lăng vua Khải Định,601,597,1198,7.0892431550,train,False,observed_complete
2023-02-03,8,Lăng vua Khải Định,600,765,1365,7.2196420401,train,False,observed_complete
2023-02-04,8,Lăng vua Khải Định,674,628,1302,7.1724245771,train,False,observed_complete
2023-02-05,8,Lăng vua Khải Định,715,517,1232,7.1172055032,train,False,observed_complete
2023-02-06,8,Lăng vua Khải Định,534,782,1316,7.1831117017,train,False,observed_complete
2023-02-07,8,Lăng vua Khải Định,659,775,1434,7.2689201282,train,False,observed_complete
2023-02-08,8,Lăng vua Khải Định,472,887,1359,7.2152399787,train,False,observed_complete
2023-02-09,8,Lăng vua Khải Định,499,880,1379,7.2298387782,train,False,observed_complete
2023-02-10,8,Lăng vua Khải Định,663,872,1535,7.3369369137,train,False,observed_complete
2023-02-11,8,Lăng vua Khải Định,781,820,1601,7.3790081276,train,False,observed_complete
2023-02-12,8,Lăng vua Khải Định,887,835,1722,7.4518222365,train,False,observed_complete
2023-02-13,8,Lăng vua Khải Định,500,751,1251,7.1324975517,train,False,observed_complete
2023-02-14,8,Lăng vua Khải Định,545,864,1409,7.2513449834,train,False,observed_complete
2023-02-15,8,Lăng vua Khải Định,607,760,1367,7.2211050982,train,False,observed_complete
2023-02-16,8,Lăng vua Khải Định,695,756,1451,7.2806971954,train,False,observed_complete
2023-02-17,8,Lăng vua Khải Định,696,876,1572,7.3607399031,train,False,observed_complete
2023-02-18,8,Lăng vua Khải Định,859,1156,2015,7.6088706292,train,False,observed_complete
2023-02-19,8,Lăng vua Khải Định,587,805,1392,7.2392149738,train,False,observed_complete
2023-02-20,8,Lăng vua Khải Định,602,853,1455,7.2834482288,train,False,observed_complete
2023-02-21,8,Lăng vua Khải Định,779,886,1665,7.4181808227,train,False,observed_complete
2023-02-22,8,Lăng vua Khải Định,490,845,1335,7.1974353541,train,False,observed_complete
2023-02-23,8,Lăng vua Khải Định,631,847,1478,7.2991214627,train,False,observed_complete
2023-02-24,8,Lăng vua Khải Định,906,965,1871,7.5347626570,train,False,observed_complete
2023-02-25,8,Lăng vua Khải Định,865,1110,1975,7.5888298783,train,False,observed_complete
2023-02-26,8,Lăng vua Khải Định,878,823,1701,7.4395593091,train,False,observed_complete
2023-02-27,8,Lăng vua Khải Định,501,952,1453,7.2820736581,train,False,observed_complete
2023-02-28,8,Lăng vua Khải Định,797,751,1548,7.3453648404,train,False,observed_complete
2023-03-01,8,Lăng vua Khải Định,482,1074,1556,7.3505161718,train,False,observed_complete
2023-03-02,8,Lăng vua Khải Định,722,856,1578,7.3645470143,train,False,observed_complete
2023-03-03,8,Lăng vua Khải Định,648,1003,1651,7.4097419541,train,False,observed_complete
2023-03-04,8,Lăng vua Khải Định,1052,986,2038,7.6202147706,train,False,observed_complete
2023-03-05,8,Lăng vua Khải Định,770,876,1646,7.4067107302,train,False,observed_complete
2023-03-06,8,Lăng vua Khải Định,572,857,1429,7.2654297233,train,False,observed_complete
2023-03-07,8,Lăng vua Khải Định,499,916,1415,7.2555912743,train,False,observed_complete
2023-03-08,8,Lăng vua Khải Định,457,847,1304,7.1739583198,train,False,observed_complete
2023-03-09,8,Lăng vua Khải Định,738,836,1574,7.3620105513,train,False,observed_complete
2023-03-10,8,Lăng vua Khải Định,671,1175,1846,7.5213179802,train,False,observed_complete
2023-03-11,8,Lăng vua Khải Định,1062,1069,2131,7.6648157853,train,False,observed_complete
2023-03-12,8,Lăng vua Khải Định,715,1071,1786,7.4882935152,train,False,observed_complete
2023-03-13,8,Lăng vua Khải Định,858,1019,1877,7.5379626598,train,False,observed_complete
2023-03-14,8,Lăng vua Khải Định,510,1259,1769,7.4787348256,train,False,observed_complete
2023-03-15,8,Lăng vua Khải Định,671,780,1451,7.2806971954,train,False,observed_complete
2023-03-16,8,Lăng vua Khải Định,578,1006,1584,7.3683396863,train,False,observed_complete
2023-03-17,8,Lăng vua Khải Định,1032,697,1729,7.4558766875,train,False,observed_complete
2023-03-18,8,Lăng vua Khải Định,1306,876,2182,7.6884553565,train,False,observed_complete
2023-03-19,8,Lăng vua Khải Định,910,941,1851,7.5240214152,train,False,observed_complete
2023-03-20,8,Lăng vua Khải Định,863,942,1805,7.4988697340,train,False,observed_complete
2023-03-21,8,Lăng vua Khải Định,422,1040,1462,7.2882444010,train,False,observed_complete
2023-03-22,8,Lăng vua Khải Định,768,756,1524,7.3297496890,train,False,observed_complete
2023-03-23,8,Lăng vua Khải Định,402,1033,1435,7.2696167496,train,False,observed_complete
2023-03-24,8,Lăng vua Khải Định,583,1177,1760,7.4736371085,train,False,observed_complete
2023-03-25,8,Lăng vua Khải Định,883,916,1799,7.4955419439,train,False,observed_complete
2023-03-26,8,Lăng vua Khải Định,10,1040,1050,6.9574973709,train,False,observed_complete
2023-03-27,8,Lăng vua Khải Định,593,1031,1624,7.3932630948,train,False,observed_complete
2023-03-28,8,Lăng vua Khải Định,556,1226,1782,7.4860526179,train,False,observed_complete
2023-03-29,8,Lăng vua Khải Định,1254,645,1899,7.5496091652,train,False,observed_complete
2023-03-30,8,Lăng vua Khải Định,630,1171,1801,7.4966524382,train,False,observed_complete
2023-03-31,8,Lăng vua Khải Định,990,769,1759,7.4730690880,train,False,observed_complete
2023-04-01,8,Lăng vua Khải Định,853,715,1568,7.3581937527,train,False,observed_complete
2023-04-02,8,Lăng vua Khải Định,874,673,1547,7.3447190541,train,False,observed_complete
2023-04-03,8,Lăng vua Khải Định,489,697,1186,7.0791843946,train,False,observed_complete
2023-04-04,8,Lăng vua Khải Định,349,851,1200,7.0909098221,train,False,observed_complete
2023-04-05,8,Lăng vua Khải Định,434,977,1411,7.2527624181,train,False,observed_complete
2023-04-06,8,Lăng vua Khải Định,617,784,1401,7.2456550676,train,False,observed_complete
2023-04-07,8,Lăng vua Khải Định,1188,811,1999,7.6009024595,train,False,observed_complete
2023-04-08,8,Lăng vua Khải Định,839,1002,1841,7.5186072168,train,False,observed_complete
2023-04-09,8,Lăng vua Khải Định,756,990,1746,7.4656553101,train,False,observed_complete
2023-04-10,8,Lăng vua Khải Định,1148,811,1959,7.5806997522,train,False,observed_complete
2023-04-11,8,Lăng vua Khải Định,726,985,1711,7.4454175567,train,False,observed_complete
2023-04-12,8,Lăng vua Khải Định,916,992,1908,7.5543348237,train,False,observed_complete
2023-04-13,8,Lăng vua Khải Định,604,956,1560,7.3530819205,train,False,observed_complete
2023-04-14,8,Lăng vua Khải Định,871,722,1593,7.3740018594,train,False,observed_complete
2023-04-15,8,Lăng vua Khải Định,1162,1089,2251,7.7195739893,train,False,observed_complete
2023-04-16,8,Lăng vua Khải Định,982,712,1694,7.4354380198,train,False,observed_complete
2023-04-17,8,Lăng vua Khải Định,620,1066,1686,7.4307070825,train,False,observed_complete
2023-04-18,8,Lăng vua Khải Định,652,481,1133,7.0335064843,train,False,observed_complete
2023-04-19,8,Lăng vua Khải Định,418,740,1158,7.0553128433,train,False,observed_complete
2023-04-20,8,Lăng vua Khải Định,683,582,1265,7.1436176027,train,False,observed_complete
2023-04-21,8,Lăng vua Khải Định,476,821,1297,7.1685798973,train,False,observed_complete
2023-04-22,8,Lăng vua Khải Định,721,1021,1742,7.4633630455,train,False,observed_complete
2023-04-23,8,Lăng vua Khải Định,830,927,1757,7.4719320782,train,False,observed_complete
2023-04-24,8,Lăng vua Khải Định,387,815,1202,7.0925737160,train,False,observed_complete
2023-04-25,8,Lăng vua Khải Định,626,845,1471,7.2943772993,train,False,observed_complete
2023-04-26,8,Lăng vua Khải Định,602,1003,1605,7.3815018945,train,False,observed_complete
2023-04-27,8,Lăng vua Khải Định,331,810,1141,7.0405363902,train,False,observed_complete
2023-04-28,8,Lăng vua Khải Định,645,651,1296,7.1678091843,train,False,observed_complete
2023-04-29,8,Lăng vua Khải Định,1429,846,2275,7.7301747952,train,False,observed_complete
2023-04-30,8,Lăng vua Khải Định,3220,610,3830,8.2508811447,train,False,observed_complete
2023-05-01,8,Lăng vua Khải Định,4540,460,5000,8.5173931714,train,False,observed_complete
2023-05-02,8,Lăng vua Khải Định,2270,591,2861,7.9592759601,train,False,observed_complete
2023-05-03,8,Lăng vua Khải Định,1034,650,1684,7.4295208428,train,False,observed_complete
2023-05-04,8,Lăng vua Khải Định,406,504,910,6.8145428973,train,False,observed_complete
2023-05-05,8,Lăng vua Khải Định,454,797,1251,7.1324975517,train,False,observed_complete
2023-05-06,8,Lăng vua Khải Định,619,430,1049,6.9565454432,train,False,observed_complete
2023-05-07,8,Lăng vua Khải Định,492,440,932,6.8384052008,train,False,observed_complete
2023-05-08,8,Lăng vua Khải Định,527,661,1188,7.0808678967,train,False,observed_complete
2023-05-09,8,Lăng vua Khải Định,710,624,1334,7.1966865708,train,False,observed_complete
2023-05-10,8,Lăng vua Khải Định,499,673,1172,7.0673198487,train,False,observed_complete
2023-05-11,8,Lăng vua Khải Định,605,770,1375,7.2269360185,train,False,observed_complete
2023-05-12,8,Lăng vua Khải Định,550,784,1334,7.1966865708,train,False,observed_complete
2023-05-13,8,Lăng vua Khải Định,730,850,1580,7.3658128372,train,False,observed_complete
2023-05-14,8,Lăng vua Khải Định,796,490,1286,7.1600692076,train,False,observed_complete
2023-05-15,8,Lăng vua Khải Định,825,413,1238,7.1220598816,train,False,observed_complete
2023-05-16,8,Lăng vua Khải Định,539,403,942,6.8490662826,train,False,observed_complete
2023-05-17,8,Lăng vua Khải Định,695,405,1100,7.0039741367,train,False,observed_complete
2023-05-18,8,Lăng vua Khải Định,484,565,1049,6.9565454432,train,False,observed_complete
2023-05-19,8,Lăng vua Khải Định,570,598,1168,7.0639039615,train,False,observed_complete
2023-05-20,8,Lăng vua Khải Định,578,663,1241,7.1244782625,train,False,observed_complete
2023-05-21,8,Lăng vua Khải Định,612,708,1320,7.1861443045,train,False,observed_complete
2023-05-22,8,Lăng vua Khải Định,556,665,1221,7.1082441397,train,False,observed_complete
2023-05-23,8,Lăng vua Khải Định,621,394,1015,6.9236286281,train,False,observed_complete
2023-05-24,8,Lăng vua Khải Định,765,500,1265,7.1436176027,train,False,observed_complete
2023-05-25,8,Lăng vua Khải Định,736,575,1311,7.1793079695,train,False,observed_complete
2023-05-26,8,Lăng vua Khải Định,803,447,1250,7.1316985105,train,False,observed_complete
2023-05-27,8,Lăng vua Khải Định,1081,795,1876,7.5374300366,train,False,observed_complete
2023-05-28,8,Lăng vua Khải Định,1208,350,1558,7.3517998691,train,False,observed_complete
2023-05-29,8,Lăng vua Khải Định,797,667,1464,7.2896105215,train,False,observed_complete
2023-05-30,8,Lăng vua Khải Định,623,723,1346,7.2056351764,train,False,observed_complete
2023-05-31,8,Lăng vua Khải Định,695,623,1318,7.1846291527,train,False,observed_complete
2023-06-01,8,Lăng vua Khải Định,882,362,1244,7.1268908089,train,False,observed_complete
2023-06-02,8,Lăng vua Khải Định,851,558,1409,7.2513449834,train,False,observed_complete
2023-06-03,8,Lăng vua Khải Định,1104,492,1596,7.3758821482,train,False,observed_complete
2023-06-04,8,Lăng vua Khải Định,1302,502,1804,7.4983158708,train,False,observed_complete
2023-06-05,8,Lăng vua Khải Định,226,83,309,5.7365722975,train,False,observed_complete
2023-06-06,8,Lăng vua Khải Định,1738,706,2444,7.8018004019,train,False,observed_complete
2023-06-07,8,Lăng vua Khải Định,1077,321,1398,7.2435129747,train,False,observed_complete
2023-06-08,8,Lăng vua Khải Định,1334,297,1631,7.3975615355,train,False,observed_complete
2023-06-09,8,Lăng vua Khải Định,1148,464,1612,7.3858510781,train,False,observed_complete
2023-06-10,8,Lăng vua Khải Định,1675,355,2030,7.6162835616,train,False,observed_complete
2023-06-11,8,Lăng vua Khải Định,1396,396,1792,7.4916454736,train,False,observed_complete
2023-06-12,8,Lăng vua Khải Định,1596,409,2005,7.6038979685,train,False,observed_complete
2023-06-13,8,Lăng vua Khải Định,1211,274,1485,7.3038432253,train,False,observed_complete
2023-06-14,8,Lăng vua Khải Định,1325,254,1579,7.3651801260,train,False,observed_complete
2023-06-15,8,Lăng vua Khải Định,1586,333,1919,7.5600804650,train,False,observed_complete
2023-06-16,8,Lăng vua Khải Định,1760,391,2151,7.6741529213,train,False,observed_complete
2023-06-17,8,Lăng vua Khải Định,1471,317,1788,7.4894120835,train,False,observed_complete
2023-06-18,8,Lăng vua Khải Định,1384,375,1759,7.4730690880,train,False,observed_complete
2023-06-19,8,Lăng vua Khải Định,1045,399,1444,7.2758646005,train,False,observed_complete
2023-06-20,8,Lăng vua Khải Định,1203,378,1581,7.3664451483,train,False,observed_complete
2023-06-21,8,Lăng vua Khải Định,1063,404,1467,7.2916562092,train,False,observed_complete
2023-06-22,8,Lăng vua Khải Định,1476,274,1750,7.4679423323,train,False,observed_complete
2023-06-23,8,Lăng vua Khải Định,1231,542,1773,7.4809921629,train,False,observed_complete
2023-06-24,8,Lăng vua Khải Định,1498,452,1950,7.5760973406,train,False,observed_complete
2023-06-25,8,Lăng vua Khải Định,1573,426,1999,7.6009024595,train,False,observed_complete
2023-06-26,8,Lăng vua Khải Định,1729,309,2038,7.6202147706,train,False,observed_complete
2023-06-27,8,Lăng vua Khải Định,1534,202,1736,7.4599147662,train,False,observed_complete
2023-06-28,8,Lăng vua Khải Định,904,446,1350,7.2086003380,train,False,observed_complete
2023-06-29,8,Lăng vua Khải Định,1042,454,1496,7.3112183844,train,False,observed_complete
2023-06-30,8,Lăng vua Khải Định,1195,336,1531,7.3343293503,train,False,observed_complete
2023-07-01,8,Lăng vua Khải Định,1564,337,1901,7.5506612431,train,False,observed_complete
2023-07-02,8,Lăng vua Khải Định,1591,334,1925,7.5632005924,train,False,observed_complete
2023-07-03,8,Lăng vua Khải Định,1243,347,1590,7.3721180283,train,False,observed_complete
2023-07-04,8,Lăng vua Khải Định,1957,311,2268,7.7270944848,train,False,observed_complete
2023-07-05,8,Lăng vua Khải Định,1749,401,2150,7.6736881293,train,False,observed_complete
2023-07-06,8,Lăng vua Khải Định,1607,289,1896,7.5480289699,train,False,observed_complete
2023-07-07,8,Lăng vua Khải Định,1769,408,2177,7.6861623035,train,False,observed_complete
2023-07-08,8,Lăng vua Khải Định,1868,169,2037,7.6197242138,train,False,observed_complete
2023-07-09,8,Lăng vua Khải Định,1816,452,2268,7.7270944848,train,False,observed_complete
2023-07-10,8,Lăng vua Khải Định,1688,669,2357,7.7655690811,train,False,observed_complete
2023-07-11,8,Lăng vua Khải Định,1436,385,1821,7.5076900778,train,False,observed_complete
2023-07-12,8,Lăng vua Khải Định,1541,391,1932,7.5668284792,train,False,observed_complete
2023-07-13,8,Lăng vua Khải Định,1231,240,1471,7.2943772993,train,False,observed_complete
2023-07-14,8,Lăng vua Khải Định,1868,358,2226,7.7084106673,train,False,observed_complete
2023-07-15,8,Lăng vua Khải Định,1806,465,2271,7.7284157798,train,False,observed_complete
2023-07-16,8,Lăng vua Khải Định,2032,365,2397,7.7823903356,train,False,observed_complete
2023-07-17,8,Lăng vua Khải Định,1516,406,1922,7.5616417456,train,False,observed_complete
2023-07-18,8,Lăng vua Khải Định,1351,278,1629,7.3963352938,train,False,observed_complete
2023-07-19,8,Lăng vua Khải Định,1017,543,1560,7.3530819205,train,False,observed_complete
2023-07-20,8,Lăng vua Khải Định,1364,501,1865,7.5315523814,train,False,observed_complete
2023-07-21,8,Lăng vua Khải Định,1557,495,2052,7.6270574170,train,False,observed_complete
2023-07-22,8,Lăng vua Khải Định,2009,481,2490,7.8204395153,train,False,observed_complete
2023-07-23,8,Lăng vua Khải Định,1632,482,2114,7.6568100915,train,False,observed_complete
2023-07-24,8,Lăng vua Khải Định,1281,296,1577,7.3639135014,train,False,observed_complete
2023-07-25,8,Lăng vua Khải Định,1240,493,1733,7.4581861573,train,False,observed_complete
2023-07-26,8,Lăng vua Khải Định,1278,381,1659,7.4145728814,train,False,observed_complete
2023-07-27,8,Lăng vua Khải Định,1459,486,1945,7.5735312627,train,False,observed_complete
2023-07-28,8,Lăng vua Khải Định,1424,548,1972,7.5873105060,train,False,observed_complete
2023-07-29,8,Lăng vua Khải Định,1674,676,2350,7.7625960485,train,False,observed_complete
2023-07-30,8,Lăng vua Khải Định,1662,639,2301,7.7415335893,train,False,observed_complete
2023-07-31,8,Lăng vua Khải Định,1039,719,1758,7.4725007447,train,False,observed_complete
2023-08-01,8,Lăng vua Khải Định,1005,508,1513,7.3225104340,train,False,observed_complete
2023-08-02,8,Lăng vua Khải Định,952,636,1588,7.3708601665,train,False,observed_complete
2023-08-03,8,Lăng vua Khải Định,1108,582,1690,7.4330753489,train,False,observed_complete
2023-08-04,8,Lăng vua Khải Định,1444,712,2156,7.6764736464,train,False,observed_complete
2023-08-05,8,Lăng vua Khải Định,1302,605,1907,7.5538108520,train,False,observed_complete
2023-08-06,8,Lăng vua Khải Định,1072,729,1801,7.4966524382,train,False,observed_complete
2023-08-07,8,Lăng vua Khải Định,975,628,1603,7.3802557884,train,False,observed_complete
2023-08-08,8,Lăng vua Khải Định,935,706,1641,7.4036702900,train,False,observed_complete
2023-08-09,8,Lăng vua Khải Định,814,597,1411,7.2527624181,train,False,observed_complete
2023-08-10,8,Lăng vua Khải Định,953,771,1724,7.4529823295,train,False,observed_complete
2023-08-11,8,Lăng vua Khải Định,1166,907,2073,7.6372343888,train,False,observed_complete
2023-08-12,8,Lăng vua Khải Định,1492,801,2293,7.7380522977,train,False,observed_complete
2023-08-13,8,Lăng vua Khải Định,1055,1163,2218,7.7048119229,train,False,observed_complete
2023-08-14,8,Lăng vua Khải Định,979,755,1734,7.4587626924,train,False,observed_complete
2023-08-15,8,Lăng vua Khải Định,627,555,1182,7.0758088640,train,False,observed_complete
2023-08-16,8,Lăng vua Khải Định,620,715,1335,7.1974353541,train,False,observed_complete
2023-08-17,8,Lăng vua Khải Định,1023,552,1575,7.3626452704,train,False,observed_complete
2023-08-18,8,Lăng vua Khải Định,781,811,1592,7.3733743099,train,False,observed_complete
2023-08-19,8,Lăng vua Khải Định,1116,672,1788,7.4894120835,train,False,observed_complete
2023-08-20,8,Lăng vua Khải Định,776,713,1489,7.3065313989,train,False,observed_complete
2023-08-21,8,Lăng vua Khải Định,792,669,1461,7.2875606403,train,False,observed_complete
2023-08-22,8,Lăng vua Khải Định,627,650,1277,7.1530516349,train,False,observed_complete
2023-08-23,8,Lăng vua Khải Định,956,732,1688,7.4318919168,train,False,observed_complete
2023-08-24,8,Lăng vua Khải Định,816,296,1112,7.0148143513,train,False,observed_complete
2023-08-25,8,Lăng vua Khải Định,777,732,1509,7.3198649298,train,False,observed_complete
2023-08-26,8,Lăng vua Khải Định,1015,387,1402,7.2463680801,train,False,observed_complete
2023-08-27,8,Lăng vua Khải Định,952,368,1320,7.1861443045,train,False,observed_complete
2023-08-28,8,Lăng vua Khải Định,570,502,1072,6.9782137426,train,False,observed_complete
2023-08-29,8,Lăng vua Khải Định,578,573,1151,7.0492548413,train,False,observed_complete
2023-08-30,8,Lăng vua Khải Định,400,667,1067,6.9735430195,train,False,observed_complete
2023-08-31,8,Lăng vua Khải Định,471,458,929,6.8351845861,train,False,observed_complete
2023-09-01,8,Lăng vua Khải Định,952,403,1355,7.2122944685,train,False,observed_complete
2023-09-02,8,Lăng vua Khải Định,14,396,410,6.0185932145,train,False,observed_complete
2023-09-03,8,Lăng vua Khải Định,1063,453,1516,7.3244899793,train,False,observed_complete
2023-09-04,8,Lăng vua Khải Định,494,465,959,6.8669332845,train,False,observed_complete
2023-09-05,8,Lăng vua Khải Định,326,464,790,6.6732979678,train,False,observed_complete
2023-09-06,8,Lăng vua Khải Định,318,509,827,6.7190131544,train,False,observed_complete
2023-09-07,8,Lăng vua Khải Định,326,602,928,6.8341087388,train,False,observed_complete
2023-09-08,8,Lăng vua Khải Định,388,778,1166,7.0621916323,train,False,observed_complete
2023-09-09,8,Lăng vua Khải Định,517,520,1037,6.9450510637,train,False,observed_complete
2023-09-10,8,Lăng vua Khải Định,455,564,1019,6.9275579063,train,False,observed_complete
2023-09-11,8,Lăng vua Khải Định,406,634,1040,6.9479370686,train,False,observed_complete
2023-09-12,8,Lăng vua Khải Định,609,585,1194,7.0859014644,train,False,observed_complete
2023-09-13,8,Lăng vua Khải Định,422,555,977,6.8855096700,train,False,observed_complete
2023-09-14,8,Lăng vua Khải Định,297,444,741,6.6093492432,train,False,observed_complete
2023-09-15,8,Lăng vua Khải Định,360,575,935,6.8416154765,train,False,observed_complete
2023-09-16,8,Lăng vua Khải Định,476,599,1075,6.9810057407,train,False,observed_complete
2023-09-17,8,Lăng vua Khải Định,421,596,1017,6.9255951971,train,False,observed_complete
2023-09-18,8,Lăng vua Khải Định,381,677,1058,6.9650803456,train,False,observed_complete
2023-09-19,8,Lăng vua Khải Định,454,627,1081,6.9865664594,train,False,observed_complete
2023-09-20,8,Lăng vua Khải Định,192,642,834,6.7274317249,train,False,observed_complete
2023-09-21,8,Lăng vua Khải Định,423,488,911,6.8156399901,train,False,observed_complete
2023-09-22,8,Lăng vua Khải Định,314,886,1200,7.0909098221,train,False,observed_complete
2023-09-23,8,Lăng vua Khải Định,422,488,910,6.8145428973,train,False,observed_complete
2023-09-24,8,Lăng vua Khải Định,459,569,1028,6.9363427358,train,False,observed_complete
2023-09-25,8,Lăng vua Khải Định,255,459,714,6.5722825427,train,False,observed_complete
2023-09-26,8,Lăng vua Khải Định,555,488,1043,6.9508147684,train,False,observed_complete
2023-09-27,8,Lăng vua Khải Định,422,832,1254,7.1348908516,train,False,observed_complete
2023-09-28,8,Lăng vua Khải Định,315,337,652,6.4815771293,train,False,observed_complete
2023-09-29,8,Lăng vua Khải Định,358,827,1185,7.0783415796,train,False,observed_complete
2023-09-30,8,Lăng vua Khải Định,289,670,959,6.8669332845,train,False,observed_complete
2023-10-01,8,Lăng vua Khải Định,645,535,1180,7.0741168162,train,False,observed_complete
2023-10-02,8,Lăng vua Khải Định,329,677,1006,6.9147308927,train,False,observed_complete
2023-10-03,8,Lăng vua Khải Định,302,271,573,6.3526293963,train,False,observed_complete
2023-10-04,8,Lăng vua Khải Định,229,618,847,6.7428806358,train,False,observed_complete
2023-10-05,8,Lăng vua Khải Định,296,541,837,6.7310181005,train,False,observed_complete
2023-10-06,8,Lăng vua Khải Định,252,629,881,6.7821920560,train,False,observed_complete
2023-10-07,8,Lăng vua Khải Định,520,728,1248,7.1300985101,train,False,observed_complete
2023-10-08,8,Lăng vua Khải Định,394,1098,1492,7.3085427975,train,False,observed_complete
2023-10-09,8,Lăng vua Khải Định,412,626,1038,6.9460139911,train,False,observed_complete
2023-10-10,8,Lăng vua Khải Định,185,580,765,6.6411821697,train,False,observed_complete
2023-10-11,8,Lăng vua Khải Định,333,664,997,6.9057532763,train,False,observed_complete
2023-10-12,8,Lăng vua Khải Định,268,583,851,6.7475865268,train,False,observed_complete
2023-10-13,8,Lăng vua Khải Định,96,470,566,6.3403593037,train,False,observed_complete
2023-10-14,8,Lăng vua Khải Định,218,849,1067,6.9735430195,train,False,observed_complete
2023-10-15,8,Lăng vua Khải Định,172,737,909,6.8134445995,train,False,observed_complete
2023-10-16,8,Lăng vua Khải Định,215,672,887,6.7889717430,train,False,observed_complete
2023-10-17,8,Lăng vua Khải Định,159,644,803,6.6895992692,train,False,observed_complete
2023-10-18,8,Lăng vua Khải Định,128,733,861,6.7592552707,train,False,observed_complete
2023-10-19,8,Lăng vua Khải Định,469,439,908,6.8123450942,train,False,observed_complete
2023-10-20,8,Lăng vua Khải Định,288,841,1129,7.0299729117,train,False,observed_complete
2023-10-21,8,Lăng vua Khải Định,207,887,1094,6.9985096423,train,False,observed_complete
2023-10-22,8,Lăng vua Khải Định,478,807,1285,7.1592919048,train,False,observed_complete
2023-10-23,8,Lăng vua Khải Định,177,609,786,6.6682282484,train,False,observed_complete
2023-10-24,8,Lăng vua Khải Định,310,543,853,6.7499311938,train,False,observed_complete
2023-10-25,8,Lăng vua Khải Định,285,793,1078,6.9837899653,train,False,observed_complete
2023-10-26,8,Lăng vua Khải Định,273,822,1095,6.9994224675,train,False,observed_complete
2023-10-27,8,Lăng vua Khải Định,209,1086,1295,7.1670378769,train,False,observed_complete
2023-10-28,8,Lăng vua Khải Định,402,745,1147,7.0457765769,train,False,observed_complete
2023-10-29,8,Lăng vua Khải Định,273,681,954,6.8617113405,train,False,observed_complete
2023-10-30,8,Lăng vua Khải Định,250,621,871,6.7707894239,train,False,observed_complete
2023-10-31,8,Lăng vua Khải Định,141,616,757,6.6306833856,train,False,observed_complete
2023-11-01,8,Lăng vua Khải Định,267,655,922,6.8276292345,train,False,observed_complete
2023-11-02,8,Lăng vua Khải Định,226,841,1067,6.9735430195,train,False,observed_complete
2023-11-03,8,Lăng vua Khải Định,279,921,1200,7.0909098221,train,False,observed_complete
2023-11-04,8,Lăng vua Khải Định,428,1080,1508,7.3192024588,train,False,observed_complete
2023-11-05,8,Lăng vua Khải Định,337,825,1162,7.0587581525,train,False,observed_complete
2023-11-06,8,Lăng vua Khải Định,206,1103,1309,7.1777824162,train,False,observed_complete
2023-11-07,8,Lăng vua Khải Định,154,823,977,6.8855096700,train,False,observed_complete
2023-11-08,8,Lăng vua Khải Định,127,774,901,6.8046145201,train,False,observed_complete
2023-11-09,8,Lăng vua Khải Định,211,837,1048,6.9555926084,train,False,observed_complete
2023-11-10,8,Lăng vua Khải Định,253,895,1148,7.0466472778,train,False,observed_complete
2023-11-11,8,Lăng vua Khải Định,440,1134,1574,7.3620105513,train,False,observed_complete
2023-11-12,8,Lăng vua Khải Định,465,923,1388,7.2363393428,train,False,observed_complete
2023-11-13,8,Lăng vua Khải Định,240,814,1054,6.9612960459,train,False,observed_complete
2023-11-14,8,Lăng vua Khải Định,171,1018,1189,7.0817085861,train,False,observed_complete
2023-11-15,8,Lăng vua Khải Định,0,19,19,2.9957322736,train,False,observed_complete
2023-11-16,8,Lăng vua Khải Định,131,464,595,6.3902406671,train,False,observed_complete
2023-11-17,8,Lăng vua Khải Định,153,841,994,6.9027427372,train,False,observed_complete
2023-11-18,8,Lăng vua Khải Định,353,915,1268,7.1459844677,train,False,observed_complete
2023-11-19,8,Lăng vua Khải Định,242,1115,1357,7.2137683081,train,False,observed_complete
2023-11-20,8,Lăng vua Khải Định,126,1311,1437,7.2710085383,train,False,observed_complete
2023-11-21,8,Lăng vua Khải Định,120,1204,1324,7.1891677384,train,False,observed_complete
2023-11-22,8,Lăng vua Khải Định,95,973,1068,6.9744789110,train,False,observed_complete
2023-11-23,8,Lăng vua Khải Định,329,949,1278,7.1538338016,train,False,observed_complete
2023-11-24,8,Lăng vua Khải Định,262,1038,1300,7.1708884785,train,False,observed_complete
2023-11-25,8,Lăng vua Khải Định,283,1163,1446,7.2772477266,train,False,observed_complete
2023-11-26,8,Lăng vua Khải Định,470,1020,1490,7.3072023148,train,False,observed_complete
2023-11-27,8,Lăng vua Khải Định,334,853,1187,7.0800264999,train,False,observed_complete
2023-11-28,8,Lăng vua Khải Định,166,1044,1210,7.0992017436,train,False,observed_complete
2023-11-29,8,Lăng vua Khải Định,446,1030,1476,7.2977682825,train,False,observed_complete
2023-11-30,8,Lăng vua Khải Định,241,969,1210,7.0992017436,train,False,observed_complete
2023-12-01,8,Lăng vua Khải Định,285,753,1038,6.9460139911,train,False,observed_complete
2023-12-02,8,Lăng vua Khải Định,305,1186,1491,7.3078727808,train,False,observed_complete
2023-12-03,8,Lăng vua Khải Định,170,1153,1323,7.1884127365,train,False,observed_complete
2023-12-04,8,Lăng vua Khải Định,204,858,1062,6.9688503783,train,False,observed_complete
2023-12-05,8,Lăng vua Khải Định,233,998,1231,7.1163941441,train,False,observed_complete
2023-12-06,8,Lăng vua Khải Định,311,986,1297,7.1685798973,train,False,observed_complete
2023-12-07,8,Lăng vua Khải Định,179,975,1154,7.0518556230,train,False,observed_complete
2023-12-08,8,Lăng vua Khải Định,726,681,1407,7.2499255367,train,False,observed_complete
2023-12-09,8,Lăng vua Khải Định,659,880,1539,7.3395376954,train,False,observed_complete
2023-12-10,8,Lăng vua Khải Định,380,945,1325,7.1899221707,train,False,observed_complete
2023-12-11,8,Lăng vua Khải Định,437,869,1306,7.1754897136,train,False,observed_complete
2023-12-12,8,Lăng vua Khải Định,460,737,1197,7.0884087787,train,False,observed_complete
2023-12-13,8,Lăng vua Khải Định,553,970,1523,7.3290937362,train,False,observed_complete
2023-12-14,8,Lăng vua Khải Định,323,812,1135,7.0352685993,train,False,observed_complete
2023-12-15,8,Lăng vua Khải Định,302,873,1175,7.0698741285,train,False,observed_complete
2023-12-16,8,Lăng vua Khải Định,383,930,1313,7.1808311990,train,False,observed_complete
2023-12-17,8,Lăng vua Khải Định,190,1090,1280,7.1553963019,train,False,observed_complete
2023-12-18,8,Lăng vua Khải Định,228,978,1206,7.0958932211,train,False,observed_complete
2023-12-19,8,Lăng vua Khải Định,272,857,1129,7.0299729117,train,False,observed_complete
2023-12-20,8,Lăng vua Khải Định,383,576,959,6.8669332845,train,False,observed_complete
2023-12-21,8,Lăng vua Khải Định,408,721,1129,7.0299729117,train,False,observed_complete
2023-12-22,8,Lăng vua Khải Định,213,791,1004,6.9127428205,train,False,observed_complete
2023-12-23,8,Lăng vua Khải Định,373,1072,1445,7.2765564027,train,False,observed_complete
2023-12-24,8,Lăng vua Khải Định,374,992,1366,7.2203738367,train,False,observed_complete
2023-12-25,8,Lăng vua Khải Định,263,1097,1360,7.2159750027,train,False,observed_complete
2023-12-26,8,Lăng vua Khải Định,329,1152,1481,7.3011478059,train,False,observed_complete
2023-12-27,8,Lăng vua Khải Định,307,1403,1710,7.4448332739,train,False,observed_complete
2023-12-28,8,Lăng vua Khải Định,284,1186,1470,7.2936977206,train,False,observed_complete
2023-12-29,8,Lăng vua Khải Định,385,1244,1629,7.3963352938,train,False,observed_complete
2023-12-30,8,Lăng vua Khải Định,754,1404,2158,7.6774004305,train,False,observed_complete
2023-12-31,8,Lăng vua Khải Định,1624,883,2507,7.8272409018,train,False,observed_complete
2024-01-01,8,Lăng vua Khải Định,390,1175,1565,7.3562798766,train,False,observed_complete
2024-01-02,8,Lăng vua Khải Định,232,1191,1423,7.2612250920,train,False,observed_complete
2024-01-03,8,Lăng vua Khải Định,326,1009,1335,7.1974353541,train,False,observed_complete
2024-01-04,8,Lăng vua Khải Định,337,1133,1470,7.2936977206,train,False,observed_complete
2024-01-05,8,Lăng vua Khải Định,419,1064,1483,7.3024964237,train,False,observed_complete
2024-01-06,8,Lăng vua Khải Định,522,1117,1639,7.4024515208,train,False,observed_complete
2024-01-07,8,Lăng vua Khải Định,386,981,1367,7.2211050982,train,False,observed_complete
2024-01-08,8,Lăng vua Khải Định,377,784,1161,7.0578979374,train,False,observed_complete
2024-01-09,8,Lăng vua Khải Định,218,840,1058,6.9650803456,train,False,observed_complete
2024-01-10,8,Lăng vua Khải Định,261,839,1100,7.0039741367,train,False,observed_complete
2024-01-11,8,Lăng vua Khải Định,410,789,1199,7.0900768358,train,False,observed_complete
2024-01-12,8,Lăng vua Khải Định,390,879,1269,7.1467721795,train,False,observed_complete
2024-01-13,8,Lăng vua Khải Định,482,885,1367,7.2211050982,train,False,observed_complete
2024-01-14,8,Lăng vua Khải Định,657,977,1634,7.3993980833,train,False,observed_complete
2024-01-15,8,Lăng vua Khải Định,296,1088,1384,7.2334554186,train,False,observed_complete
2024-01-16,8,Lăng vua Khải Định,216,934,1150,7.0483864087,train,False,observed_complete
2024-01-17,8,Lăng vua Khải Định,497,1151,1648,7.4079243226,train,False,observed_complete
2024-01-18,8,Lăng vua Khải Định,262,839,1101,7.0048819897,train,False,observed_complete
2024-01-19,8,Lăng vua Khải Định,307,971,1278,7.1538338016,train,False,observed_complete
2024-01-20,8,Lăng vua Khải Định,265,1338,1603,7.3802557884,train,False,observed_complete
2024-01-21,8,Lăng vua Khải Định,417,1130,1547,7.3447190541,train,False,observed_complete
2024-01-22,8,Lăng vua Khải Định,400,1035,1435,7.2696167496,train,False,observed_complete
2024-01-23,8,Lăng vua Khải Định,214,808,1022,6.9304947660,train,False,observed_complete
2024-01-24,8,Lăng vua Khải Định,118,957,1075,6.9810057407,train,False,observed_complete
2024-01-25,8,Lăng vua Khải Định,138,925,1063,6.9697906699,train,False,observed_complete
2024-01-26,8,Lăng vua Khải Định,386,684,1070,6.9763480704,train,False,observed_complete
2024-01-27,8,Lăng vua Khải Định,167,1159,1326,7.1906760343,train,False,observed_complete
2024-01-28,8,Lăng vua Khải Định,265,1001,1266,7.1444071803,train,False,observed_complete
2024-01-29,8,Lăng vua Khải Định,240,991,1231,7.1163941441,train,False,observed_complete
2024-01-30,8,Lăng vua Khải Định,171,1020,1191,7.0833878476,train,False,observed_complete
2024-01-31,8,Lăng vua Khải Định,214,821,1035,6.9431224228,train,False,observed_complete
2024-02-01,8,Lăng vua Khải Định,110,884,994,6.9027427372,train,False,observed_complete
2024-02-02,8,Lăng vua Khải Định,197,691,888,6.7900972355,train,False,observed_complete
2024-02-03,8,Lăng vua Khải Định,186,809,995,6.9037472576,train,False,observed_complete
2024-02-04,8,Lăng vua Khải Định,258,886,1144,7.0431599160,train,False,observed_complete
2024-02-05,8,Lăng vua Khải Định,311,733,1044,6.9517721644,train,False,observed_complete
2024-02-06,8,Lăng vua Khải Định,242,616,858,6.7557689220,train,False,observed_complete
2024-02-07,8,Lăng vua Khải Định,204,621,825,6.7165947735,train,False,observed_complete
2024-02-08,8,Lăng vua Khải Định,149,548,697,6.5482191028,train,False,observed_complete
2024-02-09,8,Lăng vua Khải Định,191,496,687,6.5337888379,train,False,observed_complete
2024-02-10,8,Lăng vua Khải Định,6,855,861,6.7592552707,train,False,observed_complete
2024-02-11,8,Lăng vua Khải Định,23,1025,1048,6.9555926084,train,False,observed_complete
2024-02-12,8,Lăng vua Khải Định,0,1115,1115,7.0175061429,train,False,observed_complete
2024-02-13,8,Lăng vua Khải Định,1663,1130,2793,7.9352295398,train,False,observed_complete
2024-02-14,8,Lăng vua Khải Định,1916,818,2734,7.9138867149,train,False,observed_complete
2024-02-15,8,Lăng vua Khải Định,1191,1123,2314,7.7471649665,train,False,observed_complete
2024-02-16,8,Lăng vua Khải Định,1195,1143,2338,7.7574787666,train,False,observed_complete
2024-02-17,8,Lăng vua Khải Định,1160,1165,2325,7.7519053331,train,False,observed_complete
2024-02-18,8,Lăng vua Khải Định,948,840,1788,7.4894120835,train,False,observed_complete
2024-02-19,8,Lăng vua Khải Định,401,791,1192,7.0842264221,train,False,observed_complete
2024-02-20,8,Lăng vua Khải Định,674,1047,1721,7.4512416850,train,False,observed_complete
2024-02-21,8,Lăng vua Khải Định,411,1167,1578,7.3645470143,train,False,observed_complete
2024-02-22,8,Lăng vua Khải Định,375,1308,1683,7.4289271948,train,False,observed_complete
2024-02-23,8,Lăng vua Khải Định,522,1156,1678,7.4259536571,train,False,observed_complete
2024-02-24,8,Lăng vua Khải Định,702,1250,1952,7.5771219309,train,False,observed_complete
2024-02-25,8,Lăng vua Khải Định,575,1494,2069,7.6353038863,train,False,observed_complete
2024-02-26,8,Lăng vua Khải Định,474,1398,1872,7.5352967024,train,False,observed_complete
2024-02-27,8,Lăng vua Khải Định,634,977,1611,7.3852309231,train,False,observed_complete
2024-02-28,8,Lăng vua Khải Định,486,1584,2070,7.6357868614,train,False,observed_complete
2024-02-29,8,Lăng vua Khải Định,454,1461,1915,7.5579949585,train,False,observed_complete
2024-03-01,8,Lăng vua Khải Định,380,1249,1629,7.3963352938,train,False,observed_complete
2024-03-02,8,Lăng vua Khải Định,981,1549,2530,7.8363697605,train,False,observed_complete
2024-03-03,8,Lăng vua Khải Định,725,1251,1976,7.5893358232,train,False,observed_complete
2024-03-04,8,Lăng vua Khải Định,913,1449,2362,7.7676872772,train,False,observed_complete
2024-03-05,8,Lăng vua Khải Định,570,1099,1669,7.4205789054,train,False,observed_complete
2024-03-06,8,Lăng vua Khải Định,715,1115,1830,7.5126175447,train,False,observed_complete
2024-03-07,8,Lăng vua Khải Định,525,1295,1820,7.5071410797,train,False,observed_complete
2024-03-08,8,Lăng vua Khải Định,408,1228,1636,7.4006205774,train,False,observed_complete
2024-03-09,8,Lăng vua Khải Định,818,1954,2772,7.9276850456,train,False,observed_complete
2024-03-10,8,Lăng vua Khải Định,544,1501,2045,7.6236419465,train,False,observed_complete
2024-03-11,8,Lăng vua Khải Định,573,1373,1946,7.5740450054,train,False,observed_complete
2024-03-12,8,Lăng vua Khải Định,498,1432,1930,7.5657932824,train,False,observed_complete
2024-03-13,8,Lăng vua Khải Định,375,1385,1760,7.4736371085,train,False,observed_complete
2024-03-14,8,Lăng vua Khải Định,324,1234,1558,7.3517998691,train,False,observed_complete
2024-03-15,8,Lăng vua Khải Định,594,1472,2066,7.6338535597,train,False,observed_complete
2024-03-16,8,Lăng vua Khải Định,954,1523,2477,7.8152070622,train,False,observed_complete
2024-03-17,8,Lăng vua Khải Định,617,1248,1865,7.5315523814,train,False,observed_complete
2024-03-18,8,Lăng vua Khải Định,607,1182,1789,7.4899708988,train,False,observed_complete
2024-03-19,8,Lăng vua Khải Định,438,1291,1729,7.4558766875,train,False,observed_complete
2024-03-20,8,Lăng vua Khải Định,464,1170,1634,7.3993980833,train,False,observed_complete
2024-03-21,8,Lăng vua Khải Định,655,1368,2023,7.6128310304,train,False,observed_complete
2024-03-22,8,Lăng vua Khải Định,1234,929,2163,7.6797136400,train,False,observed_complete
2024-03-23,8,Lăng vua Khải Định,692,1164,1856,7.5267175614,train,False,observed_complete
2024-03-24,8,Lăng vua Khải Định,557,1043,1600,7.3783837130,train,False,observed_complete
2024-03-25,8,Lăng vua Khải Định,743,1051,1794,7.4927603009,train,False,observed_complete
2024-03-26,8,Lăng vua Khải Định,15,971,986,6.8946700394,train,False,observed_complete
2024-03-27,8,Lăng vua Khải Định,514,1214,1728,7.4552984857,train,False,observed_complete
2024-03-28,8,Lăng vua Khải Định,471,1110,1581,7.3664451483,train,False,observed_complete
2024-03-29,8,Lăng vua Khải Định,157,325,482,6.1800166537,train,False,observed_complete
2024-03-30,8,Lăng vua Khải Định,939,1302,2241,7.7151236036,train,False,observed_complete
2024-03-31,8,Lăng vua Khải Định,770,925,1695,7.4360278164,train,False,observed_complete
2024-04-01,8,Lăng vua Khải Định,606,997,1603,7.3802557884,train,False,observed_complete
2024-04-02,8,Lăng vua Khải Định,800,887,1687,7.4312996752,train,False,observed_complete
2024-04-03,8,Lăng vua Khải Định,639,773,1412,7.2534703827,train,False,observed_complete
2024-04-04,8,Lăng vua Khải Định,411,781,1192,7.0842264221,train,False,observed_complete
2024-04-05,8,Lăng vua Khải Định,563,812,1375,7.2269360185,train,False,observed_complete
2024-04-06,8,Lăng vua Khải Định,1117,957,2074,7.6377164327,train,False,observed_complete
2024-04-07,8,Lăng vua Khải Định,867,857,1724,7.4529823295,train,False,observed_complete
2024-04-08,8,Lăng vua Khải Định,286,979,1265,7.1436176027,train,False,observed_complete
2024-04-09,8,Lăng vua Khải Định,430,1061,1491,7.3078727808,train,False,observed_complete
2024-04-10,8,Lăng vua Khải Định,221,975,1196,7.0875737056,train,False,observed_complete
2024-04-11,8,Lăng vua Khải Định,353,1124,1477,7.2984451015,train,False,observed_complete
2024-04-12,8,Lăng vua Khải Định,541,1019,1560,7.3530819205,train,False,observed_complete
2024-04-13,8,Lăng vua Khải Định,929,1034,1963,7.5827384889,train,False,observed_complete
2024-04-14,8,Lăng vua Khải Định,760,932,1692,7.4342573821,train,False,observed_complete
2024-04-15,8,Lăng vua Khải Định,531,1016,1547,7.3447190541,train,False,observed_complete
2024-04-16,8,Lăng vua Khải Định,608,1159,1767,7.4776042432,train,False,observed_complete
2024-04-17,8,Lăng vua Khải Định,443,785,1228,7.1139561096,train,False,observed_complete
2024-04-18,8,Lăng vua Khải Định,818,791,1609,7.3839894580,train,False,observed_complete
2024-04-19,8,Lăng vua Khải Định,706,733,1439,7.2723983926,train,False,observed_complete
2024-04-20,8,Lăng vua Khải Định,850,998,1848,7.5224002314,train,False,observed_complete
2024-04-21,8,Lăng vua Khải Định,502,955,1457,7.2848209126,train,False,observed_complete
2024-04-22,8,Lăng vua Khải Định,421,856,1277,7.1530516349,train,False,observed_complete
2024-04-23,8,Lăng vua Khải Định,398,688,1086,6.9911768871,train,False,observed_complete
2024-04-24,8,Lăng vua Khải Định,604,626,1230,7.1155821262,train,False,observed_complete
2024-04-25,8,Lăng vua Khải Định,496,809,1305,7.1747243098,train,False,observed_complete
2024-04-26,8,Lăng vua Khải Định,361,747,1108,7.0112139874,train,False,observed_complete
2024-04-27,8,Lăng vua Khải Định,1096,546,1642,7.4042791180,train,False,observed_complete
2024-04-28,8,Lăng vua Khải Định,1847,737,2584,7.8574807869,train,False,observed_complete
2024-04-29,8,Lăng vua Khải Định,1915,1014,2929,7.9827577020,train,False,observed_complete
2024-04-30,8,Lăng vua Khải Định,1482,625,2107,7.6534949097,train,False,observed_complete
2024-05-01,8,Lăng vua Khải Định,564,609,1173,7.0681720004,train,False,observed_complete
2024-05-02,8,Lăng vua Khải Định,398,780,1178,7.0724219005,train,False,observed_complete
2024-05-03,8,Lăng vua Khải Định,383,659,1042,6.9498564550,train,False,observed_complete
2024-05-04,8,Lăng vua Khải Định,447,787,1234,7.1188262491,train,False,observed_complete
2024-05-05,8,Lăng vua Khải Định,411,898,1309,7.1777824162,train,False,observed_complete
2024-05-06,8,Lăng vua Khải Định,305,676,981,6.8895913084,train,False,observed_complete
2024-05-07,8,Lăng vua Khải Định,610,446,1056,6.9631899859,train,False,observed_complete
2024-05-08,8,Lăng vua Khải Định,328,521,849,6.7452363495,train,False,observed_complete
2024-05-09,8,Lăng vua Khải Định,525,439,964,6.8721281013,train,False,observed_complete
2024-05-10,8,Lăng vua Khải Định,404,785,1189,7.0817085861,train,False,observed_complete
2024-05-11,8,Lăng vua Khải Định,648,607,1255,7.1356873470,train,False,observed_complete
2024-05-12,8,Lăng vua Khải Định,695,527,1222,7.1090621357,train,False,observed_complete
2024-05-13,8,Lăng vua Khải Định,733,480,1213,7.1016759716,train,False,observed_complete
2024-05-14,8,Lăng vua Khải Định,467,437,904,6.8079349437,train,False,observed_complete
2024-05-15,8,Lăng vua Khải Định,447,446,893,6.7957057752,train,False,observed_complete
2024-05-16,8,Lăng vua Khải Định,623,502,1125,7.0264268087,train,False,observed_complete
2024-05-17,8,Lăng vua Khải Định,705,577,1282,7.1569563646,train,False,observed_complete
2024-05-18,8,Lăng vua Khải Định,1065,508,1573,7.3613754290,train,False,observed_complete
2024-05-19,8,Lăng vua Khải Định,688,591,1279,7.1546153569,train,False,observed_complete
2024-05-20,8,Lăng vua Khải Định,634,555,1189,7.0817085861,train,False,observed_complete
2024-05-21,8,Lăng vua Khải Định,523,559,1082,6.9874902470,train,False,observed_complete
2024-05-22,8,Lăng vua Khải Định,817,396,1213,7.1016759716,train,False,observed_complete
2024-05-23,8,Lăng vua Khải Định,581,312,893,6.7957057752,train,False,observed_complete
2024-05-24,8,Lăng vua Khải Định,705,364,1069,6.9754139275,train,False,observed_complete
2024-05-25,8,Lăng vua Khải Định,1136,445,1581,7.3664451483,train,False,observed_complete
2024-05-26,8,Lăng vua Khải Định,1296,321,1617,7.3889460976,train,False,observed_complete
2024-05-27,8,Lăng vua Khải Định,540,378,918,6.8232861224,train,False,observed_complete
2024-05-28,8,Lăng vua Khải Định,550,410,960,6.8679744090,train,False,observed_complete
2024-05-29,8,Lăng vua Khải Định,789,469,1258,7.1380730340,train,False,observed_complete
2024-05-30,8,Lăng vua Khải Định,816,394,1210,7.0992017436,train,False,observed_complete
2024-05-31,8,Lăng vua Khải Định,1099,384,1483,7.3024964237,train,False,observed_complete
2024-06-01,8,Lăng vua Khải Định,963,375,1338,7.1996783457,train,False,observed_complete
2024-06-02,8,Lăng vua Khải Định,1165,352,1517,7.3251489580,train,False,observed_complete
2024-06-03,8,Lăng vua Khải Định,973,470,1443,7.2751723195,train,False,observed_complete
2024-06-04,8,Lăng vua Khải Định,1187,202,1389,7.2370590261,train,False,observed_complete
2024-06-05,8,Lăng vua Khải Định,1065,313,1378,7.2291138778,train,False,observed_complete
2024-06-06,8,Lăng vua Khải Định,1090,275,1365,7.2196420401,train,False,observed_complete
2024-06-07,8,Lăng vua Khải Định,1464,272,1736,7.4599147662,train,False,observed_complete
2024-06-08,8,Lăng vua Khải Định,1261,397,1658,7.4139702902,train,False,observed_complete
2024-06-09,8,Lăng vua Khải Định,1154,290,1444,7.2758646005,train,False,observed_complete
2024-06-10,8,Lăng vua Khải Định,1077,369,1446,7.2772477266,train,False,observed_complete
2024-06-11,8,Lăng vua Khải Định,1470,338,1808,7.5005294854,train,False,observed_complete
2024-06-12,8,Lăng vua Khải Định,1598,287,1885,7.5422134632,train,False,observed_complete
2024-06-13,8,Lăng vua Khải Định,1339,339,1678,7.4259536571,train,False,observed_complete
2024-06-14,8,Lăng vua Khải Định,2044,264,2308,7.7445698094,train,False,observed_complete
2024-06-15,8,Lăng vua Khải Định,1582,314,1896,7.5480289699,train,False,observed_complete
2024-06-16,8,Lăng vua Khải Định,1449,514,1963,7.5827384889,train,False,observed_complete
2024-06-17,8,Lăng vua Khải Định,1394,349,1743,7.4639366045,train,False,observed_complete
2024-06-18,8,Lăng vua Khải Định,1657,273,1930,7.5657932824,train,False,observed_complete
2024-06-19,8,Lăng vua Khải Định,1290,320,1610,7.3846103832,train,False,observed_complete
2024-06-20,8,Lăng vua Khải Định,1118,384,1502,7.3152183898,train,False,observed_complete
2024-06-21,8,Lăng vua Khải Định,1331,302,1633,7.3987862754,train,False,observed_complete
2024-06-22,8,Lăng vua Khải Định,1537,433,1970,7.5862963072,train,False,observed_complete
2024-06-23,8,Lăng vua Khải Định,1616,436,2052,7.6270574170,train,False,observed_complete
2024-06-24,8,Lăng vua Khải Định,1309,519,1828,7.5115246484,train,False,observed_complete
2024-06-25,8,Lăng vua Khải Định,1435,184,1619,7.3901814282,train,False,observed_complete
2024-06-26,8,Lăng vua Khải Định,1102,324,1426,7.2633296175,train,False,observed_complete
2024-06-27,8,Lăng vua Khải Định,1383,347,1730,7.4564545552,train,False,observed_complete
2024-06-28,8,Lăng vua Khải Định,1453,196,1649,7.4085305669,train,False,observed_complete
2024-06-29,8,Lăng vua Khải Định,1308,453,1761,7.4742048065,train,False,observed_complete
2024-06-30,8,Lăng vua Khải Định,1443,329,1772,7.4804283061,train,False,observed_complete
2024-07-01,8,Lăng vua Khải Định,1651,217,1868,7.5331588075,train,False,observed_complete
2024-07-02,8,Lăng vua Khải Định,1464,273,1737,7.4604903058,train,False,observed_complete
2024-07-03,8,Lăng vua Khải Định,1471,321,1792,7.4916454736,train,False,observed_complete
2024-07-04,8,Lăng vua Khải Định,1581,226,1807,7.4999765410,train,False,observed_complete
2024-07-05,8,Lăng vua Khải Định,1414,344,1758,7.4725007447,train,False,observed_complete
2024-07-06,8,Lăng vua Khải Định,1600,463,2063,7.6324011266,train,False,observed_complete
2024-07-07,8,Lăng vua Khải Định,1417,174,1591,7.3727463664,train,False,observed_complete
2024-07-08,8,Lăng vua Khải Định,1267,478,1745,7.4650827364,train,False,observed_complete
2024-07-09,8,Lăng vua Khải Định,1421,348,1769,7.4787348256,train,False,observed_complete
2024-07-10,8,Lăng vua Khải Định,1397,455,1852,7.5245612263,train,False,observed_complete
2024-07-11,8,Lăng vua Khải Định,1690,603,2293,7.7380522977,train,False,observed_complete
2024-07-12,8,Lăng vua Khải Định,2028,463,2491,7.8208408799,train,False,observed_complete
2024-07-13,8,Lăng vua Khải Định,1765,596,2361,7.7672639968,train,False,observed_complete
2024-07-14,8,Lăng vua Khải Định,1900,401,2301,7.7415335893,train,False,observed_complete
2024-07-15,8,Lăng vua Khải Định,1946,386,2332,7.7549102720,train,False,observed_complete
2024-07-16,8,Lăng vua Khải Định,1849,419,2268,7.7270944848,train,False,observed_complete
2024-07-17,8,Lăng vua Khải Định,1776,507,2283,7.7336835708,train,False,observed_complete
2024-07-18,8,Lăng vua Khải Định,2150,355,2505,7.8264431355,train,False,observed_complete
2024-07-19,8,Lăng vua Khải Định,1556,459,2015,7.6088706292,train,False,observed_complete
2024-07-20,8,Lăng vua Khải Định,1991,551,2542,7.8410997654,train,False,observed_complete
2024-07-21,8,Lăng vua Khải Định,1833,597,2430,7.7960579743,train,False,observed_complete
2024-07-22,8,Lăng vua Khải Định,1873,465,2338,7.7574787666,train,False,observed_complete
2024-07-23,8,Lăng vua Khải Định,1317,528,1845,7.5207764151,train,False,observed_complete
2024-07-24,8,Lăng vua Khải Định,1422,527,1949,7.5755846516,train,False,observed_complete
2024-07-25,8,Lăng vua Khải Định,1246,454,1700,7.4389715924,train,False,observed_complete
2024-07-26,8,Lăng vua Khải Định,1615,657,2272,7.7288558239,train,False,observed_complete
2024-07-27,8,Lăng vua Khải Định,1934,437,2371,7.7714887601,train,False,observed_complete
2024-07-28,8,Lăng vua Khải Định,2152,215,2367,7.7698009960,train,False,observed_complete
2024-07-29,8,Lăng vua Khải Định,1445,473,1918,7.5595594960,train,False,observed_complete
2024-07-30,8,Lăng vua Khải Định,1621,476,2097,7.6487397890,train,False,observed_complete
2024-07-31,8,Lăng vua Khải Định,1259,491,1750,7.4679423323,train,False,observed_complete
2024-08-01,8,Lăng vua Khải Định,1315,565,1880,7.5395588293,train,False,observed_complete
2024-08-02,8,Lăng vua Khải Định,1289,436,1725,7.4535618716,train,False,observed_complete
2024-08-03,8,Lăng vua Khải Định,1365,507,1872,7.5352967024,train,False,observed_complete
2024-08-04,8,Lăng vua Khải Định,1390,426,1816,7.5049420684,train,False,observed_complete
2024-08-05,8,Lăng vua Khải Định,908,577,1485,7.3038432253,train,False,observed_complete
2024-08-06,8,Lăng vua Khải Định,725,712,1437,7.2710085383,train,False,observed_complete
2024-08-07,8,Lăng vua Khải Định,1044,617,1661,7.4157769754,train,False,observed_complete
2024-08-08,8,Lăng vua Khải Định,1072,713,1785,7.4877337614,train,False,observed_complete
2024-08-09,8,Lăng vua Khải Định,1063,759,1822,7.5082387747,train,False,observed_complete
2024-08-10,8,Lăng vua Khải Định,1608,525,2133,7.6657534319,train,False,observed_complete
2024-08-11,8,Lăng vua Khải Định,1405,735,2140,7.6690282886,train,False,observed_complete
2024-08-12,8,Lăng vua Khải Định,837,760,1597,7.3765081263,train,False,observed_complete
2024-08-13,8,Lăng vua Khải Định,859,700,1559,7.3524411002,train,False,observed_complete
2024-08-14,8,Lăng vua Khải Định,755,766,1521,7.3277805384,train,False,observed_complete
2024-08-15,8,Lăng vua Khải Định,684,733,1417,7.2570027071,train,False,observed_complete
2024-08-16,8,Lăng vua Khải Định,995,754,1749,7.4673710669,train,False,observed_complete
2024-08-17,8,Lăng vua Khải Định,1085,759,1844,7.5202345565,train,False,observed_complete
2024-08-18,8,Lăng vua Khải Định,838,802,1640,7.4030610911,train,False,observed_complete
2024-08-19,8,Lăng vua Khải Định,606,1039,1645,7.4061033812,train,False,observed_complete
2024-08-20,8,Lăng vua Khải Định,601,721,1322,7.1876571641,train,False,observed_complete
2024-08-21,8,Lăng vua Khải Định,809,808,1617,7.3889460976,train,False,observed_complete
2024-08-22,8,Lăng vua Khải Định,972,460,1432,7.2675254278,train,False,observed_complete
2024-08-23,8,Lăng vua Khải Định,922,669,1591,7.3727463664,train,False,observed_complete
2024-08-24,8,Lăng vua Khải Định,1346,592,1938,7.5699276552,train,False,observed_complete
2024-08-25,8,Lăng vua Khải Định,985,569,1554,7.3492308246,train,False,observed_complete
2024-08-26,8,Lăng vua Khải Định,636,659,1295,7.1670378769,train,False,observed_complete
2024-08-27,8,Lăng vua Khải Định,550,422,972,6.8803840822,train,False,observed_complete
2024-08-28,8,Lăng vua Khải Định,612,388,1000,6.9087547793,train,False,observed_complete
2024-08-29,8,Lăng vua Khải Định,358,385,743,6.6120410348,train,False,observed_complete
2024-08-30,8,Lăng vua Khải Định,892,257,1149,7.0475172214,train,False,observed_complete
2024-08-31,8,Lăng vua Khải Định,1377,393,1770,7.4792996378,train,False,observed_complete
2024-09-01,8,Lăng vua Khải Định,2083,383,2466,7.8107581165,train,False,observed_complete
2024-09-02,8,Lăng vua Khải Định,26,550,576,6.3578422665,train,False,observed_complete
2024-09-03,8,Lăng vua Khải Định,608,405,1013,6.9216581842,train,False,observed_complete
2024-09-04,8,Lăng vua Khải Định,263,420,683,6.5279579176,train,False,observed_complete
2024-09-05,8,Lăng vua Khải Định,405,223,628,6.4441312567,train,False,observed_complete
2024-09-06,8,Lăng vua Khải Định,493,384,877,6.7776465936,train,False,observed_complete
2024-09-07,8,Lăng vua Khải Định,580,448,1028,6.9363427358,train,False,observed_complete
2024-09-08,8,Lăng vua Khải Định,279,804,1083,6.9884131820,train,False,observed_complete
2024-09-09,8,Lăng vua Khải Định,289,503,792,6.6758232216,train,False,observed_complete
2024-09-10,8,Lăng vua Khải Định,276,546,822,6.7129562007,train,False,observed_complete
2024-09-11,8,Lăng vua Khải Định,239,603,842,6.7369669580,train,False,observed_complete
2024-09-12,8,Lăng vua Khải Định,284,397,681,6.5250296578,train,False,observed_complete
2024-09-13,8,Lăng vua Khải Định,510,348,858,6.7557689220,train,False,observed_complete
2024-09-14,8,Lăng vua Khải Định,475,551,1026,6.9343972099,train,False,observed_complete
2024-09-15,8,Lăng vua Khải Định,516,736,1252,7.1332959549,train,False,observed_complete
2024-09-16,8,Lăng vua Khải Định,259,660,919,6.8243736700,train,False,observed_complete
2024-09-17,8,Lăng vua Khải Định,431,761,1192,7.0842264221,train,False,observed_complete
2024-09-18,8,Lăng vua Khải Định,94,406,500,6.2166061011,train,False,observed_complete
2024-09-19,8,Lăng vua Khải Định,171,475,646,6.4723462945,train,False,observed_complete
2024-09-20,8,Lăng vua Khải Định,274,649,923,6.8287120716,train,False,observed_complete
2024-09-21,8,Lăng vua Khải Định,341,548,889,6.7912214627,train,False,observed_complete
2024-09-22,8,Lăng vua Khải Định,297,502,799,6.6846117277,train,False,observed_complete
2024-09-23,8,Lăng vua Khải Định,454,598,1052,6.9593985121,train,False,observed_complete
2024-09-24,8,Lăng vua Khải Định,252,419,671,6.5102583405,train,False,observed_complete
2024-09-25,8,Lăng vua Khải Định,708,296,1004,6.9127428205,train,False,observed_complete
2024-09-26,8,Lăng vua Khải Định,341,482,823,6.7141705299,train,False,observed_complete
2024-09-27,8,Lăng vua Khải Định,301,541,842,6.7369669580,train,False,observed_complete
2024-09-28,8,Lăng vua Khải Định,413,429,842,6.7369669580,train,False,observed_complete
2024-09-29,8,Lăng vua Khải Định,330,519,849,6.7452363495,train,False,observed_complete
2024-09-30,8,Lăng vua Khải Định,211,608,819,6.7093043403,train,False,observed_complete
2024-10-01,8,Lăng vua Khải Định,188,455,643,6.4676987261,train,False,observed_complete
2024-10-02,8,Lăng vua Khải Định,234,446,680,6.5235623061,train,False,observed_complete
2024-10-03,8,Lăng vua Khải Định,240,568,808,6.6957989171,train,False,observed_complete
2024-10-04,8,Lăng vua Khải Định,428,620,1048,6.9555926084,train,False,observed_complete
2024-10-05,8,Lăng vua Khải Định,456,729,1185,7.0783415796,train,False,observed_complete
2024-10-06,8,Lăng vua Khải Định,487,450,937,6.8437499490,train,False,observed_complete
2024-10-07,8,Lăng vua Khải Định,456,321,777,6.6567265242,train,False,observed_complete
2024-10-08,8,Lăng vua Khải Định,401,541,942,6.8490662826,train,False,observed_complete
2024-10-09,8,Lăng vua Khải Định,168,719,887,6.7889717430,train,False,observed_complete
2024-10-10,8,Lăng vua Khải Định,329,412,741,6.6093492432,train,False,observed_complete
2024-10-11,8,Lăng vua Khải Định,417,490,907,6.8112443786,train,False,observed_complete
2024-10-12,8,Lăng vua Khải Định,345,592,937,6.8437499490,train,False,observed_complete
2024-10-13,8,Lăng vua Khải Định,517,682,1199,7.0900768358,train,False,observed_complete
2024-10-14,8,Lăng vua Khải Định,288,688,976,6.8844866520,train,False,observed_complete
2024-10-15,8,Lăng vua Khải Định,379,470,849,6.7452363495,train,False,observed_complete
2024-10-16,8,Lăng vua Khải Định,146,755,901,6.8046145201,train,False,observed_complete
2024-10-17,8,Lăng vua Khải Định,549,701,1250,7.1316985105,train,False,observed_complete
2024-10-18,8,Lăng vua Khải Định,704,544,1248,7.1300985101,train,False,observed_complete
2024-10-19,8,Lăng vua Khải Định,421,704,1125,7.0264268087,train,False,observed_complete
2024-10-20,8,Lăng vua Khải Định,411,459,870,6.7696419769,train,False,observed_complete
2024-10-21,8,Lăng vua Khải Định,209,636,845,6.7405193596,train,False,observed_complete
2024-10-22,8,Lăng vua Khải Định,469,465,934,6.8405465293,train,False,observed_complete
2024-10-23,8,Lăng vua Khải Định,705,439,1144,7.0431599160,train,False,observed_complete
2024-10-24,8,Lăng vua Khải Định,228,602,830,6.7226297949,train,False,observed_complete
2024-10-25,8,Lăng vua Khải Định,400,786,1186,7.0791843946,train,False,observed_complete
2024-10-26,8,Lăng vua Khải Định,260,703,963,6.8710912946,train,False,observed_complete
2024-10-27,8,Lăng vua Khải Định,19,115,134,4.9052747784,train,False,observed_complete
2024-10-28,8,Lăng vua Khải Định,188,477,665,6.5012896705,train,False,observed_complete
2024-10-29,8,Lăng vua Khải Định,164,705,869,6.7684932116,train,False,observed_complete
2024-10-30,8,Lăng vua Khải Định,103,529,632,6.4504704221,train,False,observed_complete
2024-10-31,8,Lăng vua Khải Định,440,519,959,6.8669332845,train,False,observed_complete
2024-11-01,8,Lăng vua Khải Định,438,570,1008,6.9167150204,train,False,observed_complete
2024-11-02,8,Lăng vua Khải Định,620,599,1219,7.1066061377,train,False,observed_complete
2024-11-03,8,Lăng vua Khải Định,324,570,894,6.7968237183,train,False,observed_complete
2024-11-04,8,Lăng vua Khải Định,179,857,1036,6.9440872082,train,False,observed_complete
2024-11-05,8,Lăng vua Khải Định,127,619,746,6.6160651851,train,False,observed_complete
2024-11-06,8,Lăng vua Khải Định,199,837,1036,6.9440872082,train,False,observed_complete
2024-11-07,8,Lăng vua Khải Định,328,778,1106,7.0094089327,train,False,observed_complete
2024-11-08,8,Lăng vua Khải Định,410,972,1382,7.2320103317,train,False,observed_complete
2024-11-09,8,Lăng vua Khải Định,334,1006,1340,7.2011708833,train,False,observed_complete
2024-11-10,8,Lăng vua Khải Định,388,944,1332,7.1951873202,train,False,observed_complete
2024-11-11,8,Lăng vua Khải Định,257,1257,1514,7.3231707179,train,False,observed_complete
2024-11-12,8,Lăng vua Khải Định,133,1078,1211,7.1000271666,train,False,observed_complete
2024-11-13,8,Lăng vua Khải Định,501,974,1475,7.2970910052,train,False,observed_complete
2024-11-14,8,Lăng vua Khải Định,301,1073,1374,7.2262090101,train,False,observed_complete
2024-11-15,8,Lăng vua Khải Định,603,710,1313,7.1808311990,train,False,observed_complete
2024-11-16,8,Lăng vua Khải Định,319,1357,1676,7.4247617618,train,False,observed_complete
2024-11-17,8,Lăng vua Khải Định,247,1356,1603,7.3802557884,train,False,observed_complete
2024-11-18,8,Lăng vua Khải Định,261,1191,1452,7.2813856636,train,False,observed_complete
2024-11-19,8,Lăng vua Khải Định,216,958,1174,7.0690234266,train,False,observed_complete
2024-11-20,8,Lăng vua Khải Định,376,598,974,6.8824374710,train,False,observed_complete
2024-11-21,8,Lăng vua Khải Định,303,832,1135,7.0352685993,train,False,observed_complete
2024-11-22,8,Lăng vua Khải Định,438,969,1407,7.2499255367,train,False,observed_complete
2024-11-23,8,Lăng vua Khải Định,571,1081,1652,7.4103470978,train,False,observed_complete
2024-11-24,8,Lăng vua Khải Định,461,1049,1510,7.3205269623,train,False,observed_complete
2024-11-25,8,Lăng vua Khải Định,184,630,814,6.7031881132,train,False,observed_complete
2024-11-26,8,Lăng vua Khải Định,359,804,1163,7.0596176283,train,False,observed_complete
2024-11-27,8,Lăng vua Khải Định,350,727,1077,6.9828627515,train,False,observed_complete
2024-11-28,8,Lăng vua Khải Định,603,528,1131,7.0317412588,train,False,observed_complete
2024-11-29,8,Lăng vua Khải Định,496,675,1171,7.0664669701,train,False,observed_complete
2024-11-30,8,Lăng vua Khải Định,439,1068,1507,7.3185395486,train,False,observed_complete
2024-12-01,8,Lăng vua Khải Định,381,863,1244,7.1268908089,train,False,observed_complete
2024-12-02,8,Lăng vua Khải Định,301,868,1169,7.0647590278,train,False,observed_complete
2024-12-03,8,Lăng vua Khải Định,278,708,986,6.8946700394,train,False,observed_complete
2024-12-04,8,Lăng vua Khải Định,371,776,1147,7.0457765769,train,False,observed_complete
2024-12-05,8,Lăng vua Khải Định,500,654,1154,7.0518556230,train,False,observed_complete
2024-12-06,8,Lăng vua Khải Định,856,672,1528,7.3323692059,train,False,observed_complete
2024-12-07,8,Lăng vua Khải Định,366,1110,1476,7.2977682825,train,False,observed_complete
2024-12-08,8,Lăng vua Khải Định,625,738,1363,7.2181768384,train,False,observed_complete
2024-12-09,8,Lăng vua Khải Định,480,516,996,6.9047507700,train,False,observed_complete
2024-12-10,8,Lăng vua Khải Định,338,690,1028,6.9363427358,train,False,observed_complete
2024-12-11,8,Lăng vua Khải Định,252,668,920,6.8254600363,train,False,observed_complete
2024-12-12,8,Lăng vua Khải Định,172,668,840,6.7345916600,train,False,observed_complete
2024-12-13,8,Lăng vua Khải Định,351,710,1061,6.9679092018,train,False,observed_complete
2024-12-14,8,Lăng vua Khải Định,364,845,1209,7.0983756386,train,False,observed_complete
2024-12-15,8,Lăng vua Khải Định,646,449,1095,6.9994224675,train,False,observed_complete
2024-12-16,8,Lăng vua Khải Định,273,713,986,6.8946700394,train,False,observed_complete
2024-12-17,8,Lăng vua Khải Định,261,606,867,6.7661917147,train,False,observed_complete
2024-12-18,8,Lăng vua Khải Định,451,525,976,6.8844866520,train,False,observed_complete
2024-12-19,8,Lăng vua Khải Định,290,668,958,6.8658910749,train,False,observed_complete
2024-12-20,8,Lăng vua Khải Định,280,701,981,6.8895913084,train,False,observed_complete
2024-12-21,8,Lăng vua Khải Định,945,524,1469,7.2930176798,train,False,observed_complete
2024-12-22,8,Lăng vua Khải Định,710,925,1635,7.4000095172,train,False,observed_complete
2024-12-23,8,Lăng vua Khải Định,626,867,1493,7.3092123657,train,False,observed_complete
2024-12-24,8,Lăng vua Khải Định,262,789,1051,6.9584483933,train,False,observed_complete
2024-12-25,8,Lăng vua Khải Định,308,936,1244,7.1268908089,train,False,observed_complete
2024-12-26,8,Lăng vua Khải Định,425,1007,1432,7.2675254278,train,False,observed_complete
2024-12-27,8,Lăng vua Khải Định,372,1196,1568,7.3581937527,train,False,observed_complete
2024-12-28,8,Lăng vua Khải Định,444,1031,1475,7.2970910052,train,False,observed_complete
2024-12-29,8,Lăng vua Khải Định,652,1481,2133,7.6657534319,train,False,observed_complete
2024-12-30,8,Lăng vua Khải Định,629,1471,2100,7.6501687008,train,False,observed_complete
2024-12-31,8,Lăng vua Khải Định,825,870,1695,7.4360278164,train,False,observed_complete
2025-01-01,8,Lăng vua Khải Định,719,882,1601,7.3790081276,train,False,observed_complete
2025-01-02,8,Lăng vua Khải Định,394,1301,1695,7.4360278164,train,False,observed_complete
2025-01-03,8,Lăng vua Khải Định,365,1303,1668,7.4199799237,train,False,observed_complete
2025-01-04,8,Lăng vua Khải Định,566,1055,1621,7.3914152347,train,False,observed_complete
2025-01-05,8,Lăng vua Khải Định,542,775,1317,7.1838707151,train,False,observed_complete
2025-01-06,8,Lăng vua Khải Định,241,962,1203,7.0934046259,train,False,observed_complete
2025-01-07,8,Lăng vua Khải Định,412,957,1369,7.2225660188,train,False,observed_complete
2025-01-08,8,Lăng vua Khải Định,529,952,1481,7.3011478059,train,False,observed_complete
2025-01-09,8,Lăng vua Khải Định,214,731,945,6.8522425691,train,False,observed_complete
2025-01-10,8,Lăng vua Khải Định,281,762,1043,6.9508147684,train,False,observed_complete
2025-01-11,8,Lăng vua Khải Định,261,979,1240,7.1236727852,train,False,observed_complete
2025-01-12,8,Lăng vua Khải Định,895,757,1652,7.4103470978,train,False,observed_complete
2025-01-13,8,Lăng vua Khải Định,479,873,1352,7.2100796282,train,False,observed_complete
2025-01-14,8,Lăng vua Khải Định,297,941,1238,7.1220598816,train,False,observed_complete
2025-01-15,8,Lăng vua Khải Định,191,651,842,6.7369669580,train,False,observed_complete
2025-01-16,8,Lăng vua Khải Định,365,851,1216,7.1041440930,train,False,observed_complete
2025-01-17,8,Lăng vua Khải Định,352,1063,1415,7.2555912743,train,False,observed_complete
2025-01-18,8,Lăng vua Khải Định,393,1133,1526,7.3310603052,train,False,observed_complete
2025-01-19,8,Lăng vua Khải Định,448,858,1306,7.1754897136,train,False,observed_complete
2025-01-20,8,Lăng vua Khải Định,391,797,1188,7.0808678967,train,False,observed_complete
2025-01-21,8,Lăng vua Khải Định,315,887,1202,7.0925737160,train,False,observed_complete
2025-01-22,8,Lăng vua Khải Định,281,662,943,6.8501261661,train,False,observed_complete
2025-01-23,8,Lăng vua Khải Định,294,775,1069,6.9754139275,train,False,observed_complete
2025-01-24,8,Lăng vua Khải Định,353,640,993,6.9017372067,train,False,observed_complete
2025-01-25,8,Lăng vua Khải Định,418,687,1105,7.0085051821,train,False,observed_complete
2025-01-26,8,Lăng vua Khải Định,325,799,1124,7.0255383146,train,False,observed_complete
2025-01-27,8,Lăng vua Khải Định,284,717,1001,6.9097532816,train,False,observed_complete
2025-01-28,8,Lăng vua Khải Định,304,553,857,6.7546040995,train,False,observed_complete
2025-01-29,8,Lăng vua Khải Định,5,707,712,6.5694814204,train,False,observed_complete
2025-01-30,8,Lăng vua Khải Định,1169,619,1788,7.4894120835,train,False,observed_complete
2025-01-31,8,Lăng vua Khải Định,1908,753,2661,7.8868329990,train,False,observed_complete
2025-02-01,8,Lăng vua Khải Định,1744,1040,2784,7.9320031524,train,False,observed_complete
2025-02-02,8,Lăng vua Khải Định,1409,741,2150,7.6736881293,train,False,observed_complete
2025-02-03,8,Lăng vua Khải Định,910,788,1698,7.4377951217,train,False,observed_complete
2025-02-04,8,Lăng vua Khải Định,708,361,1069,6.9754139275,train,False,observed_complete
2025-02-05,8,Lăng vua Khải Định,789,755,1544,7.3427791893,train,False,observed_complete
2025-02-06,8,Lăng vua Khải Định,849,978,1827,7.5109777520,train,False,observed_complete
2025-02-07,8,Lăng vua Khải Định,692,905,1597,7.3765081263,train,False,observed_complete
2025-02-08,8,Lăng vua Khải Định,1076,834,1910,7.5553819442,train,False,observed_complete
2025-02-09,8,Lăng vua Khải Định,777,1160,1937,7.5694117925,train,False,observed_complete
2025-02-10,8,Lăng vua Khải Định,775,1309,2084,7.6425241342,train,False,observed_complete
2025-02-11,8,Lăng vua Khải Định,852,944,1796,7.4938738868,train,False,observed_complete
2025-02-12,8,Lăng vua Khải Định,884,1102,1986,7.5943812426,train,False,observed_complete
2025-02-13,8,Lăng vua Khải Định,343,1182,1525,7.3304052118,train,False,observed_complete
2025-02-14,8,Lăng vua Khải Định,821,996,1817,7.5054922747,train,False,observed_complete
2025-02-15,8,Lăng vua Khải Định,840,1414,2254,7.7209052519,train,False,observed_complete
2025-02-16,8,Lăng vua Khải Định,890,1162,2052,7.6270574170,train,False,observed_complete
2025-02-17,8,Lăng vua Khải Định,765,1263,2028,7.6152983398,train,False,observed_complete
2025-02-18,8,Lăng vua Khải Định,820,858,1678,7.4259536571,train,False,observed_complete
2025-02-19,8,Lăng vua Khải Định,479,1357,1836,7.5158890852,train,False,observed_complete
2025-02-20,8,Lăng vua Khải Định,579,1332,1911,7.5559050936,train,False,observed_complete
2025-02-21,8,Lăng vua Khải Định,827,1045,1872,7.5352967024,train,False,observed_complete
2025-02-22,8,Lăng vua Khải Định,1339,924,2263,7.7248884393,train,False,observed_complete
2025-02-23,8,Lăng vua Khải Định,944,1075,2019,7.6108527904,train,False,observed_complete
2025-02-24,8,Lăng vua Khải Định,590,1232,1822,7.5082387747,train,False,observed_complete
2025-02-25,8,Lăng vua Khải Định,764,902,1666,7.4187808828,train,False,observed_complete
2025-02-26,8,Lăng vua Khải Định,458,1187,1645,7.4061033812,train,False,observed_complete
2025-02-27,8,Lăng vua Khải Định,852,802,1654,7.4115562878,train,False,observed_complete
2025-02-28,8,Lăng vua Khải Định,1012,1020,2032,7.6172678136,train,False,observed_complete
2025-03-01,8,Lăng vua Khải Định,1500,1054,2554,7.8458075026,train,False,observed_complete
2025-03-02,8,Lăng vua Khải Định,734,1143,1877,7.5379626598,train,False,observed_complete
2025-03-03,8,Lăng vua Khải Định,478,1035,1513,7.3225104340,train,False,observed_complete
2025-03-04,8,Lăng vua Khải Định,792,710,1502,7.3152183898,train,False,observed_complete
2025-03-05,8,Lăng vua Khải Định,615,797,1412,7.2534703827,train,False,observed_complete
2025-03-06,8,Lăng vua Khải Định,407,955,1362,7.2174434317,train,False,observed_complete
2025-03-07,8,Lăng vua Khải Định,682,873,1555,7.3498737047,train,False,observed_complete
2025-03-08,8,Lăng vua Khải Định,1409,1067,2476,7.8148034295,train,False,observed_complete
2025-03-09,8,Lăng vua Khải Định,1038,1043,2081,7.6410842492,train,False,observed_complete
2025-03-10,8,Lăng vua Khải Định,878,1191,2069,7.6353038863,train,False,observed_complete
2025-03-11,8,Lăng vua Khải Định,640,1155,1795,7.4933172489,train,False,observed_complete
2025-03-12,8,Lăng vua Khải Định,644,1381,2025,7.6138186848,train,False,observed_complete
2025-03-13,8,Lăng vua Khải Định,766,1283,2049,7.6255950721,train,False,observed_complete
2025-03-14,8,Lăng vua Khải Định,693,1349,2042,7.6221745948,train,False,observed_complete
2025-03-15,8,Lăng vua Khải Định,813,1227,2040,7.6211951628,train,False,observed_complete
2025-03-16,8,Lăng vua Khải Định,909,1463,2372,7.7719102564,train,False,observed_complete
2025-03-17,8,Lăng vua Khải Định,559,1352,1911,7.5559050936,train,False,observed_complete
2025-03-18,8,Lăng vua Khải Định,456,1043,1499,7.3132203871,train,False,observed_complete
2025-03-19,8,Lăng vua Khải Định,1083,931,2014,7.6083744744,train,False,observed_complete
2025-03-20,8,Lăng vua Khải Định,700,1338,2038,7.6202147706,train,False,observed_complete
2025-03-21,8,Lăng vua Khải Định,859,1244,2103,7.6515955739,train,False,observed_complete
2025-03-22,8,Lăng vua Khải Định,1218,1104,2322,7.7506147328,train,False,observed_complete
2025-03-23,8,Lăng vua Khải Định,737,1036,1773,7.4809921629,train,False,observed_complete
2025-03-24,8,Lăng vua Khải Định,632,1186,1818,7.5060421785,train,False,observed_complete
2025-03-25,8,Lăng vua Khải Định,502,951,1453,7.2820736581,train,False,observed_complete
2025-03-26,8,Lăng vua Khải Định,49,948,997,6.9057532763,train,False,observed_complete
2025-03-27,8,Lăng vua Khải Định,555,1224,1779,7.4843686433,train,False,observed_complete
2025-03-28,8,Lăng vua Khải Định,660,1015,1675,7.4241652810,train,False,observed_complete
2025-03-29,8,Lăng vua Khải Định,1228,1249,2477,7.8152070622,train,False,observed_complete
2025-03-30,8,Lăng vua Khải Định,1134,1039,2173,7.6843240677,train,False,observed_complete
2025-03-31,8,Lăng vua Khải Định,628,1379,2007,7.6048944808,train,False,observed_complete
2025-04-01,8,Lăng vua Khải Định,489,897,1386,7.2348984203,train,False,observed_complete
2025-04-02,8,Lăng vua Khải Định,369,1050,1419,7.2584121506,train,False,observed_complete
2025-04-03,8,Lăng vua Khải Định,611,1111,1722,7.4518222365,train,False,observed_complete
2025-04-04,8,Lăng vua Khải Định,839,933,1772,7.4804283061,train,False,observed_complete
2025-04-05,8,Lăng vua Khải Định,1698,910,2608,7.8667222851,train,False,observed_complete
2025-04-06,8,Lăng vua Khải Định,2616,808,3424,8.1388567507,train,False,observed_complete
2025-04-07,8,Lăng vua Khải Định,1486,868,2354,7.7642960065,train,False,observed_complete
2025-04-08,8,Lăng vua Khải Định,609,849,1458,7.2855065485,train,False,observed_complete
2025-04-09,8,Lăng vua Khải Định,591,975,1566,7.3569182424,train,False,observed_complete
2025-04-10,8,Lăng vua Khải Định,855,1064,1919,7.5600804650,train,False,observed_complete
2025-04-11,8,Lăng vua Khải Định,786,807,1593,7.3740018594,train,False,observed_complete
2025-04-12,8,Lăng vua Khải Định,1209,765,1974,7.5883236773,train,False,observed_complete
2025-04-13,8,Lăng vua Khải Định,1045,990,2035,7.6187423777,train,False,observed_complete
2025-04-14,8,Lăng vua Khải Định,1132,1289,2421,7.7923489241,train,False,observed_complete
2025-04-15,8,Lăng vua Khải Định,532,861,1393,7.2399325913,train,False,observed_complete
2025-04-16,8,Lăng vua Khải Định,933,1148,2081,7.6410842492,train,False,observed_complete
2025-04-17,8,Lăng vua Khải Định,658,952,1610,7.3846103832,train,False,observed_complete
2025-04-18,8,Lăng vua Khải Định,1108,872,1980,7.5913570467,train,False,observed_complete
2025-04-19,8,Lăng vua Khải Định,1244,1096,2340,7.7583334675,train,False,observed_complete
2025-04-20,8,Lăng vua Khải Định,1060,978,2038,7.6202147706,train,False,observed_complete
2025-04-21,8,Lăng vua Khải Định,673,945,1618,7.3895639537,train,False,observed_complete
2025-04-22,8,Lăng vua Khải Định,536,824,1360,7.2159750027,train,False,observed_complete
2025-04-23,8,Lăng vua Khải Định,620,886,1506,7.3178761986,train,False,observed_complete
2025-04-24,8,Lăng vua Khải Định,677,863,1540,7.3401868353,train,False,observed_complete
2025-04-25,8,Lăng vua Khải Định,734,811,1545,7.3434262291,train,False,observed_complete
2025-04-26,8,Lăng vua Khải Định,1134,752,1886,7.5427435454,train,False,observed_complete
2025-04-27,8,Lăng vua Khải Định,920,877,1797,7.4944302150,train,False,observed_complete
2025-04-28,8,Lăng vua Khải Định,581,1214,1795,7.4933172489,train,False,observed_complete
2025-04-29,8,Lăng vua Khải Định,990,836,1826,7.5104305564,train,False,observed_complete
2025-04-30,8,Lăng vua Khải Định,2254,708,2962,7.9939575476,train,False,observed_complete
2025-05-01,8,Lăng vua Khải Định,4174,614,4788,8.4740769003,train,False,observed_complete
2025-05-02,8,Lăng vua Khải Định,4223,601,4824,8.4815660138,train,False,observed_complete
2025-05-03,8,Lăng vua Khải Định,2169,757,2926,7.9817332867,train,False,observed_complete
2025-05-04,8,Lăng vua Khải Định,667,773,1440,7.2730925960,train,False,observed_complete
2025-05-05,8,Lăng vua Khải Định,431,706,1137,7.0370276147,train,False,observed_complete
2025-05-06,8,Lăng vua Khải Định,371,477,848,6.7440591863,train,False,observed_complete
2025-05-07,8,Lăng vua Khải Định,608,448,1056,6.9631899859,train,False,observed_complete
2025-05-08,8,Lăng vua Khải Định,457,495,952,6.8596149037,train,False,observed_complete
2025-05-09,8,Lăng vua Khải Định,680,397,1077,6.9828627515,train,False,observed_complete
2025-05-10,8,Lăng vua Khải Định,623,604,1227,7.1131421087,train,False,observed_complete
2025-05-11,8,Lăng vua Khải Định,766,477,1243,7.1260872733,train,False,observed_complete
2025-05-12,8,Lăng vua Khải Định,564,855,1419,7.2584121506,train,False,observed_complete
2025-05-13,8,Lăng vua Khải Định,568,457,1025,6.9334230257,train,False,observed_complete
2025-05-14,8,Lăng vua Khải Định,488,518,1006,6.9147308927,train,False,observed_complete
2025-05-15,8,Lăng vua Khải Định,931,476,1407,7.2499255367,train,False,observed_complete
2025-05-16,8,Lăng vua Khải Định,829,411,1240,7.1236727852,train,False,observed_complete
2025-05-17,8,Lăng vua Khải Định,1031,431,1462,7.2882444010,train,False,observed_complete
2025-05-18,8,Lăng vua Khải Định,720,415,1135,7.0352685993,train,False,observed_complete
2025-05-19,8,Lăng vua Khải Định,588,624,1212,7.1008519089,train,False,observed_complete
2025-05-20,8,Lăng vua Khải Định,623,332,955,6.8627579131,train,False,observed_complete
2025-05-21,8,Lăng vua Khải Định,622,465,1087,6.9920964274,train,False,observed_complete
2025-05-22,8,Lăng vua Khải Định,774,360,1134,7.0343879299,train,False,observed_complete
2025-05-23,8,Lăng vua Khải Định,1144,263,1407,7.2499255367,train,False,observed_complete
2025-05-24,8,Lăng vua Khải Định,1297,320,1617,7.3889460976,train,False,observed_complete
2025-05-25,8,Lăng vua Khải Định,1144,379,1523,7.3290937362,train,False,observed_complete
2025-05-26,8,Lăng vua Khải Định,870,489,1359,7.2152399787,train,False,observed_complete
2025-05-27,8,Lăng vua Khải Định,876,350,1226,7.1123274447,train,False,observed_complete
2025-05-28,8,Lăng vua Khải Định,783,390,1173,7.0681720004,train,False,observed_complete
2025-05-29,8,Lăng vua Khải Định,1209,337,1546,7.3440728506,train,False,observed_complete
2025-05-30,8,Lăng vua Khải Định,1132,323,1455,7.2834482288,train,False,observed_complete
2025-05-31,8,Lăng vua Khải Định,1464,404,1868,7.5331588075,train,False,observed_complete
2025-06-01,8,Lăng vua Khải Định,1108,373,1481,7.3011478059,train,False,observed_complete
2025-06-02,8,Lăng vua Khải Định,1287,318,1605,7.3815018945,train,False,observed_complete
2025-06-03,8,Lăng vua Khải Định,1304,205,1509,7.3198649298,train,False,observed_complete
2025-06-04,8,Lăng vua Khải Định,1634,218,1852,7.5245612263,train,False,observed_complete
2025-06-05,8,Lăng vua Khải Định,1624,334,1958,7.5801894179,train,False,observed_complete
2025-06-06,8,Lăng vua Khải Định,1760,342,2102,7.6511201757,train,False,observed_complete
2025-06-07,8,Lăng vua Khải Định,1837,447,2284,7.7341213033,train,False,observed_complete
2025-06-08,8,Lăng vua Khải Định,1828,432,2260,7.7235624723,train,False,observed_complete
2025-06-09,8,Lăng vua Khải Định,1845,296,2141,7.6694952510,train,False,observed_complete
2025-06-10,8,Lăng vua Khải Định,1850,276,2126,7.6624678152,train,False,observed_complete
2025-06-11,8,Lăng vua Khải Định,1646,251,1897,7.5485559792,train,False,observed_complete
2025-06-12,8,Lăng vua Khải Định,1072,196,1268,7.1459844677,train,False,observed_complete
2025-06-13,8,Lăng vua Khải Định,1490,304,1794,7.4927603009,train,False,observed_complete
2025-06-14,8,Lăng vua Khải Định,1827,262,2089,7.6449193450,train,False,observed_complete
2025-06-15,8,Lăng vua Khải Định,1724,314,2038,7.6202147706,train,False,observed_complete
2025-06-16,8,Lăng vua Khải Định,1679,425,2104,7.6520707461,train,False,observed_complete
2025-06-17,8,Lăng vua Khải Định,1644,221,1865,7.5315523814,train,False,observed_complete
2025-06-18,8,Lăng vua Khải Định,1327,454,1781,7.4854916080,train,False,observed_complete
2025-06-19,8,Lăng vua Khải Định,1552,252,1804,7.4983158708,train,False,observed_complete
2025-06-20,8,Lăng vua Khải Định,1667,355,2022,7.6123368372,train,False,observed_complete
2025-06-21,8,Lăng vua Khải Định,1690,289,1979,7.5908521237,train,False,observed_complete
2025-06-22,8,Lăng vua Khải Định,2011,317,2328,7.7531942699,train,False,observed_complete
2025-06-23,8,Lăng vua Khải Định,1239,368,1607,7.3827464497,train,False,observed_complete
2025-06-24,8,Lăng vua Khải Định,1582,385,1967,7.5847730776,train,False,observed_complete
2025-06-25,8,Lăng vua Khải Định,1014,290,1304,7.1739583198,train,False,observed_complete
2025-06-26,8,Lăng vua Khải Định,1336,281,1617,7.3889460976,train,False,observed_complete
2025-06-27,8,Lăng vua Khải Định,1537,331,1868,7.5331588075,train,False,observed_complete
2025-06-28,8,Lăng vua Khải Định,1669,336,2005,7.6038979685,train,False,observed_complete
2025-06-29,8,Lăng vua Khải Định,1887,240,2127,7.6629378505,train,False,observed_complete
2025-06-30,8,Lăng vua Khải Định,1804,360,2164,7.6801756404,train,False,observed_complete
2025-07-01,8,Lăng vua Khải Định,1905,268,2173,7.6843240677,train,False,observed_complete
2025-07-02,8,Lăng vua Khải Định,1953,360,2313,7.7467329078,train,False,observed_complete
2025-07-03,8,Lăng vua Khải Định,1993,357,2350,7.7625960485,validation,False,observed_complete
2025-07-04,8,Lăng vua Khải Định,2206,293,2499,7.8240460109,validation,False,observed_complete
2025-07-05,8,Lăng vua Khải Định,2126,290,2416,7.7902823807,validation,False,observed_complete
2025-07-06,8,Lăng vua Khải Định,2365,382,2747,7.9186286533,validation,False,observed_complete
2025-07-07,8,Lăng vua Khải Định,1906,611,2517,7.8312202146,validation,False,observed_complete
2025-07-08,8,Lăng vua Khải Định,1604,261,1865,7.5315523814,validation,False,observed_complete
2025-07-09,8,Lăng vua Khải Định,1885,463,2348,7.7617449847,validation,False,observed_complete
2025-07-10,8,Lăng vua Khải Định,2286,362,2648,7.8819374893,validation,False,observed_complete
2025-07-11,8,Lăng vua Khải Định,2767,570,3337,8.1131271042,validation,False,observed_complete
2025-07-12,8,Lăng vua Khải Định,2164,498,2662,7.8872085858,validation,False,observed_complete
2025-07-13,8,Lăng vua Khải Định,2246,401,2647,7.8815599171,validation,False,observed_complete
2025-07-14,8,Lăng vua Khải Định,2175,457,2632,7.8758791595,validation,False,observed_complete
2025-07-15,8,Lăng vua Khải Định,1936,418,2354,7.7642960065,validation,False,observed_complete
2025-07-16,8,Lăng vua Khải Định,1797,627,2424,7.7935868034,validation,False,observed_complete
2025-07-17,8,Lăng vua Khải Định,1687,520,2207,7.6998424074,validation,False,observed_complete
2025-07-18,8,Lăng vua Khải Định,1592,440,2032,7.6172678136,validation,False,observed_complete
2025-07-19,8,Lăng vua Khải Định,1949,426,2375,7.7731736805,validation,False,observed_complete
2025-07-20,8,Lăng vua Khải Định,2266,636,2902,7.9734999640,validation,False,observed_complete
2025-07-21,8,Lăng vua Khải Định,2017,731,2748,7.9189924882,validation,False,observed_complete
2025-07-22,8,Lăng vua Khải Định,1770,521,2291,7.7371800778,validation,False,observed_complete
2025-07-23,8,Lăng vua Khải Định,1583,551,2134,7.6662219257,validation,False,observed_complete
2025-07-24,8,Lăng vua Khải Định,1495,736,2231,7.7106533235,validation,False,observed_complete
2025-07-25,8,Lăng vua Khải Định,1872,686,2558,7.8473718362,validation,False,observed_complete
2025-07-26,8,Lăng vua Khải Định,1953,531,2484,7.8180279385,validation,False,observed_complete
2025-07-27,8,Lăng vua Khải Định,1695,473,2168,7.6820215108,validation,False,observed_complete
2025-07-28,8,Lăng vua Khải Định,2087,412,2499,7.8240460109,validation,False,observed_complete
2025-07-29,8,Lăng vua Khải Định,1474,434,1908,7.5543348237,validation,False,observed_complete
2025-07-30,8,Lăng vua Khải Định,1767,624,2391,7.7798851151,validation,False,observed_complete
2025-07-31,8,Lăng vua Khải Định,1181,567,1748,7.4667994750,validation,False,observed_complete
2025-08-01,8,Lăng vua Khải Định,1286,527,1813,7.5032896307,validation,False,observed_complete
2025-08-02,8,Lăng vua Khải Định,1475,657,2132,7.6652847185,validation,False,observed_complete
2025-08-03,8,Lăng vua Khải Định,1645,457,2102,7.6511201757,validation,False,observed_complete
2025-08-04,8,Lăng vua Khải Định,997,790,1787,7.4888529557,validation,False,observed_complete
2025-08-05,8,Lăng vua Khải Định,791,763,1554,7.3492308246,validation,False,observed_complete
2025-08-06,8,Lăng vua Khải Định,1128,763,1891,7.5453897496,validation,False,observed_complete
2025-08-07,8,Lăng vua Khải Định,809,699,1508,7.3192024588,validation,False,observed_complete
2025-08-08,8,Lăng vua Khải Định,1092,900,1992,7.5973963202,validation,False,observed_complete
2025-08-09,8,Lăng vua Khải Định,1419,613,2032,7.6172678136,validation,False,observed_complete
2025-08-10,8,Lăng vua Khải Định,1203,929,2132,7.6652847185,validation,False,observed_complete
2025-08-11,8,Lăng vua Khải Định,1144,1065,2209,7.7007477945,validation,False,observed_complete
2025-08-12,8,Lăng vua Khải Định,922,913,1835,7.5153445712,validation,False,observed_complete
2025-08-13,8,Lăng vua Khải Định,671,968,1639,7.4024515208,validation,False,observed_complete
2025-08-14,8,Lăng vua Khải Định,811,940,1751,7.4685132715,validation,False,observed_complete
2025-08-15,8,Lăng vua Khải Định,1112,993,2105,7.6525456927,validation,False,observed_complete
2025-08-16,8,Lăng vua Khải Định,1213,906,2119,7.6591713677,validation,False,observed_complete
2025-08-17,8,Lăng vua Khải Định,1004,779,1783,7.4866133131,validation,False,observed_complete
2025-08-18,8,Lăng vua Khải Định,600,1012,1612,7.3858510781,validation,False,observed_complete
2025-08-19,8,Lăng vua Khải Định,61,926,987,6.8956826977,validation,False,observed_complete
2025-08-20,8,Lăng vua Khải Định,596,789,1385,7.2341771797,validation,False,observed_complete
2025-08-21,8,Lăng vua Khải Định,832,685,1517,7.3251489580,validation,False,observed_complete
2025-08-22,8,Lăng vua Khải Định,1000,909,1909,7.5548585210,validation,False,observed_complete
2025-08-23,8,Lăng vua Khải Định,1009,692,1701,7.4395593091,validation,False,observed_complete
2025-08-24,8,Lăng vua Khải Định,732,663,1395,7.2413662833,validation,False,observed_complete
2025-08-25,8,Lăng vua Khải Định,624,743,1367,7.2211050982,validation,False,observed_complete
2025-08-26,8,Lăng vua Khải Định,369,595,964,6.8721281013,validation,False,observed_complete
2025-08-27,8,Lăng vua Khải Định,527,579,1106,7.0094089327,validation,False,observed_complete
2025-08-28,8,Lăng vua Khải Định,323,453,776,6.6554403504,validation,False,observed_complete
2025-08-29,8,Lăng vua Khải Định,709,564,1273,7.1499168361,validation,False,observed_complete
2025-08-30,8,Lăng vua Khải Định,1301,440,1741,7.4627891574,validation,False,observed_complete
2025-08-31,8,Lăng vua Khải Định,1577,400,1977,7.5898415122,validation,False,observed_complete
2025-09-01,8,Lăng vua Khải Định,1596,506,2102,7.6511201757,validation,False,observed_complete
2025-09-02,8,Lăng vua Khải Định,9,303,312,5.7462031905,validation,False,observed_complete
2025-09-03,8,Lăng vua Khải Định,287,441,728,6.5916737320,validation,False,observed_complete
2025-09-04,8,Lăng vua Khải Định,228,435,663,6.4982821495,validation,False,observed_complete
2025-09-05,8,Lăng vua Khải Định,280,478,758,6.6320017774,validation,False,observed_complete
2025-09-06,8,Lăng vua Khải Định,440,451,891,6.7934661326,validation,False,observed_complete
2025-09-07,8,Lăng vua Khải Định,557,522,1079,6.9847163201,validation,False,observed_complete
2025-09-08,8,Lăng vua Khải Định,434,453,887,6.7889717430,validation,False,observed_complete
2025-09-09,8,Lăng vua Khải Định,364,512,876,6.7765069924,validation,False,observed_complete
2025-09-10,8,Lăng vua Khải Định,361,519,880,6.7810576259,validation,False,observed_complete
2025-09-11,8,Lăng vua Khải Định,494,460,954,6.8617113405,validation,False,observed_complete
2025-09-12,8,Lăng vua Khải Định,589,553,1142,7.0414116638,validation,False,observed_complete
2025-09-13,8,Lăng vua Khải Định,681,450,1131,7.0317412588,validation,False,observed_complete
2025-09-14,8,Lăng vua Khải Định,706,603,1309,7.1777824162,validation,False,observed_complete
2025-09-15,8,Lăng vua Khải Định,379,591,970,6.8783264683,validation,False,observed_complete
2025-09-16,8,Lăng vua Khải Định,286,528,814,6.7031881132,validation,False,observed_complete
2025-09-17,8,Lăng vua Khải Định,404,596,1000,6.9087547793,validation,False,observed_complete
2025-09-18,8,Lăng vua Khải Định,486,459,945,6.8522425691,validation,False,observed_complete
2025-09-19,8,Lăng vua Khải Định,532,726,1258,7.1380730340,validation,False,observed_complete
2025-09-20,8,Lăng vua Khải Định,546,419,965,6.8731638342,validation,False,observed_complete
2025-09-21,8,Lăng vua Khải Định,485,552,1037,6.9450510637,validation,False,observed_complete
2025-09-22,8,Lăng vua Khải Định,329,577,906,6.8101424501,validation,False,observed_complete
2025-09-23,8,Lăng vua Khải Định,201,506,707,6.5624440937,validation,False,observed_complete
2025-09-24,8,Lăng vua Khải Định,290,648,938,6.8448154792,validation,False,observed_complete
2025-09-25,8,Lăng vua Khải Định,383,436,819,6.7093043403,validation,False,observed_complete
2025-09-26,8,Lăng vua Khải Định,498,432,930,6.8362592773,validation,False,observed_complete
2025-09-27,8,Lăng vua Khải Định,84,294,378,5.9375362051,validation,False,observed_complete
2025-09-28,8,Lăng vua Khải Định,213,206,419,6.0402547113,validation,False,observed_complete
2025-09-29,8,Lăng vua Khải Định,265,531,796,6.6808546788,validation,False,observed_complete
2025-09-30,8,Lăng vua Khải Định,138,507,645,6.4707995038,validation,False,observed_complete
2025-10-01,8,Lăng vua Khải Định,227,390,617,6.4264884575,validation,False,observed_complete
2025-10-02,8,Lăng vua Khải Định,390,407,797,6.6821085974,validation,False,observed_complete
2025-10-03,8,Lăng vua Khải Định,284,584,868,6.7673431253,validation,False,observed_complete
2025-10-04,8,Lăng vua Khải Định,377,715,1092,6.9966814882,validation,False,observed_complete
2025-10-05,8,Lăng vua Khải Định,281,694,975,6.8834625864,validation,False,observed_complete
2025-10-06,8,Lăng vua Khải Định,226,819,1045,6.9527286446,validation,False,observed_complete
2025-10-07,8,Lăng vua Khải Định,167,721,888,6.7900972355,validation,False,observed_complete
2025-10-08,8,Lăng vua Khải Định,387,756,1143,7.0422861719,validation,False,observed_complete
2025-10-09,8,Lăng vua Khải Định,171,576,747,6.6174029780,validation,False,observed_complete
2025-10-10,8,Lăng vua Khải Định,212,636,848,6.7440591863,validation,False,observed_complete
2025-10-11,8,Lăng vua Khải Định,381,588,969,6.8772960715,validation,False,observed_complete
2025-10-12,8,Lăng vua Khải Định,337,669,1006,6.9147308927,validation,False,observed_complete
2025-10-13,8,Lăng vua Khải Định,229,656,885,6.7867169506,validation,False,observed_complete
2025-10-14,8,Lăng vua Khải Định,167,540,707,6.5624440937,validation,False,observed_complete
2025-10-15,8,Lăng vua Khải Định,205,618,823,6.7141705299,validation,False,observed_complete
2025-10-16,8,Lăng vua Khải Định,139,556,695,6.5453496603,validation,False,observed_complete
2025-10-17,8,Lăng vua Khải Định,685,485,1170,7.0656133636,validation,False,observed_complete
2025-10-18,8,Lăng vua Khải Định,454,546,1000,6.9087547793,validation,False,observed_complete
2025-10-19,8,Lăng vua Khải Định,482,531,1013,6.9216581842,validation,False,observed_complete
2025-10-20,8,Lăng vua Khải Định,117,707,824,6.7153833863,validation,False,observed_complete
2025-10-21,8,Lăng vua Khải Định,195,576,771,6.6489845500,validation,False,observed_complete
2025-10-22,8,Lăng vua Khải Định,114,434,548,6.3080984415,validation,False,observed_complete
2025-10-23,8,Lăng vua Khải Định,28,352,380,5.9427993751,validation,False,observed_complete
2025-10-24,8,Lăng vua Khải Định,92,438,530,6.2747620212,validation,False,observed_complete
2025-10-25,8,Lăng vua Khải Định,198,562,760,6.6346333579,validation,False,observed_complete
2025-10-26,8,Lăng vua Khải Định,96,499,595,6.3902406671,validation,False,observed_complete
2025-10-27,8,Lăng vua Khải Định,24,142,166,5.1179938124,validation,False,observed_complete
2025-10-28,8,Lăng vua Khải Định,0,0,0,0.0000000000,validation,True,observed_complete
2025-10-29,8,Lăng vua Khải Định,0,0,0,0.0000000000,validation,True,observed_complete
2025-10-30,8,Lăng vua Khải Định,0,0,0,0.0000000000,validation,True,observed_complete
2025-10-31,8,Lăng vua Khải Định,10,117,127,4.8520302639,validation,False,observed_complete
2025-11-01,8,Lăng vua Khải Định,66,276,342,5.8377304472,validation,False,observed_complete
2025-11-02,8,Lăng vua Khải Định,12,362,374,5.9269260260,validation,False,observed_complete
2025-11-03,8,Lăng vua Khải Định,0,23,23,3.1780538303,validation,False,observed_complete
2025-11-04,8,Lăng vua Khải Định,14,238,252,5.5333894887,validation,False,observed_complete
2025-11-05,8,Lăng vua Khải Định,14,442,456,6.1246833909,validation,False,observed_complete
2025-11-06,8,Lăng vua Khải Định,26,345,371,5.9188938543,validation,False,observed_complete
2025-11-07,8,Lăng vua Khải Định,103,396,499,6.2146080984,validation,False,observed_complete
2025-11-08,8,Lăng vua Khải Định,47,585,632,6.4504704221,validation,False,observed_complete
2025-11-09,8,Lăng vua Khải Định,61,947,1008,6.9167150204,validation,False,observed_complete
2025-11-10,8,Lăng vua Khải Định,142,938,1080,6.9856418176,validation,False,observed_complete
2025-11-11,8,Lăng vua Khải Định,89,799,888,6.7900972355,validation,False,observed_complete
2025-11-12,8,Lăng vua Khải Định,136,923,1059,6.9660241871,validation,False,observed_complete
2025-11-13,8,Lăng vua Khải Định,154,958,1112,7.0148143513,validation,False,observed_complete
2025-11-14,8,Lăng vua Khải Định,170,1050,1220,7.1074254741,validation,False,observed_complete
2025-11-15,8,Lăng vua Khải Định,288,1143,1431,7.2668273475,validation,False,observed_complete
2025-11-16,8,Lăng vua Khải Định,190,934,1124,7.0255383146,validation,False,observed_complete
2025-11-17,8,Lăng vua Khải Định,174,699,873,6.7730803757,validation,False,observed_complete
2025-11-18,8,Lăng vua Khải Định,83,842,925,6.8308742346,validation,False,observed_complete
2025-11-19,8,Lăng vua Khải Định,35,739,774,6.6528630294,validation,False,observed_complete
2025-11-20,8,Lăng vua Khải Định,38,829,867,6.7661917147,validation,False,observed_complete
2025-11-21,8,Lăng vua Khải Định,134,978,1112,7.0148143513,validation,False,observed_complete
2025-11-22,8,Lăng vua Khải Định,107,1002,1109,7.0121152943,validation,False,observed_complete
2025-11-23,8,Lăng vua Khải Định,36,812,848,6.7440591863,validation,False,observed_complete
2025-11-24,8,Lăng vua Khải Định,89,800,889,6.7912214627,validation,False,observed_complete
2025-11-25,8,Lăng vua Khải Định,53,697,750,6.6214056518,validation,False,observed_complete
2025-11-26,8,Lăng vua Khải Định,169,746,915,6.8200163647,validation,False,observed_complete
2025-11-27,8,Lăng vua Khải Định,145,877,1022,6.9304947660,validation,False,observed_complete
2025-11-28,8,Lăng vua Khải Định,192,887,1079,6.9847163201,validation,False,observed_complete
2025-11-29,8,Lăng vua Khải Định,136,971,1107,7.0103118673,validation,False,observed_complete
2025-11-30,8,Lăng vua Khải Định,109,846,955,6.8627579131,validation,False,observed_complete
2025-12-01,8,Lăng vua Khải Định,103,766,869,6.7684932116,validation,False,observed_complete
2025-12-02,8,Lăng vua Khải Định,87,877,964,6.8721281013,validation,False,observed_complete
2025-12-03,8,Lăng vua Khải Định,15,604,619,6.4297194780,validation,False,observed_complete
2025-12-04,8,Lăng vua Khải Định,75,689,764,6.6398758338,validation,False,observed_complete
2025-12-05,8,Lăng vua Khải Định,94,890,984,6.8926416412,validation,False,observed_complete
2025-12-06,8,Lăng vua Khải Định,329,993,1322,7.1876571641,validation,False,observed_complete
2025-12-07,8,Lăng vua Khải Định,273,671,944,6.8511849275,validation,False,observed_complete
2025-12-08,8,Lăng vua Khải Định,227,764,991,6.8997231073,validation,False,observed_complete
2025-12-09,8,Lăng vua Khải Định,136,562,698,6.5496507422,validation,False,observed_complete
2025-12-10,8,Lăng vua Khải Định,248,525,773,6.6515718736,validation,False,observed_complete
2025-12-11,8,Lăng vua Khải Định,203,692,895,6.7979404130,validation,False,observed_complete
2025-12-12,8,Lăng vua Khải Định,221,665,886,6.7878449823,validation,False,observed_complete
2025-12-13,8,Lăng vua Khải Định,284,682,966,6.8741984955,validation,False,observed_complete
2025-12-14,8,Lăng vua Khải Định,401,600,1001,6.9097532816,validation,False,observed_complete
2025-12-15,8,Lăng vua Khải Định,179,838,1017,6.9255951971,validation,False,observed_complete
2025-12-16,8,Lăng vua Khải Định,189,609,798,6.6833609458,validation,False,observed_complete
2025-12-17,8,Lăng vua Khải Định,119,534,653,6.4831073515,validation,False,observed_complete
2025-12-18,8,Lăng vua Khải Định,178,792,970,6.8783264683,validation,False,observed_complete
2025-12-19,8,Lăng vua Khải Định,280,732,1012,6.9206715042,validation,False,observed_complete
2025-12-20,8,Lăng vua Khải Định,327,652,979,6.8875525717,validation,False,observed_complete
2025-12-21,8,Lăng vua Khải Định,663,644,1307,7.1762545320,validation,False,observed_complete
2025-12-22,8,Lăng vua Khải Định,194,940,1134,7.0343879299,validation,False,observed_complete
2025-12-23,8,Lăng vua Khải Định,258,886,1144,7.0431599160,validation,False,observed_complete
2025-12-24,8,Lăng vua Khải Định,199,1024,1223,7.1098794631,validation,False,observed_complete
2025-12-25,8,Lăng vua Khải Định,271,845,1116,7.0184017991,validation,False,observed_complete
2025-12-26,8,Lăng vua Khải Định,227,1232,1459,7.2861917147,validation,False,observed_complete
2025-12-27,8,Lăng vua Khải Định,312,1480,1792,7.4916454736,validation,False,observed_complete
2025-12-28,8,Lăng vua Khải Định,369,1475,1844,7.5202345565,validation,False,observed_complete
2025-12-29,8,Lăng vua Khải Định,336,1775,2111,7.6553906448,validation,False,observed_complete
2025-12-30,8,Lăng vua Khải Định,464,1621,2085,7.6430036356,validation,False,observed_complete
2025-12-31,8,Lăng vua Khải Định,253,1522,1775,7.4821189236,validation,False,observed_complete
2026-01-01,8,Lăng vua Khải Định,649,1191,1840,7.5180641812,validation,False,observed_complete
2026-01-02,8,Lăng vua Khải Định,1160,1267,2427,7.7948231522,validation,False,observed_complete
2026-01-03,8,Lăng vua Khải Định,860,1445,2305,7.7432697008,validation,False,observed_complete
2026-01-04,8,Lăng vua Khải Định,510,1234,1744,7.4645098346,validation,False,observed_complete
2026-01-05,8,Lăng vua Khải Định,325,1124,1449,7.2793188354,validation,False,observed_complete
2026-01-06,8,Lăng vua Khải Định,218,984,1202,7.0925737160,validation,False,observed_complete
2026-01-07,8,Lăng vua Khải Định,281,928,1209,7.0983756386,validation,False,observed_complete
2026-01-08,8,Lăng vua Khải Định,570,833,1403,7.2470805846,validation,False,observed_complete
2026-01-09,8,Lăng vua Khải Định,311,1027,1338,7.1996783457,validation,False,observed_complete
2026-01-10,8,Lăng vua Khải Định,312,1007,1319,7.1853870156,validation,False,observed_complete
2026-01-11,8,Lăng vua Khải Định,261,1056,1317,7.1838707151,validation,False,observed_complete
2026-01-12,8,Lăng vua Khải Định,256,802,1058,6.9650803456,validation,False,observed_complete
2026-01-13,8,Lăng vua Khải Định,309,972,1281,7.1561766375,validation,False,observed_complete
2026-01-14,8,Lăng vua Khải Định,398,888,1286,7.1600692076,validation,False,observed_complete
2026-01-15,8,Lăng vua Khải Định,241,1001,1242,7.1252830915,validation,False,observed_complete
2026-01-16,8,Lăng vua Khải Định,386,858,1244,7.1268908089,validation,False,observed_complete
2026-01-17,8,Lăng vua Khải Định,450,1062,1512,7.3218497138,validation,False,observed_complete
2026-01-18,8,Lăng vua Khải Định,330,1057,1387,7.2356191411,validation,False,observed_complete
2026-01-19,8,Lăng vua Khải Định,163,1019,1182,7.0758088640,validation,False,observed_complete
2026-01-20,8,Lăng vua Khải Định,293,1057,1350,7.2086003380,validation,False,observed_complete
2026-01-21,8,Lăng vua Khải Định,291,1120,1411,7.2527624181,validation,False,observed_complete
2026-01-22,8,Lăng vua Khải Định,293,1095,1388,7.2363393428,validation,False,observed_complete
2026-01-23,8,Lăng vua Khải Định,187,904,1091,6.9957661563,validation,False,observed_complete
2026-01-24,8,Lăng vua Khải Định,467,1291,1758,7.4725007447,validation,False,observed_complete
2026-01-25,8,Lăng vua Khải Định,491,1115,1606,7.3821243657,validation,False,observed_complete
2026-01-26,8,Lăng vua Khải Định,178,1092,1270,7.1475592712,validation,False,observed_complete
2026-01-27,8,Lăng vua Khải Định,212,1025,1237,7.1212524532,test,False,observed_complete
2026-01-28,8,Lăng vua Khải Định,146,1109,1255,7.1356873470,test,False,observed_complete
2026-01-29,8,Lăng vua Khải Định,267,1033,1300,7.1708884785,test,False,observed_complete
2026-01-30,8,Lăng vua Khải Định,207,925,1132,7.0326242610,test,False,observed_complete
2026-01-31,8,Lăng vua Khải Định,315,1116,1431,7.2668273475,test,False,observed_complete
2026-02-01,8,Lăng vua Khải Định,345,1119,1464,7.2896105215,test,False,observed_complete
2026-02-02,8,Lăng vua Khải Định,167,902,1069,6.9754139275,test,False,observed_complete
2026-02-03,8,Lăng vua Khải Định,170,900,1070,6.9763480704,test,False,observed_complete
2026-02-04,8,Lăng vua Khải Định,215,1182,1397,7.2427979228,test,False,observed_complete
2026-02-05,8,Lăng vua Khải Định,222,1027,1249,7.1308988303,test,False,observed_complete
2026-02-06,8,Lăng vua Khải Định,207,890,1097,7.0012456221,test,False,observed_complete
2026-02-07,8,Lăng vua Khải Định,262,1076,1338,7.1996783457,test,False,observed_complete
2026-02-08,8,Lăng vua Khải Định,195,1449,1644,7.4054956632,test,False,observed_complete
2026-02-09,8,Lăng vua Khải Định,295,1163,1458,7.2855065485,test,False,observed_complete
2026-02-10,8,Lăng vua Khải Định,357,1016,1373,7.2254814728,test,False,observed_complete
2026-02-11,8,Lăng vua Khải Định,377,987,1364,7.2189097076,test,False,observed_complete
2026-02-12,8,Lăng vua Khải Định,207,969,1176,7.0707241073,test,False,observed_complete
2026-02-13,8,Lăng vua Khải Định,257,883,1140,7.0396603499,test,False,observed_complete
2026-02-14,8,Lăng vua Khải Định,387,1098,1485,7.3038432253,test,False,observed_complete
2026-02-15,8,Lăng vua Khải Định,262,1017,1279,7.1546153569,test,False,observed_complete
2026-02-16,8,Lăng vua Khải Định,171,906,1077,6.9828627515,test,False,observed_complete
2026-02-17,8,Lăng vua Khải Định,4,725,729,6.5930445341,test,False,observed_complete
2026-02-18,8,Lăng vua Khải Định,935,1112,2047,7.6246189862,test,False,observed_complete
2026-02-19,8,Lăng vua Khải Định,2021,1355,3376,8.1247430204,test,False,observed_complete
2026-02-20,8,Lăng vua Khải Định,2722,1064,3786,8.2393294279,test,False,observed_complete
2026-02-21,8,Lăng vua Khải Định,2124,845,2969,7.9963172318,test,False,observed_complete
2026-02-22,8,Lăng vua Khải Định,1274,1029,2303,7.7424020218,test,False,observed_complete
2026-02-23,8,Lăng vua Khải Định,972,1088,2060,7.6309465809,test,False,observed_complete
2026-02-24,8,Lăng vua Khải Định,698,1124,1822,7.5082387747,test,False,observed_complete
2026-02-25,8,Lăng vua Khải Định,845,1100,1945,7.5735312627,test,False,observed_complete
2026-02-26,8,Lăng vua Khải Định,709,812,1521,7.3277805384,test,False,observed_complete
2026-02-27,8,Lăng vua Khải Định,816,1120,1936,7.5688956634,test,False,observed_complete
2026-02-28,8,Lăng vua Khải Định,755,1261,2016,7.6093665380,test,False,observed_complete
2026-03-01,8,Lăng vua Khải Định,757,1322,2079,7.6401231727,test,False,observed_complete
2026-03-02,8,Lăng vua Khải Định,727,1031,1758,7.4725007447,test,False,observed_complete
2026-03-03,8,Lăng vua Khải Định,308,913,1221,7.1082441397,test,False,observed_complete
2026-03-04,8,Lăng vua Khải Định,318,1358,1676,7.4247617618,test,False,observed_complete
2026-03-05,8,Lăng vua Khải Định,584,1325,1909,7.5548585210,test,False,observed_complete
2026-03-06,8,Lăng vua Khải Định,552,1362,1914,7.5574729016,test,False,observed_complete
2026-03-07,8,Lăng vua Khải Định,1000,1574,2574,7.8536048131,test,False,observed_complete
2026-03-08,8,Lăng vua Khải Định,954,1545,2499,7.8240460109,test,False,observed_complete
2026-03-09,8,Lăng vua Khải Định,381,1499,1880,7.5395588293,test,False,observed_complete
2026-03-10,8,Lăng vua Khải Định,274,1260,1534,7.3362856600,test,False,observed_complete
2026-03-11,8,Lăng vua Khải Định,664,1072,1736,7.4599147662,test,False,observed_complete
2026-03-12,8,Lăng vua Khải Định,782,1135,1917,7.5590382554,test,False,observed_complete
2026-03-13,8,Lăng vua Khải Định,647,1429,2076,7.6386798239,test,False,observed_complete
2026-03-14,8,Lăng vua Khải Định,931,1288,2219,7.7052624749,test,False,observed_complete
2026-03-15,8,Lăng vua Khải Định,625,1700,2325,7.7519053331,test,False,observed_complete
2026-03-16,8,Lăng vua Khải Định,597,1347,1944,7.5730172561,test,False,observed_complete
2026-03-17,8,Lăng vua Khải Định,608,1195,1803,7.4977617006,test,False,observed_complete
2026-03-18,8,Lăng vua Khải Định,606,1225,1831,7.5131635452,test,False,observed_complete
2026-03-19,8,Lăng vua Khải Định,595,1170,1765,7.4764723812,test,False,observed_complete
2026-03-20,8,Lăng vua Khải Định,513,1332,1845,7.5207764151,test,False,observed_complete
2026-03-21,8,Lăng vua Khải Định,1068,1464,2532,7.8371596500,test,False,observed_complete
2026-03-22,8,Lăng vua Khải Định,1071,1390,2461,7.8087293067,test,False,observed_complete
2026-03-23,8,Lăng vua Khải Định,677,1324,2001,7.6019019599,test,False,observed_complete
2026-03-24,8,Lăng vua Khải Định,595,1362,1957,7.5796788231,test,False,observed_complete
2026-03-25,8,Lăng vua Khải Định,535,1085,1620,7.3907985217,test,False,observed_complete
2026-03-26,8,Lăng vua Khải Định,16,1062,1078,6.9837899653,test,False,observed_complete
2026-03-27,8,Lăng vua Khải Định,949,931,1880,7.5395588293,test,False,observed_complete
2026-03-28,8,Lăng vua Khải Định,1267,1081,2348,7.7617449847,test,False,observed_complete
2026-03-29,8,Lăng vua Khải Định,991,1112,2103,7.6515955739,test,False,observed_complete
2026-03-30,8,Lăng vua Khải Định,551,1047,1598,7.3771337128,test,False,observed_complete
2026-03-31,8,Lăng vua Khải Định,426,924,1350,7.2086003380,test,False,observed_complete
2026-04-01,8,Lăng vua Khải Định,375,805,1180,7.0741168162,test,False,observed_complete
2026-04-02,8,Lăng vua Khải Định,596,1035,1631,7.3975615355,test,False,observed_complete
2026-04-03,8,Lăng vua Khải Định,542,1089,1631,7.3975615355,test,False,observed_complete
2026-04-04,8,Lăng vua Khải Định,977,1116,2093,7.6468313914,test,False,observed_complete
2026-04-05,8,Lăng vua Khải Định,752,836,1588,7.3708601665,test,False,observed_complete
2026-04-06,8,Lăng vua Khải Định,648,841,1489,7.3065313989,test,False,observed_complete
2026-04-07,8,Lăng vua Khải Định,433,777,1210,7.0992017436,test,False,observed_complete
2026-04-08,8,Lăng vua Khải Định,605,792,1397,7.2427979228,test,False,observed_complete
2026-04-09,8,Lăng vua Khải Định,802,842,1644,7.4054956632,test,False,observed_complete
2026-04-10,8,Lăng vua Khải Định,663,814,1477,7.2984451015,test,False,observed_complete
2026-04-11,8,Lăng vua Khải Định,892,762,1654,7.4115562878,test,False,observed_complete
2026-04-12,8,Lăng vua Khải Định,732,823,1555,7.3498737047,test,False,observed_complete
2026-04-13,8,Lăng vua Khải Định,635,810,1445,7.2765564027,test,False,observed_complete
2026-04-14,8,Lăng vua Khải Định,502,755,1257,7.1372784373,test,False,observed_complete
2026-04-15,8,Lăng vua Khải Định,400,1200,1600,7.3783837130,test,False,observed_complete
2026-04-16,8,Lăng vua Khải Định,726,789,1515,7.3238305662,test,False,observed_complete
2026-04-17,8,Lăng vua Khải Định,613,1007,1620,7.3907985217,test,False,observed_complete
2026-04-18,8,Lăng vua Khải Định,1714,849,2563,7.8493238180,test,False,observed_complete
2026-04-19,8,Lăng vua Khải Định,1080,661,1741,7.4627891574,test,False,observed_complete
2026-04-20,8,Lăng vua Khải Định,480,795,1275,7.1514854639,test,False,observed_complete
2026-04-21,8,Lăng vua Khải Định,537,666,1203,7.0934046259,test,False,observed_complete
2026-04-22,8,Lăng vua Khải Định,567,668,1235,7.1196356380,test,False,observed_complete
2026-04-23,8,Lăng vua Khải Định,457,708,1165,7.0613343669,test,False,observed_complete
2026-04-24,8,Lăng vua Khải Định,681,837,1518,7.3258075026,test,False,observed_complete
2026-04-25,8,Lăng vua Khải Định,1733,844,2577,7.8547691835,test,False,observed_complete
2026-04-26,8,Lăng vua Khải Định,2410,757,3167,8.0608557529,test,False,observed_complete
2026-04-27,8,Lăng vua Khải Định,2112,942,3054,8.0245348716,test,False,observed_complete
2026-04-28,8,Lăng vua Khải Định,1872,757,2629,7.8747391252,test,False,observed_complete
2026-04-29,8,Lăng vua Khải Định,1929,740,2669,7.8898337514,test,False,observed_complete
2026-04-30,8,Lăng vua Khải Định,3337,778,4115,8.3226370970,test,False,observed_complete
2026-05-01,8,Lăng vua Khải Định,4457,832,5289,8.5735735249,test,False,observed_complete
2026-05-02,8,Lăng vua Khải Định,3096,896,3992,8.2922981071,test,False,observed_complete
2026-05-03,8,Lăng vua Khải Định,1073,805,1878,7.5384949994,test,False,observed_complete
2026-05-04,8,Lăng vua Khải Định,430,1092,1522,7.3284373529,test,False,observed_complete
2026-05-05,8,Lăng vua Khải Định,529,678,1207,7.0967213785,test,False,observed_complete
2026-05-06,8,Lăng vua Khải Định,482,730,1212,7.1008519089,test,False,observed_complete
2026-05-07,8,Lăng vua Khải Định,856,512,1368,7.2218358253,test,False,observed_complete
2026-05-08,8,Lăng vua Khải Định,646,619,1265,7.1436176027,test,False,observed_complete
2026-05-09,8,Lăng vua Khải Định,917,599,1516,7.3244899793,test,False,observed_complete
2026-05-10,8,Lăng vua Khải Định,803,581,1384,7.2334554186,test,False,observed_complete
2026-05-11,8,Lăng vua Khải Định,594,485,1079,6.9847163201,test,False,observed_complete
2026-05-12,8,Lăng vua Khải Định,566,554,1120,7.0219764231,test,False,observed_complete
2026-05-13,8,Lăng vua Khải Định,582,560,1142,7.0414116638,test,False,observed_complete
2026-05-14,8,Lăng vua Khải Định,684,513,1197,7.0884087787,test,False,observed_complete
2026-05-15,8,Lăng vua Khải Định,614,466,1080,6.9856418176,test,False,observed_complete
2026-05-16,8,Lăng vua Khải Định,891,496,1387,7.2356191411,test,False,observed_complete
2026-05-17,8,Lăng vua Khải Định,551,491,1042,6.9498564550,test,False,observed_complete
2026-05-18,8,Lăng vua Khải Định,397,489,886,6.7878449823,test,False,observed_complete
2026-05-19,8,Lăng vua Khải Định,568,608,1176,7.0707241073,test,False,observed_complete
2026-05-20,8,Lăng vua Khải Định,646,467,1113,7.0157124205,test,False,observed_complete
2026-05-21,8,Lăng vua Khải Định,662,370,1032,6.9402224691,test,False,observed_complete
2026-05-22,8,Lăng vua Khải Định,944,434,1378,7.2291138778,test,False,observed_complete
2026-05-23,8,Lăng vua Khải Định,1034,387,1421,7.2598196104,test,False,observed_complete
2026-05-24,8,Lăng vua Khải Định,660,536,1196,7.0875737056,test,False,observed_complete
2026-05-25,8,Lăng vua Khải Định,765,318,1083,6.9884131820,test,False,observed_complete
2026-05-26,8,Lăng vua Khải Định,619,407,1026,6.9343972099,test,False,observed_complete
2026-05-27,8,Lăng vua Khải Định,761,463,1224,7.1106961230,test,False,observed_complete
2026-05-28,8,Lăng vua Khải Định,934,283,1217,7.1049654483,test,False,observed_complete
2026-05-29,8,Lăng vua Khải Định,1266,528,1794,7.4927603009,test,False,observed_complete
2026-05-30,8,Lăng vua Khải Định,1318,481,1799,7.4955419439,test,False,observed_complete
2026-05-31,8,Lăng vua Khải Định,1111,504,1615,7.3877092391,test,False,observed_complete
2026-06-01,8,Lăng vua Khải Định,1057,548,1605,7.3815018945,test,False,observed_complete
2026-06-02,8,Lăng vua Khải Định,1648,306,1954,7.5781454724,test,False,observed_complete
2026-06-03,8,Lăng vua Khải Định,1420,520,1940,7.5709585832,test,False,observed_complete
2026-06-04,8,Lăng vua Khải Định,1297,486,1783,7.4866133131,test,False,observed_complete
2026-06-05,8,Lăng vua Khải Định,1953,331,2284,7.7341213033,test,False,observed_complete
2026-06-06,8,Lăng vua Khải Định,1790,312,2102,7.6511201757,test,False,observed_complete
2026-06-07,8,Lăng vua Khải Định,1612,450,2062,7.6319165131,test,False,observed_complete
2026-06-08,8,Lăng vua Khải Định,1372,391,1763,7.4753392366,test,False,observed_complete
2026-06-09,8,Lăng vua Khải Định,1515,424,1939,7.5704432521,test,False,observed_complete
2026-06-10,8,Lăng vua Khải Định,1398,326,1724,7.4529823295,test,False,observed_complete
2026-06-11,8,Lăng vua Khải Định,1867,416,2283,7.7336835708,test,False,observed_complete
2026-06-12,8,Lăng vua Khải Định,1677,400,2077,7.6391611717,test,False,observed_complete
2026-06-13,8,Lăng vua Khải Định,1378,419,1797,7.4944302150,test,False,observed_complete
2026-06-14,8,Lăng vua Khải Định,1775,311,2086,7.6434829071,test,False,observed_complete
2026-06-15,8,Lăng vua Khải Định,1519,311,1830,7.5126175447,test,False,observed_complete
2026-06-16,8,Lăng vua Khải Định,1634,363,1997,7.5999019592,test,False,observed_complete
2026-06-17,8,Lăng vua Khải Định,1719,371,2090,7.6453976994,test,False,observed_complete
2026-06-18,8,Lăng vua Khải Định,2078,304,2382,7.7761154771,test,False,observed_complete
2026-06-19,8,Lăng vua Khải Định,2104,441,2545,7.8422787791,test,False,observed_complete
2026-06-20,8,Lăng vua Khải Định,2143,357,2500,7.8244459309,test,False,observed_complete
2026-06-21,8,Lăng vua Khải Định,1999,362,2361,7.7672639968,test,False,observed_complete
2026-06-22,8,Lăng vua Khải Định,1546,386,1932,7.5668284792,test,False,observed_complete
2026-06-23,8,Lăng vua Khải Định,1692,386,2078,7.6396422879,test,False,observed_complete
2026-06-24,8,Lăng vua Khải Định,1683,259,1942,7.5719884494,test,False,observed_complete
2026-06-25,8,Lăng vua Khải Định,2204,401,2605,7.8655717577,test,False,observed_complete
2026-06-26,8,Lăng vua Khải Định,1909,412,2321,7.7501841623,test,False,observed_complete
2026-06-27,8,Lăng vua Khải Định,2104,395,2499,7.8240460109,test,False,observed_complete
2026-06-28,8,Lăng vua Khải Định,1539,366,1905,7.5527620842,test,False,observed_complete
2026-06-29,8,Lăng vua Khải Định,1289,416,1705,7.4419067281,test,False,observed_complete
2026-06-30,8,Lăng vua Khải Định,1504,525,2029,7.6157910720,test,False,observed_complete
2026-07-01,8,Lăng vua Khải Định,1385,487,1872,7.5352967024,test,False,observed_complete
2026-07-02,8,Lăng vua Khải Định,1404,388,1792,7.4916454736,test,False,observed_complete
2026-07-03,8,Lăng vua Khải Định,2112,466,2578,7.8551570059,test,False,observed_complete
2026-07-04,8,Lăng vua Khải Định,2079,508,2587,7.8586406556,test,False,observed_complete
2026-07-05,8,Lăng vua Khải Định,1769,651,2420,7.7919359569,test,False,observed_complete
2026-07-06,8,Lăng vua Khải Định,1596,386,1982,7.5923661285,test,False,observed_complete
2026-07-07,8,Lăng vua Khải Định,2122,596,2718,7.9080194446,test,False,observed_complete
2026-07-08,8,Lăng vua Khải Định,1858,488,2346,7.7608931959,test,False,observed_complete
2026-07-09,8,Lăng vua Khải Định,2024,463,2487,7.8192344539,test,False,observed_complete
2026-07-10,8,Lăng vua Khải Định,2438,584,3022,8.0140049948,test,False,observed_complete
2026-07-11,8,Lăng vua Khải Định,2366,407,2773,7.9280456009,test,False,observed_complete
2026-07-12,8,Lăng vua Khải Định,2246,503,2749,7.9193561907,test,False,observed_complete
2026-07-13,8,Lăng vua Khải Định,1996,436,2432,7.7968803428,test,False,observed_complete
2026-07-14,8,Lăng vua Khải Định,1777,700,2477,7.8152070622,test,False,observed_complete
2026-07-15,8,Lăng vua Khải Định,1628,677,2305,7.7432697008,test,False,observed_complete
2026-07-16,8,Lăng vua Khải Định,1824,654,2478,7.8156105320,test,False,observed_complete
2026-07-17,8,Lăng vua Khải Định,2047,842,2889,7.9690117811,test,False,observed_complete
2026-07-18,8,Lăng vua Khải Định,2169,612,2781,7.9309253725,test,False,observed_complete
2026-07-19,8,Lăng vua Khải Định,2051,571,2622,7.8720739799,test,False,observed_complete
2026-07-20,8,Lăng vua Khải Định,1779,635,2414,7.7894545661,test,False,observed_complete
2026-07-21,8,Lăng vua Khải Định,1365,660,2025,7.6138186848,test,False,observed_complete
2026-07-22,8,Lăng vua Khải Định,1768,725,2493,7.8216431262,test,False,observed_complete
2026-07-23,8,Lăng vua Khải Định,1714,581,2295,7.7389237574,test,False,observed_complete
2026-07-24,8,Lăng vua Khải Định,2014,569,2583,7.8570938649,test,False,observed_complete
2026-07-25,8,Lăng vua Khải Định,2471,719,3190,8.0680896263,test,False,observed_complete
2026-07-26,8,Lăng vua Khải Định,2249,577,2826,7.9469713577,test,False,observed_complete
2026-07-27,8,Lăng vua Khải Định,1658,562,2220,7.7057128239,test,False,observed_complete
2026-07-28,8,Lăng vua Khải Định,1443,744,2187,7.6907431635,test,False,observed_complete
2026-07-29,8,Lăng vua Khải Định,1292,854,2146,7.6718267979,test,False,observed_complete
2026-07-30,8,Lăng vua Khải Định,1374,711,2085,7.6430036356,test,False,observed_complete
2026-07-31,8,Lăng vua Khải Định,1375,647,2022,7.6123368372,test,False,observed_complete
2026-08-01,8,Lăng vua Khải Định,2166,696,2862,7.9596253051,test,False,observed_complete
2026-08-02,8,Lăng vua Khải Định,1662,592,2254,7.7209052519,test,False,observed_complete
2026-08-03,8,Lăng vua Khải Định,1488,735,2223,7.7070626554,test,False,observed_complete
2026-08-04,8,Lăng vua Khải Định,1186,760,1946,7.5740450054,test,False,observed_complete
2026-08-05,8,Lăng vua Khải Định,1100,829,1929,7.5652752819,test,False,observed_complete
2026-08-06,8,Lăng vua Khải Định,1385,872,2257,7.7222347447,test,False,observed_complete
2026-08-07,8,Lăng vua Khải Định,1652,811,2463,7.8095413247,test,False,observed_complete
2026-08-08,8,Lăng vua Khải Định,2274,793,3067,8.0287811625,test,False,observed_complete
2026-08-09,8,Lăng vua Khải Định,1666,1125,2791,7.9345134639,test,False,observed_complete
2026-08-10,8,Lăng vua Khải Định,1074,1043,2117,7.6582275262,test,False,observed_complete
2026-08-11,8,Lăng vua Khải Định,1004,952,1956,7.5791679674,test,False,observed_complete
2026-08-12,8,Lăng vua Khải Định,1021,1180,2201,7.6971213173,test,False,observed_complete
2026-08-13,8,Lăng vua Khải Định,863,872,1735,7.4593388952,test,False,observed_complete
2026-08-14,8,Lăng vua Khải Định,1238,958,2196,7.6948480724,test,False,observed_complete
2026-08-15,8,Lăng vua Khải Định,1642,1009,2651,7.8830693513,test,False,observed_complete
2026-08-16,8,Lăng vua Khải Định,1500,831,2331,7.7544815475,test,False,observed_complete
2026-08-17,8,Lăng vua Khải Định,952,940,1892,7.5459181512,test,False,observed_complete
2026-08-18,8,Lăng vua Khải Định,735,909,1644,7.4054956632,test,False,observed_complete
2026-08-19,8,Lăng vua Khải Định,55,962,1017,6.9255951971,test,False,observed_complete
2026-08-20,8,Lăng vua Khải Định,819,863,1682,7.4283331942,test,False,observed_complete
2026-08-21,8,Lăng vua Khải Định,846,933,1779,7.4843686433,test,False,observed_complete
2026-08-22,8,Lăng vua Khải Định,1306,739,2045,7.6236419465,test,False,observed_complete
2026-08-23,8,Lăng vua Khải Định,940,786,1726,7.4541410781,test,False,observed_complete
2026-08-24,8,Lăng vua Khải Định,759,501,1260,7.1396603360,test,False,observed_complete
