date,destination_id,destination,domestic_visitors,international_visitors,visitors,log1p_visitors,split,is_zero_day,data_quality_flag
2022-11-01,5,Đại Nội,20,17,37,3.6375861597,train,False,observed_complete
2022-11-02,5,Đại Nội,80,86,166,5.1179938124,train,False,observed_complete
2022-11-03,5,Đại Nội,29,26,55,4.0253516907,train,False,observed_complete
2022-11-04,5,Đại Nội,165,190,355,5.8749307309,train,False,observed_complete
2022-11-05,5,Đại Nội,368,123,491,6.1984787165,train,False,observed_complete
2022-11-06,5,Đại Nội,262,270,532,6.2785214242,train,False,observed_complete
2022-11-07,5,Đại Nội,286,302,588,6.3784261837,train,False,observed_complete
2022-11-08,5,Đại Nội,261,402,663,6.4982821495,train,False,observed_complete
2022-11-09,5,Đại Nội,366,612,978,6.8865316425,train,False,observed_complete
2022-11-10,5,Đại Nội,642,701,1343,7.2034055211,train,False,observed_complete
2022-11-11,5,Đại Nội,764,619,1383,7.2327331362,train,False,observed_complete
2022-11-12,5,Đại Nội,881,670,1551,7.3472997007,train,False,observed_complete
2022-11-13,5,Đại Nội,523,835,1358,7.2145044142,train,False,observed_complete
2022-11-14,5,Đại Nội,315,1049,1364,7.2189097076,train,False,observed_complete
2022-11-15,5,Đại Nội,219,454,673,6.5132301109,train,False,observed_complete
2022-11-16,5,Đại Nội,93,141,234,5.4595855141,train,False,observed_complete
2022-11-17,5,Đại Nội,364,1025,1389,7.2370590261,train,False,observed_complete
2022-11-18,5,Đại Nội,643,941,1584,7.3683396863,train,False,observed_complete
2022-11-19,5,Đại Nội,702,832,1534,7.3362856600,train,False,observed_complete
2022-11-20,5,Đại Nội,788,878,1666,7.4187808828,train,False,observed_complete
2022-11-21,5,Đại Nội,314,571,885,6.7867169506,train,False,observed_complete
2022-11-22,5,Đại Nội,654,1214,1868,7.5331588075,train,False,observed_complete
2022-11-23,5,Đại Nội,487,1103,1590,7.3721180283,train,False,observed_complete
2022-11-24,5,Đại Nội,771,1138,1909,7.5548585210,train,False,observed_complete
2022-11-25,5,Đại Nội,902,1291,2193,7.6934816408,train,False,observed_complete
2022-11-26,5,Đại Nội,978,1248,2226,7.7084106673,train,False,observed_complete
2022-11-27,5,Đại Nội,695,1137,1832,7.5137092478,train,False,observed_complete
2022-11-28,5,Đại Nội,706,958,1664,7.4175804024,train,False,observed_complete
2022-11-29,5,Đại Nội,676,1013,1689,7.4324838079,train,False,observed_complete
2022-11-30,5,Đại Nội,764,1068,1832,7.5137092478,train,False,observed_complete
2022-12-01,5,Đại Nội,608,1104,1712,7.4460014983,train,False,observed_complete
2022-12-02,5,Đại Nội,516,1331,1847,7.5218592522,train,False,observed_complete
2022-12-03,5,Đại Nội,578,955,1533,7.3356339819,train,False,observed_complete
2022-12-04,5,Đại Nội,922,1044,1966,7.5842648184,train,False,observed_complete
2022-12-05,5,Đại Nội,425,1041,1466,7.2909747781,train,False,observed_complete
2022-12-06,5,Đại Nội,296,1102,1398,7.2435129747,train,False,observed_complete
2022-12-07,5,Đại Nội,505,1027,1532,7.3349818789,train,False,observed_complete
2022-12-08,5,Đại Nội,274,1330,1604,7.3808790356,train,False,observed_complete
2022-12-09,5,Đại Nội,1035,909,1944,7.5730172561,train,False,observed_complete
2022-12-10,5,Đại Nội,745,555,1300,7.1708884785,train,False,observed_complete
2022-12-11,5,Đại Nội,864,1122,1986,7.5943812426,train,False,observed_complete
2022-12-12,5,Đại Nội,1017,1095,2112,7.6558640176,train,False,observed_complete
2022-12-13,5,Đại Nội,926,1253,2179,7.6870801558,train,False,observed_complete
2022-12-14,5,Đại Nội,957,1051,2008,7.6053923648,train,False,observed_complete
2022-12-15,5,Đại Nội,1087,1090,2177,7.6861623035,train,False,observed_complete
2022-12-16,5,Đại Nội,945,753,1698,7.4377951217,train,False,observed_complete
2022-12-17,5,Đại Nội,584,899,1483,7.3024964237,train,False,observed_complete
2022-12-18,5,Đại Nội,894,950,1844,7.5202345565,train,False,observed_complete
2022-12-19,5,Đại Nội,611,1145,1756,7.4713630882,train,False,observed_complete
2022-12-20,5,Đại Nội,688,1207,1895,7.5475016828,train,False,observed_complete
2022-12-21,5,Đại Nội,488,984,1472,7.2950564165,train,False,observed_complete
2022-12-22,5,Đại Nội,814,1316,2130,7.6643466321,train,False,observed_complete
2022-12-23,5,Đại Nội,986,1131,2117,7.6582275262,train,False,observed_complete
2022-12-24,5,Đại Nội,1134,1363,2497,7.8232456907,train,False,observed_complete
2022-12-25,5,Đại Nội,1138,1461,2599,7.8632667240,train,False,observed_complete
2022-12-26,5,Đại Nội,1690,1137,2827,7.9473250270,train,False,observed_complete
2022-12-27,5,Đại Nội,926,1537,2463,7.8095413247,train,False,observed_complete
2022-12-28,5,Đại Nội,902,1787,2689,7.8972964726,train,False,observed_complete
2022-12-29,5,Đại Nội,532,1696,2228,7.7093083334,train,False,observed_complete
2022-12-30,5,Đại Nội,693,1677,2370,7.7710670861,train,False,observed_complete
2022-12-31,5,Đại Nội,1093,1217,2310,7.7454356103,train,False,observed_complete
2023-01-01,5,Đại Nội,1422,1211,2633,7.8762588823,train,False,observed_complete
2023-01-02,5,Đại Nội,992,1372,2364,7.7685333009,train,False,observed_complete
2023-01-03,5,Đại Nội,863,1377,2240,7.7146774738,train,False,observed_complete
2023-01-04,5,Đại Nội,800,1364,2164,7.6801756404,train,False,observed_complete
2023-01-05,5,Đại Nội,532,1143,1675,7.4241652810,train,False,observed_complete
2023-01-06,5,Đại Nội,648,1277,1925,7.5632005924,train,False,observed_complete
2023-01-07,5,Đại Nội,907,1154,2061,7.6314316646,train,False,observed_complete
2023-01-08,5,Đại Nội,1195,1247,2442,7.8009820713,train,False,observed_complete
2023-01-09,5,Đại Nội,679,1034,1713,7.4465850992,train,False,observed_complete
2023-01-10,5,Đại Nội,740,1261,2001,7.6019019599,train,False,observed_complete
2023-01-11,5,Đại Nội,689,1208,1897,7.5485559792,train,False,observed_complete
2023-01-12,5,Đại Nội,614,1073,1687,7.4312996752,train,False,observed_complete
2023-01-13,5,Đại Nội,552,1102,1654,7.4115562878,train,False,observed_complete
2023-01-14,5,Đại Nội,694,1160,1854,7.5256399750,train,False,observed_complete
2023-01-15,5,Đại Nội,764,963,1727,7.4547199494,train,False,observed_complete
2023-01-16,5,Đại Nội,614,957,1571,7.3601039730,train,False,observed_complete
2023-01-17,5,Đại Nội,939,935,1874,7.5363639384,train,False,observed_complete
2023-01-18,5,Đại Nội,479,805,1284,7.1585139973,train,False,observed_complete
2023-01-19,5,Đại Nội,531,867,1398,7.2435129747,train,False,observed_complete
2023-01-20,5,Đại Nội,368,864,1232,7.1172055032,train,False,observed_complete
2023-01-21,5,Đại Nội,215,977,1192,7.0842264221,train,False,observed_complete
2023-01-22,5,Đại Nội,0,1192,1192,7.0842264221,train,False,observed_complete
2023-01-23,5,Đại Nội,0,1475,1475,7.2970910052,train,False,observed_complete
2023-01-24,5,Đại Nội,4,1287,1291,7.1639466843,train,False,observed_complete
2023-01-25,5,Đại Nội,3656,1264,4920,8.5012670409,train,False,observed_complete
2023-01-26,5,Đại Nội,5901,842,6743,8.8164084997,train,False,observed_complete
2023-01-27,5,Đại Nội,3562,834,4396,8.3886777692,train,False,observed_complete
2023-01-28,5,Đại Nội,1850,886,2736,7.9146177090,train,False,observed_complete
2023-01-29,5,Đại Nội,2295,853,3148,8.0548402211,train,False,observed_complete
2023-01-30,5,Đại Nội,1896,1070,2966,7.9953066203,train,False,observed_complete
2023-01-31,5,Đại Nội,1938,1208,3146,8.0542048971,train,False,observed_complete
2023-02-01,5,Đại Nội,1932,1210,3142,8.0529330368,train,False,observed_complete
2023-02-02,5,Đại Nội,1313,1243,2556,7.8465899753,train,False,observed_complete
2023-02-03,5,Đại Nội,1449,1520,2969,7.9963172318,train,False,observed_complete
2023-02-04,5,Đại Nội,1583,1195,2778,7.9298464297,train,False,observed_complete
2023-02-05,5,Đại Nội,1883,1222,3105,8.0410910037,train,False,observed_complete
2023-02-06,5,Đại Nội,1019,1581,2600,7.8636512654,train,False,observed_complete
2023-02-07,5,Đại Nội,1482,1796,3278,8.0952937768,train,False,observed_complete
2023-02-08,5,Đại Nội,1532,1495,3027,8.0156576146,train,False,observed_complete
2023-02-09,5,Đại Nội,1458,1647,3105,8.0410910037,train,False,observed_complete
2023-02-10,5,Đại Nội,1705,1714,3419,8.1373958301,train,False,observed_complete
2023-02-11,5,Đại Nội,2192,1598,3790,8.2403851155,train,False,observed_complete
2023-02-12,5,Đại Nội,1844,1798,3642,8.2005627970,train,False,observed_complete
2023-02-13,5,Đại Nội,1258,1603,2861,7.9592759601,train,False,observed_complete
2023-02-14,5,Đại Nội,1651,1488,3139,8.0519780789,train,False,observed_complete
2023-02-15,5,Đại Nội,810,1735,2545,7.8422787791,train,False,observed_complete
2023-02-16,5,Đại Nội,1367,2005,3372,8.1235578351,train,False,observed_complete
2023-02-17,5,Đại Nội,1476,1979,3455,8.1478671299,train,False,observed_complete
2023-02-18,5,Đại Nội,1823,1826,3649,8.2024824466,train,False,observed_complete
2023-02-19,5,Đại Nội,1128,1765,2893,7.9703949072,train,False,observed_complete
2023-02-20,5,Đại Nội,1052,1777,2829,7.9480319906,train,False,observed_complete
2023-02-21,5,Đại Nội,1368,2155,3523,8.1673519871,train,False,observed_complete
2023-02-22,5,Đại Nội,1544,1925,3469,8.1519098729,train,False,observed_complete
2023-02-23,5,Đại Nội,1434,1609,3043,8.0209277190,train,False,observed_complete
2023-02-24,5,Đại Nội,1581,1761,3342,8.1146238864,train,False,observed_complete
2023-02-25,5,Đại Nội,1984,1963,3947,8.2809644006,train,False,observed_complete
2023-02-26,5,Đại Nội,1960,1954,3914,8.2725706084,train,False,observed_complete
2023-02-27,5,Đại Nội,865,1761,2626,7.8735977897,train,False,observed_complete
2023-02-28,5,Đại Nội,1263,2150,3413,8.1356399034,train,False,observed_complete
2023-03-01,5,Đại Nội,914,1859,2773,7.9280456009,train,False,observed_complete
2023-03-02,5,Đại Nội,1330,1976,3306,8.1037967130,train,False,observed_complete
2023-03-03,5,Đại Nội,1609,1754,3363,8.1208860211,train,False,observed_complete
2023-03-04,5,Đại Nội,2092,1736,3828,8.2503589515,train,False,observed_complete
2023-03-05,5,Đại Nội,1563,1977,3540,8.1721644521,train,False,observed_complete
2023-03-06,5,Đại Nội,1073,1588,2661,7.8868329990,train,False,observed_complete
2023-03-07,5,Đại Nội,1335,2142,3477,8.1542126949,train,False,observed_complete
2023-03-08,5,Đại Nội,1271,1990,3261,8.0900957832,train,False,observed_complete
2023-03-09,5,Đại Nội,1383,1738,3121,8.0462291011,train,False,observed_complete
2023-03-10,5,Đại Nội,1500,2261,3761,8.2327060099,train,False,observed_complete
2023-03-11,5,Đại Nội,2147,2294,4441,8.3988600045,train,False,observed_complete
2023-03-12,5,Đại Nội,1748,2032,3780,8.2377438039,train,False,observed_complete
2023-03-13,5,Đại Nội,1353,2301,3654,8.2038513722,train,False,observed_complete
2023-03-14,5,Đại Nội,1268,2628,3896,8.2679623053,train,False,observed_complete
2023-03-15,5,Đại Nội,1360,1979,3339,8.1137260860,train,False,observed_complete
2023-03-16,5,Đại Nội,1600,1743,3343,8.1149229742,train,False,observed_complete
2023-03-17,5,Đại Nội,1605,2053,3658,8.2049451650,train,False,observed_complete
2023-03-18,5,Đại Nội,2090,2110,4200,8.3430778712,train,False,observed_complete
2023-03-19,5,Đại Nội,2357,1812,4169,8.3356713148,train,False,observed_complete
2023-03-20,5,Đại Nội,1712,1829,3541,8.1724468183,train,False,observed_complete
2023-03-21,5,Đại Nội,1236,2262,3498,8.1602324924,train,False,observed_complete
2023-03-22,5,Đại Nội,1163,2069,3232,8.0811657777,train,False,observed_complete
2023-03-23,5,Đại Nội,1078,2347,3425,8.1391486789,train,False,observed_complete
2023-03-24,5,Đại Nội,1420,2334,3754,8.2308435642,train,False,observed_complete
2023-03-25,5,Đại Nội,1928,2029,3957,8.2834941262,train,False,observed_complete
2023-03-26,5,Đại Nội,35,2121,2156,7.6764736464,train,False,observed_complete
2023-03-27,5,Đại Nội,1433,1738,3171,8.0621175828,train,False,observed_complete
2023-03-28,5,Đại Nội,1719,2395,4114,8.3223941131,train,False,observed_complete
2023-03-29,5,Đại Nội,1550,1947,3497,8.1599466556,train,False,observed_complete
2023-03-30,5,Đại Nội,1393,1821,3214,8.0755826367,train,False,observed_complete
2023-03-31,5,Đại Nội,1536,1738,3274,8.0940731481,train,False,observed_complete
2023-04-01,5,Đại Nội,1881,1356,3237,8.0827111342,train,False,observed_complete
2023-04-02,5,Đại Nội,1751,1732,3483,8.1559363380,train,False,observed_complete
2023-04-03,5,Đại Nội,1329,1545,2874,7.9638079532,train,False,observed_complete
2023-04-04,5,Đại Nội,865,1666,2531,7.8367647833,train,False,observed_complete
2023-04-05,5,Đại Nội,1143,2055,3198,8.0705935399,train,False,observed_complete
2023-04-06,5,Đại Nội,1451,1539,2990,8.0033630586,train,False,observed_complete
2023-04-07,5,Đại Nội,1905,1901,3806,8.2445967564,train,False,observed_complete
2023-04-08,5,Đại Nội,2144,2046,4190,8.3406946479,train,False,observed_complete
2023-04-09,5,Đại Nội,2015,1756,3771,8.2353606438,train,False,observed_complete
2023-04-10,5,Đại Nội,1712,1801,3513,8.1645102687,train,False,observed_complete
2023-04-11,5,Đại Nội,1618,2100,3718,8.2212100939,train,False,observed_complete
2023-04-12,5,Đại Nội,1569,1960,3529,8.1690531499,train,False,observed_complete
2023-04-13,5,Đại Nội,2120,1818,3938,8.2786821630,train,False,observed_complete
2023-04-14,5,Đại Nội,1722,1818,3540,8.1721644521,train,False,observed_complete
2023-04-15,5,Đại Nội,2468,1882,4350,8.3781609827,train,False,observed_complete
2023-04-16,5,Đại Nội,2355,1811,4166,8.3349516314,train,False,observed_complete
2023-04-17,5,Đại Nội,1354,1794,3148,8.0548402211,train,False,observed_complete
2023-04-18,5,Đại Nội,940,1964,2904,7.9741886693,train,False,observed_complete
2023-04-19,5,Đại Nội,1111,1947,3058,8.0258433442,train,False,observed_complete
2023-04-20,5,Đại Nội,778,1690,2468,7.8115684893,train,False,observed_complete
2023-04-21,5,Đại Nội,1555,1494,3049,8.0228968696,train,False,observed_complete
2023-04-22,5,Đại Nội,1753,2027,3780,8.2377438039,train,False,observed_complete
2023-04-23,5,Đại Nội,1770,1833,3603,8.1897996187,train,False,observed_complete
2023-04-24,5,Đại Nội,1149,1734,2883,7.9669334984,train,False,observed_complete
2023-04-25,5,Đại Nội,1016,2222,3238,8.0830199192,train,False,observed_complete
2023-04-26,5,Đại Nội,1088,1653,2741,7.9164428601,train,False,observed_complete
2023-04-27,5,Đại Nội,942,1747,2689,7.8972964726,train,False,observed_complete
2023-04-28,5,Đại Nội,1063,1844,2907,7.9752208387,train,False,observed_complete
2023-04-29,5,Đại Nội,4039,1588,5627,8.6355094182,train,False,observed_complete
2023-04-30,5,Đại Nội,7618,1281,8899,9.0938065557,train,False,observed_complete
2023-05-01,5,Đại Nội,10105,1282,11387,9.3403154484,train,False,observed_complete
2023-05-02,5,Đại Nội,5640,1745,7385,8.9073415954,train,False,observed_complete
2023-05-03,5,Đại Nội,2380,1082,3462,8.1498905444,train,False,observed_complete
2023-05-04,5,Đại Nội,1250,1146,2396,7.7819732344,train,False,observed_complete
2023-05-05,5,Đại Nội,1266,1186,2452,7.8050670443,train,False,observed_complete
2023-05-06,5,Đại Nội,1805,921,2726,7.9109573828,train,False,observed_complete
2023-05-07,5,Đại Nội,1464,891,2355,7.7647205448,train,False,observed_complete
2023-05-08,5,Đại Nội,1158,1289,2447,7.8030266436,train,False,observed_complete
2023-05-09,5,Đại Nội,1111,1534,2645,7.8808043447,train,False,observed_complete
2023-05-10,5,Đại Nội,1251,1380,2631,7.8754992924,train,False,observed_complete
2023-05-11,5,Đại Nội,1161,1558,2719,7.9083871593,train,False,observed_complete
2023-05-12,5,Đại Nội,1256,1366,2622,7.8720739799,train,False,observed_complete
2023-05-13,5,Đại Nội,1897,1277,3174,8.0630629113,train,False,observed_complete
2023-05-14,5,Đại Nội,1728,1352,3080,8.0330094986,train,False,observed_complete
2023-05-15,5,Đại Nội,1271,864,2135,7.6666902001,train,False,observed_complete
2023-05-16,5,Đại Nội,1219,1451,2670,7.8902082131,train,False,observed_complete
2023-05-17,5,Đại Nội,1077,1144,2221,7.7061629702,train,False,observed_complete
2023-05-18,5,Đại Nội,1488,964,2452,7.8050670443,train,False,observed_complete
2023-05-19,5,Đại Nội,1423,1381,2804,7.9391588180,train,False,observed_complete
2023-05-20,5,Đại Nội,1934,943,2877,7.9648508874,train,False,observed_complete
2023-05-21,5,Đại Nội,1798,1117,2915,7.9779680931,train,False,observed_complete
2023-05-22,5,Đại Nội,1375,1041,2416,7.7902823807,train,False,observed_complete
2023-05-23,5,Đại Nội,1579,1193,2772,7.9276850456,train,False,observed_complete
2023-05-24,5,Đại Nội,1347,1083,2430,7.7960579743,train,False,observed_complete
2023-05-25,5,Đại Nội,1797,1023,2820,7.9448467110,train,False,observed_complete
2023-05-26,5,Đại Nội,2149,866,3015,8.0116867291,train,False,observed_complete
2023-05-27,5,Đại Nội,2407,1137,3544,8.1732934390,train,False,observed_complete
2023-05-28,5,Đại Nội,2632,1078,3710,8.2190566611,train,False,observed_complete
2023-05-29,5,Đại Nội,2298,1120,3418,8.1371033896,train,False,observed_complete
2023-05-30,5,Đại Nội,2141,1296,3437,8.1426451859,train,False,observed_complete
2023-05-31,5,Đại Nội,1920,1081,3001,8.0070340122,train,False,observed_complete
2023-06-01,5,Đại Nội,2494,940,3434,8.1417722047,train,False,observed_complete
2023-06-02,5,Đại Nội,2144,939,3083,8.0339827347,train,False,observed_complete
2023-06-03,5,Đại Nội,2811,1037,3848,8.2555686533,train,False,observed_complete
2023-06-04,5,Đại Nội,3218,795,4013,8.2975435294,train,False,observed_complete
2023-06-05,5,Đại Nội,1306,422,1728,7.4552984857,train,False,observed_complete
2023-06-06,5,Đại Nội,3622,1411,5033,8.5239701757,train,False,observed_complete
2023-06-07,5,Đại Nội,2915,543,3458,8.1487348089,train,False,observed_complete
2023-06-08,5,Đại Nội,3089,783,3872,8.2617846795,train,False,observed_complete
2023-06-09,5,Đại Nội,3541,707,4248,8.3544389401,train,False,observed_complete
2023-06-10,5,Đại Nội,4097,807,4904,8.4980103720,train,False,observed_complete
2023-06-11,5,Đại Nội,4099,975,5074,8.5320818039,train,False,observed_complete
2023-06-12,5,Đại Nội,3161,851,4012,8.2972943703,train,False,observed_complete
2023-06-13,5,Đại Nội,3367,785,4152,8.3315862436,train,False,observed_complete
2023-06-14,5,Đại Nội,3057,831,3888,8.2659073342,train,False,observed_complete
2023-06-15,5,Đại Nội,3670,680,4350,8.3781609827,train,False,observed_complete
2023-06-16,5,Đại Nội,4122,694,4816,8.4799066066,train,False,observed_complete
2023-06-17,5,Đại Nội,3354,787,4141,8.3289340420,train,False,observed_complete
2023-06-18,5,Đại Nội,3653,704,4357,8.3797685155,train,False,observed_complete
2023-06-19,5,Đại Nội,3110,784,3894,8.2674489583,train,False,observed_complete
2023-06-20,5,Đại Nội,2900,855,3755,8.2311098403,train,False,observed_complete
2023-06-21,5,Đại Nội,2568,825,3393,8.1297644458,train,False,observed_complete
2023-06-22,5,Đại Nội,3571,684,4255,8.3560850310,train,False,observed_complete
2023-06-23,5,Đại Nội,3803,490,4293,8.3649739784,train,False,observed_complete
2023-06-24,5,Đại Nội,3474,889,4363,8.3811443470,train,False,observed_complete
2023-06-25,5,Đại Nội,3451,887,4338,8.3753991858,train,False,observed_complete
2023-06-26,5,Đại Nội,3524,618,4142,8.3291754421,train,False,observed_complete
2023-06-27,5,Đại Nội,2941,1028,3969,8.2865213737,train,False,observed_complete
2023-06-28,5,Đại Nội,2548,1004,3552,8.1755475960,train,False,observed_complete
2023-06-29,5,Đại Nội,2630,708,3338,8.1134266399,train,False,observed_complete
2023-06-30,5,Đại Nội,2945,635,3580,8.1833973700,train,False,observed_complete
2023-07-01,5,Đại Nội,2983,970,3953,8.2824830037,train,False,observed_complete
2023-07-02,5,Đại Nội,3515,1029,4544,8.4217830066,train,False,observed_complete
2023-07-03,5,Đại Nội,3150,762,3912,8.2720596222,train,False,observed_complete
2023-07-04,5,Đại Nội,4214,701,4915,8.5002504707,train,False,observed_complete
2023-07-05,5,Đại Nội,3665,975,4640,8.4426851392,train,False,observed_complete
2023-07-06,5,Đại Nội,4282,575,4857,8.4883821096,train,False,observed_complete
2023-07-07,5,Đại Nội,4876,862,5738,8.6550402581,train,False,observed_complete
2023-07-08,5,Đại Nội,4041,977,5018,8.5209859897,train,False,observed_complete
2023-07-09,5,Đại Nội,4689,902,5591,8.6290922839,train,False,observed_complete
2023-07-10,5,Đại Nội,4561,959,5520,8.6163142823,train,False,observed_complete
2023-07-11,5,Đại Nội,3519,1067,4586,8.4309814946,train,False,observed_complete
2023-07-12,5,Đại Nội,3398,784,4182,8.3387839714,train,False,observed_complete
2023-07-13,5,Đại Nội,4126,732,4858,8.4885879344,train,False,observed_complete
2023-07-14,5,Đại Nội,3932,1024,4956,8.5085559980,train,False,observed_complete
2023-07-15,5,Đại Nội,4494,1267,5761,8.6590399156,train,False,observed_complete
2023-07-16,5,Đại Nội,4887,813,5700,8.6483968770,train,False,observed_complete
2023-07-17,5,Đại Nội,3672,845,4517,8.4158246970,train,False,observed_complete
2023-07-18,5,Đại Nội,2576,949,3525,8.1679193630,train,False,observed_complete
2023-07-19,5,Đại Nội,2696,1210,3906,8.2705250951,train,False,observed_complete
2023-07-20,5,Đại Nội,3340,1020,4360,8.3804566678,train,False,observed_complete
2023-07-21,5,Đại Nội,4230,1138,5368,8.5883969504,train,False,observed_complete
2023-07-22,5,Đại Nội,4465,1154,5619,8.6340869429,train,False,observed_complete
2023-07-23,5,Đại Nội,4100,922,5022,8.5217826438,train,False,observed_complete
2023-07-24,5,Đại Nội,3394,632,4026,8.3007769609,train,False,observed_complete
2023-07-25,5,Đại Nội,2815,1360,4175,8.3371091296,train,False,observed_complete
2023-07-26,5,Đại Nội,2908,1224,4132,8.3267588145,train,False,observed_complete
2023-07-27,5,Đại Nội,3289,1152,4441,8.3988600045,train,False,observed_complete
2023-07-28,5,Đại Nội,3492,1039,4531,8.4189186221,train,False,observed_complete
2023-07-29,5,Đại Nội,3713,1161,4874,8.4918753834,train,False,observed_complete
2023-07-30,5,Đại Nội,3693,1620,5313,8.5781001263,train,False,observed_complete
2023-07-31,5,Đại Nội,2283,1379,3662,8.2060377628,train,False,observed_complete
2023-08-01,5,Đại Nội,2026,1379,3405,8.1332938612,train,False,observed_complete
2023-08-02,5,Đại Nội,2605,1259,3864,8.2597169610,train,False,observed_complete
2023-08-03,5,Đại Nội,2439,1389,3828,8.2503589515,train,False,observed_complete
2023-08-04,5,Đại Nội,3217,1281,4498,8.4116104288,train,False,observed_complete
2023-08-05,5,Đại Nội,3176,1368,4544,8.4217830066,train,False,observed_complete
2023-08-06,5,Đại Nội,2829,1469,4298,8.3661377165,train,False,observed_complete
2023-08-07,5,Đại Nội,2456,1541,3997,8.2935495151,train,False,observed_complete
2023-08-08,5,Đại Nội,2256,1943,4199,8.3428398043,train,False,observed_complete
2023-08-09,5,Đại Nội,1788,1648,3436,8.1423542768,train,False,observed_complete
2023-08-10,5,Đại Nội,2664,1734,4398,8.3891325213,train,False,observed_complete
2023-08-11,5,Đại Nội,2660,1602,4262,8.3577284168,train,False,observed_complete
2023-08-12,5,Đại Nội,3520,1918,5438,8.6013504994,train,False,observed_complete
2023-08-13,5,Đại Nội,2856,2162,5018,8.5209859897,train,False,observed_complete
2023-08-14,5,Đại Nội,2318,1785,4103,8.3197173869,train,False,observed_complete
2023-08-15,5,Đại Nội,1672,2085,3757,8.2316421800,train,False,observed_complete
2023-08-16,5,Đại Nội,1572,1546,3118,8.0452677166,train,False,observed_complete
2023-08-17,5,Đại Nội,1966,1602,3568,8.1800407235,train,False,observed_complete
2023-08-18,5,Đại Nội,2559,1205,3764,8.2335031402,train,False,observed_complete
2023-08-19,5,Đại Nội,2780,1542,4322,8.3717048847,train,False,observed_complete
2023-08-20,5,Đại Nội,2501,1620,4121,8.3240937615,train,False,observed_complete
2023-08-21,5,Đại Nội,1556,1470,3026,8.0153273090,train,False,observed_complete
2023-08-22,5,Đại Nội,1461,1523,2984,8.0013550258,train,False,observed_complete
2023-08-23,5,Đại Nội,1527,1772,3299,8.1016777475,train,False,observed_complete
2023-08-24,5,Đại Nội,1605,1194,2799,7.9373746962,train,False,observed_complete
2023-08-25,5,Đại Nội,2102,1059,3161,8.0589600178,train,False,observed_complete
2023-08-26,5,Đại Nội,2193,1068,3261,8.0900957832,train,False,observed_complete
2023-08-27,5,Đại Nội,1703,1196,2899,7.9724660160,train,False,observed_complete
2023-08-28,5,Đại Nội,1103,1061,2164,7.6801756404,train,False,observed_complete
2023-08-29,5,Đại Nội,1060,1286,2346,7.7608931959,train,False,observed_complete
2023-08-30,5,Đại Nội,1024,1055,2079,7.6401231727,train,False,observed_complete
2023-08-31,5,Đại Nội,1152,815,1967,7.5847730776,train,False,observed_complete
2023-09-01,5,Đại Nội,2352,903,3255,8.0882547271,train,False,observed_complete
2023-09-02,5,Đại Nội,46,1093,1139,7.0387835414,train,False,observed_complete
2023-09-03,5,Đại Nội,2711,896,3607,8.1909088812,train,False,observed_complete
2023-09-04,5,Đại Nội,1474,910,2384,7.7769544033,train,False,observed_complete
2023-09-05,5,Đại Nội,616,1095,1711,7.4454175567,train,False,observed_complete
2023-09-06,5,Đại Nội,594,1120,1714,7.4471683596,train,False,observed_complete
2023-09-07,5,Đại Nội,705,1026,1731,7.4570320891,train,False,observed_complete
2023-09-08,5,Đại Nội,1143,1301,2444,7.8018004019,train,False,observed_complete
2023-09-09,5,Đại Nội,1361,1248,2609,7.8671055003,train,False,observed_complete
2023-09-10,5,Đại Nội,1053,1203,2256,7.7217917768,train,False,observed_complete
2023-09-11,5,Đại Nội,1093,1137,2230,7.7102051944,train,False,observed_complete
2023-09-12,5,Đại Nội,897,1430,2327,7.7527648089,train,False,observed_complete
2023-09-13,5,Đại Nội,853,1036,1889,7.5443321081,train,False,observed_complete
2023-09-14,5,Đại Nội,1060,1158,2218,7.7048119229,train,False,observed_complete
2023-09-15,5,Đại Nội,906,1117,2023,7.6128310304,train,False,observed_complete
2023-09-16,5,Đại Nội,1175,1461,2636,7.8773971864,train,False,observed_complete
2023-09-17,5,Đại Nội,1112,1363,2475,7.8143996338,train,False,observed_complete
2023-09-18,5,Đại Nội,814,1667,2481,7.8168199658,train,False,observed_complete
2023-09-19,5,Đại Nội,1087,1570,2657,7.8853292393,train,False,observed_complete
2023-09-20,5,Đại Nội,764,1414,2178,7.6866213349,train,False,observed_complete
2023-09-21,5,Đại Nội,822,1145,1967,7.5847730776,train,False,observed_complete
2023-09-22,5,Đại Nội,1073,1589,2662,7.8872085858,train,False,observed_complete
2023-09-23,5,Đại Nội,1200,1081,2281,7.7328075304,train,False,observed_complete
2023-09-24,5,Đại Nội,1265,1299,2564,7.8497137576,train,False,observed_complete
2023-09-25,5,Đại Nội,423,1054,1477,7.2984451015,train,False,observed_complete
2023-09-26,5,Đại Nội,890,1438,2328,7.7531942699,train,False,observed_complete
2023-09-27,5,Đại Nội,850,1406,2256,7.7217917768,train,False,observed_complete
2023-09-28,5,Đại Nội,567,1339,1906,7.5532866056,train,False,observed_complete
2023-09-29,5,Đại Nội,806,1280,2086,7.6434829071,train,False,observed_complete
2023-09-30,5,Đại Nội,829,1376,2205,7.6989361998,train,False,observed_complete
2023-10-01,5,Đại Nội,1112,1268,2380,7.7752758465,train,False,observed_complete
2023-10-02,5,Đại Nội,799,1276,2075,7.6381982443,train,False,observed_complete
2023-10-03,5,Đại Nội,491,1127,1618,7.3895639537,train,False,observed_complete
2023-10-04,5,Đại Nội,507,1287,1794,7.4927603009,train,False,observed_complete
2023-10-05,5,Đại Nội,686,1043,1729,7.4558766875,train,False,observed_complete
2023-10-06,5,Đại Nội,599,1475,2074,7.6377164327,train,False,observed_complete
2023-10-07,5,Đại Nội,1122,1602,2724,7.9102237071,train,False,observed_complete
2023-10-08,5,Đại Nội,1463,1562,3025,8.0149968943,train,False,observed_complete
2023-10-09,5,Đại Nội,727,1391,2118,7.6586995583,train,False,observed_complete
2023-10-10,5,Đại Nội,458,1492,1950,7.5760973406,train,False,observed_complete
2023-10-11,5,Đại Nội,655,1204,1859,7.5283317667,train,False,observed_complete
2023-10-12,5,Đại Nội,691,1522,2213,7.7025561133,train,False,observed_complete
2023-10-13,5,Đại Nội,298,1218,1516,7.3244899793,train,False,observed_complete
2023-10-14,5,Đại Nội,657,1705,2362,7.7676872772,train,False,observed_complete
2023-10-15,5,Đại Nội,440,1436,1876,7.5374300366,train,False,observed_complete
2023-10-16,5,Đại Nội,411,1669,2080,7.6406038264,train,False,observed_complete
2023-10-17,5,Đại Nội,352,1320,1672,7.4223737010,train,False,observed_complete
2023-10-18,5,Đại Nội,253,1597,1850,7.5234813126,train,False,observed_complete
2023-10-19,5,Đại Nội,718,1518,2236,7.7128909615,train,False,observed_complete
2023-10-20,5,Đại Nội,516,1847,2363,7.7681103785,train,False,observed_complete
2023-10-21,5,Đại Nội,667,1640,2307,7.7441366276,train,False,observed_complete
2023-10-22,5,Đại Nội,684,1763,2447,7.8030266436,train,False,observed_complete
2023-10-23,5,Đại Nội,346,1346,1692,7.4342573821,train,False,observed_complete
2023-10-24,5,Đại Nội,452,1518,1970,7.5862963072,train,False,observed_complete
2023-10-25,5,Đại Nội,593,1617,2210,7.7012001809,train,False,observed_complete
2023-10-26,5,Đại Nội,526,1894,2420,7.7919359569,train,False,observed_complete
2023-10-27,5,Đại Nội,821,2234,3055,8.0248621503,train,False,observed_complete
2023-10-28,5,Đại Nội,977,2025,3002,8.0073670680,train,False,observed_complete
2023-10-29,5,Đại Nội,783,2051,2834,7.9497972162,train,False,observed_complete
2023-10-30,5,Đại Nội,344,1550,1894,7.5469741175,train,False,observed_complete
2023-10-31,5,Đại Nội,437,1863,2300,7.7410990900,train,False,observed_complete
2023-11-01,5,Đại Nội,620,1416,2036,7.6192334162,train,False,observed_complete
2023-11-02,5,Đại Nội,561,1830,2391,7.7798851151,train,False,observed_complete
2023-11-03,5,Đại Nội,533,2012,2545,7.8422787791,train,False,observed_complete
2023-11-04,5,Đại Nội,924,1867,2791,7.9345134639,train,False,observed_complete
2023-11-05,5,Đại Nội,697,2034,2731,7.9127892207,train,False,observed_complete
2023-11-06,5,Đại Nội,583,2032,2615,7.8694017126,train,False,observed_complete
2023-11-07,5,Đại Nội,373,1898,2271,7.7284157798,train,False,observed_complete
2023-11-08,5,Đại Nội,425,2231,2656,7.8849529458,train,False,observed_complete
2023-11-09,5,Đại Nội,495,2051,2546,7.8426714750,train,False,observed_complete
2023-11-10,5,Đại Nội,891,2309,3200,8.0712185400,train,False,observed_complete
2023-11-11,5,Đại Nội,1127,2451,3578,8.1828387108,train,False,observed_complete
2023-11-12,5,Đại Nội,1032,2605,3637,8.1991893591,train,False,observed_complete
2023-11-13,5,Đại Nội,732,1967,2699,7.9010070520,train,False,observed_complete
2023-11-14,5,Đại Nội,478,2823,3301,8.1022836245,train,False,observed_complete
2023-11-15,5,Đại Nội,0,0,0,0.0000000000,train,True,observed_complete
2023-11-16,5,Đại Nội,234,1121,1355,7.2122944685,train,False,observed_complete
2023-11-17,5,Đại Nội,308,2605,2913,7.9772819868,train,False,observed_complete
2023-11-18,5,Đại Nội,640,2591,3231,8.0808564196,train,False,observed_complete
2023-11-19,5,Đại Nội,742,2276,3018,8.0126809297,train,False,observed_complete
2023-11-20,5,Đại Nội,463,2919,3382,8.1265181688,train,False,observed_complete
2023-11-21,5,Đại Nội,435,2260,2695,7.8995244720,train,False,observed_complete
2023-11-22,5,Đại Nội,385,2411,2796,7.9363026932,train,False,observed_complete
2023-11-23,5,Đại Nội,653,2283,2936,7.9851439312,train,False,observed_complete
2023-11-24,5,Đại Nội,549,2355,2904,7.9741886693,train,False,observed_complete
2023-11-25,5,Đại Nội,865,2439,3304,8.1031917523,train,False,observed_complete
2023-11-26,5,Đại Nội,1021,2304,3325,8.1095256598,train,False,observed_complete
2023-11-27,5,Đại Nội,416,2453,2869,7.9620673088,train,False,observed_complete
2023-11-28,5,Đại Nội,552,2227,2779,7.9302062067,train,False,observed_complete
2023-11-29,5,Đại Nội,736,2577,3313,8.1059111980,train,False,observed_complete
2023-11-30,5,Đại Nội,637,1889,2526,7.8347881074,train,False,observed_complete
2023-12-01,5,Đại Nội,628,1767,2395,7.7815559592,train,False,observed_complete
2023-12-02,5,Đại Nội,752,2254,3006,8.0086981830,train,False,observed_complete
2023-12-03,5,Đại Nội,707,2212,2919,7.9793388953,train,False,observed_complete
2023-12-04,5,Đại Nội,433,1976,2409,7.7873820265,train,False,observed_complete
2023-12-05,5,Đại Nội,632,2070,2702,7.9021175463,train,False,observed_complete
2023-12-06,5,Đại Nội,723,2432,3155,8.0570606820,train,False,observed_complete
2023-12-07,5,Đại Nội,386,1936,2322,7.7506147328,train,False,observed_complete
2023-12-08,5,Đại Nội,971,2055,3026,8.0153273090,train,False,observed_complete
2023-12-09,5,Đại Nội,847,1990,2837,7.9508548577,train,False,observed_complete
2023-12-10,5,Đại Nội,968,2272,3240,8.0836372031,train,False,observed_complete
2023-12-11,5,Đại Nội,539,1792,2331,7.7544815475,train,False,observed_complete
2023-12-12,5,Đại Nội,654,1773,2427,7.7948231522,train,False,observed_complete
2023-12-13,5,Đại Nội,1020,1745,2765,7.9251575122,train,False,observed_complete
2023-12-14,5,Đại Nội,756,1619,2375,7.7731736805,train,False,observed_complete
2023-12-15,5,Đại Nội,755,1841,2596,7.8621122117,train,False,observed_complete
2023-12-16,5,Đại Nội,1202,1786,2988,8.0026941623,train,False,observed_complete
2023-12-17,5,Đại Nội,660,1784,2444,7.8018004019,train,False,observed_complete
2023-12-18,5,Đại Nội,566,1924,2490,7.8204395153,train,False,observed_complete
2023-12-19,5,Đại Nội,786,2092,2878,7.9651982906,train,False,observed_complete
2023-12-20,5,Đại Nội,706,1507,2213,7.7025561133,train,False,observed_complete
2023-12-21,5,Đại Nội,574,1663,2237,7.7133378889,train,False,observed_complete
2023-12-22,5,Đại Nội,545,1640,2185,7.6898286687,train,False,observed_complete
2023-12-23,5,Đại Nội,897,1891,2788,7.9334383876,train,False,observed_complete
2023-12-24,5,Đại Nội,724,1849,2573,7.8532163882,train,False,observed_complete
2023-12-25,5,Đại Nội,986,2002,2988,8.0026941623,train,False,observed_complete
2023-12-26,5,Đại Nội,1035,2289,3324,8.1092249531,train,False,observed_complete
2023-12-27,5,Đại Nội,898,3096,3994,8.2927988582,train,False,observed_complete
2023-12-28,5,Đại Nội,961,2383,3344,8.1152219726,train,False,observed_complete
2023-12-29,5,Đại Nội,1229,3074,4303,8.3673001018,train,False,observed_complete
2023-12-30,5,Đại Nội,2173,3241,5414,8.5969281594,train,False,observed_complete
2023-12-31,5,Đại Nội,2054,2168,4222,8.3483010549,train,False,observed_complete
2024-01-01,5,Đại Nội,1235,2235,3470,8.1521980159,train,False,observed_complete
2024-01-02,5,Đại Nội,717,2609,3326,8.1098262760,train,False,observed_complete
2024-01-03,5,Đại Nội,782,2231,3013,8.0110233792,train,False,observed_complete
2024-01-04,5,Đại Nội,736,2211,2947,7.9888822533,train,False,observed_complete
2024-01-05,5,Đại Nội,938,1974,2912,7.9769387570,train,False,observed_complete
2024-01-06,5,Đại Nội,1151,2097,3248,8.0861025357,train,False,observed_complete
2024-01-07,5,Đại Nội,1106,2169,3275,8.0943784450,train,False,observed_complete
2024-01-08,5,Đại Nội,912,1837,2749,7.9193561907,train,False,observed_complete
2024-01-09,5,Đại Nội,650,1809,2459,7.8079166289,train,False,observed_complete
2024-01-10,5,Đại Nội,667,1890,2557,7.8469809821,train,False,observed_complete
2024-01-11,5,Đại Nội,671,1890,2561,7.8485434825,train,False,observed_complete
2024-01-12,5,Đại Nội,985,2201,3186,8.0668353144,train,False,observed_complete
2024-01-13,5,Đại Nội,991,2277,3268,8.0922394067,train,False,observed_complete
2024-01-14,5,Đại Nội,1463,2038,3501,8.1610895128,train,False,observed_complete
2024-01-15,5,Đại Nội,564,2397,2961,7.9936199948,train,False,observed_complete
2024-01-16,5,Đại Nội,630,2324,2954,7.9912539298,train,False,observed_complete
2024-01-17,5,Đại Nội,919,2053,2972,7.9973268230,train,False,observed_complete
2024-01-18,5,Đại Nội,636,1923,2559,7.8477625375,train,False,observed_complete
2024-01-19,5,Đại Nội,826,2272,3098,8.0388347578,train,False,observed_complete
2024-01-20,5,Đại Nội,767,2684,3451,8.1467090522,train,False,observed_complete
2024-01-21,5,Đại Nội,840,2512,3352,8.1176107465,train,False,observed_complete
2024-01-22,5,Đại Nội,878,2315,3193,8.0690293288,train,False,observed_complete
2024-01-23,5,Đại Nội,518,2372,2890,7.9693577420,train,False,observed_complete
2024-01-24,5,Đại Nội,394,2295,2689,7.8972964726,train,False,observed_complete
2024-01-25,5,Đại Nội,423,2117,2540,7.8403129833,train,False,observed_complete
2024-01-26,5,Đại Nội,550,2168,2718,7.9080194446,train,False,observed_complete
2024-01-27,5,Đại Nội,855,2236,3091,8.0365734097,train,False,observed_complete
2024-01-28,5,Đại Nội,604,2175,2779,7.9302062067,train,False,observed_complete
2024-01-29,5,Đại Nội,661,2216,2877,7.9648508874,train,False,observed_complete
2024-01-30,5,Đại Nội,430,2205,2635,7.8770178956,train,False,observed_complete
2024-01-31,5,Đại Nội,496,2118,2614,7.8690193765,train,False,observed_complete
2024-02-01,5,Đại Nội,360,2009,2369,7.7706452341,train,False,observed_complete
2024-02-02,5,Đại Nội,640,1682,2322,7.7506147328,train,False,observed_complete
2024-02-03,5,Đại Nội,932,1628,2560,7.8481530862,train,False,observed_complete
2024-02-04,5,Đại Nội,951,1658,2609,7.8671055003,train,False,observed_complete
2024-02-05,5,Đại Nội,1356,1876,3232,8.0811657777,train,False,observed_complete
2024-02-06,5,Đại Nội,974,1569,2543,7.8414929245,train,False,observed_complete
2024-02-07,5,Đại Nội,795,1394,2189,7.6916568228,train,False,observed_complete
2024-02-08,5,Đại Nội,695,1140,1835,7.5153445712,train,False,observed_complete
2024-02-09,5,Đại Nội,338,1427,1765,7.4764723812,train,False,observed_complete
2024-02-10,5,Đại Nội,21,1779,1800,7.4960973452,train,False,observed_complete
2024-02-11,5,Đại Nội,58,2341,2399,7.7832240163,train,False,observed_complete
2024-02-12,5,Đại Nội,17,2228,2245,7.7169061353,train,False,observed_complete
2024-02-13,5,Đại Nội,6690,2231,8921,9.0962754157,train,False,observed_complete
2024-02-14,5,Đại Nội,7435,2033,9468,9.1557785840,train,False,observed_complete
2024-02-15,5,Đại Nội,5848,2130,7978,8.9845683693,train,False,observed_complete
2024-02-16,5,Đại Nội,5568,2509,8077,8.9968995961,train,False,observed_complete
2024-02-17,5,Đại Nội,4205,2503,6708,8.8112051876,train,False,observed_complete
2024-02-18,5,Đại Nội,3042,2295,5337,8.5826063300,train,False,observed_complete
2024-02-19,5,Đại Nội,1775,2013,3788,8.2398574110,train,False,observed_complete
2024-02-20,5,Đại Nội,1812,2685,4497,8.4113881325,train,False,observed_complete
2024-02-21,5,Đại Nội,1489,3043,4532,8.4191392509,train,False,observed_complete
2024-02-22,5,Đại Nội,1557,3133,4690,8.4534010583,train,False,observed_complete
2024-02-23,5,Đại Nội,1753,2724,4477,8.4069317972,train,False,observed_complete
2024-02-24,5,Đại Nội,2130,3279,5409,8.5960043718,train,False,observed_complete
2024-02-25,5,Đại Nội,2089,3458,5547,8.6211927814,train,False,observed_complete
2024-02-26,5,Đại Nội,1412,3222,4634,8.4413914780,train,False,observed_complete
2024-02-27,5,Đại Nội,1338,2897,4235,8.3513747067,train,False,observed_complete
2024-02-28,5,Đại Nội,1698,3138,4836,8.4840499728,train,False,observed_complete
2024-02-29,5,Đại Nội,2080,2719,4799,8.4763711969,train,False,observed_complete
2024-03-01,5,Đại Nội,1358,3018,4376,8.3841188372,train,False,observed_complete
2024-03-02,5,Đại Nội,2730,3761,6491,8.7783259286,train,False,observed_complete
2024-03-03,5,Đại Nội,2965,3254,6219,8.7355251857,train,False,observed_complete
2024-03-04,5,Đại Nội,2091,3048,5139,8.5448083584,train,False,observed_complete
2024-03-05,5,Đại Nội,1454,3052,4506,8.4133870227,train,False,observed_complete
2024-03-06,5,Đại Nội,1707,3059,4766,8.4694724552,train,False,observed_complete
2024-03-07,5,Đại Nội,2172,3056,5228,8.5619753342,train,False,observed_complete
2024-03-08,5,Đại Nội,1349,3271,4620,8.4383664109,train,False,observed_complete
2024-03-09,5,Đại Nội,2566,3560,6126,8.7204605127,train,False,observed_complete
2024-03-10,5,Đại Nội,2862,3719,6581,8.7920939295,train,False,observed_complete
2024-03-11,5,Đại Nội,1666,3649,5315,8.5784764198,train,False,observed_complete
2024-03-12,5,Đại Nội,1519,3589,5108,8.5387589693,train,False,observed_complete
2024-03-13,5,Đại Nội,1502,3171,4673,8.4497705151,train,False,observed_complete
2024-03-14,5,Đại Nội,1279,3470,4749,8.4658998970,train,False,observed_complete
2024-03-15,5,Đại Nội,1725,3298,5023,8.5219817081,train,False,observed_complete
2024-03-16,5,Đại Nội,2750,3734,6484,8.7772470968,train,False,observed_complete
2024-03-17,5,Đại Nội,2848,2998,5846,8.6736839882,train,False,observed_complete
2024-03-18,5,Đại Nội,1763,2758,4521,8.4167096528,train,False,observed_complete
2024-03-19,5,Đại Nội,1235,3872,5107,8.5385632172,train,False,observed_complete
2024-03-20,5,Đại Nội,1255,2944,4199,8.3428398043,train,False,observed_complete
2024-03-21,5,Đại Nội,1787,3171,4958,8.5089593865,train,False,observed_complete
2024-03-22,5,Đại Nội,1685,3289,4974,8.5121806496,train,False,observed_complete
2024-03-23,5,Đại Nội,2300,3016,5316,8.5786645135,train,False,observed_complete
2024-03-24,5,Đại Nội,2287,2904,5191,8.5548742584,train,False,observed_complete
2024-03-25,5,Đại Nội,1546,2555,4101,8.3192299386,train,False,observed_complete
2024-03-26,5,Đại Nội,23,3044,3067,8.0287811625,train,False,observed_complete
2024-03-27,5,Đại Nội,1149,3097,4246,8.3539681303,train,False,observed_complete
2024-03-28,5,Đại Nội,1282,2709,3991,8.2920476374,train,False,observed_complete
2024-03-29,5,Đại Nội,1939,2983,4922,8.5016733798,train,False,observed_complete
2024-03-30,5,Đại Nội,2570,2718,5288,8.5733844711,train,False,observed_complete
2024-03-31,5,Đại Nội,2595,2511,5106,8.5383674266,train,False,observed_complete
2024-04-01,5,Đại Nội,1390,2386,3776,8.2366853227,train,False,observed_complete
2024-04-02,5,Đại Nội,1292,3091,4383,8.3857168286,train,False,observed_complete
2024-04-03,5,Đại Nội,1260,2275,3535,8.1707514238,train,False,observed_complete
2024-04-04,5,Đại Nội,1611,2072,3683,8.2117543974,train,False,observed_complete
2024-04-05,5,Đại Nội,1729,2324,4053,8.3074593270,train,False,observed_complete
2024-04-06,5,Đại Nội,2990,1906,4896,8.4963780517,train,False,observed_complete
2024-04-07,5,Đại Nội,2866,2299,5165,8.5498539737,train,False,observed_complete
2024-04-08,5,Đại Nội,1057,2473,3530,8.1693363959,train,False,observed_complete
2024-04-09,5,Đại Nội,1575,2466,4041,8.3044948980,train,False,observed_complete
2024-04-10,5,Đại Nội,1483,2316,3799,8.2427563457,train,False,observed_complete
2024-04-11,5,Đại Nội,1215,2338,3553,8.1758290087,train,False,observed_complete
2024-04-12,5,Đại Nội,2292,2649,4941,8.5055253865,train,False,observed_complete
2024-04-13,5,Đại Nội,2841,2647,5488,8.6105013685,train,False,observed_complete
2024-04-14,5,Đại Nội,2705,2261,4966,8.5105713151,train,False,observed_complete
2024-04-15,5,Đại Nội,1181,2514,3695,8.2150064328,train,False,observed_complete
2024-04-16,5,Đại Nội,1420,2505,3925,8.2753763748,train,False,observed_complete
2024-04-17,5,Đại Nội,1643,2081,3724,8.2228221308,train,False,observed_complete
2024-04-18,5,Đại Nội,2169,2170,4339,8.3756296271,train,False,observed_complete
2024-04-19,5,Đại Nội,2253,2123,4376,8.3841188372,train,False,observed_complete
2024-04-20,5,Đại Nội,2609,2371,4980,8.5133859531,train,False,observed_complete
2024-04-21,5,Đại Nội,2159,2417,4576,8.4287990407,train,False,observed_complete
2024-04-22,5,Đại Nội,1655,1762,3417,8.1368108637,train,False,observed_complete
2024-04-23,5,Đại Nội,1700,1854,3554,8.1761103422,train,False,observed_complete
2024-04-24,5,Đại Nội,2089,1486,3575,8.1820001363,train,False,observed_complete
2024-04-25,5,Đại Nội,1267,1878,3145,8.0538870836,train,False,observed_complete
2024-04-26,5,Đại Nội,1302,2023,3325,8.1095256598,train,False,observed_complete
2024-04-27,5,Đại Nội,3264,1874,5138,8.5446137870,train,False,observed_complete
2024-04-28,5,Đại Nội,6788,2023,8811,9.0838697079,train,False,observed_complete
2024-04-29,5,Đại Nội,6971,2160,9131,9.1195400076,train,False,observed_complete
2024-04-30,5,Đại Nội,5608,1857,7465,8.9181146595,train,False,observed_complete
2024-05-01,5,Đại Nội,2332,1508,3840,8.2534880283,train,False,observed_complete
2024-05-02,5,Đại Nội,1200,1792,2992,8.0040315079,train,False,observed_complete
2024-05-03,5,Đại Nội,1309,1697,3006,8.0086981830,train,False,observed_complete
2024-05-04,5,Đại Nội,1281,1694,2975,7.9983353960,train,False,observed_complete
2024-05-05,5,Đại Nội,1233,1833,3066,8.0284551641,train,False,observed_complete
2024-05-06,5,Đại Nội,1069,1308,2377,7.7740150773,train,False,observed_complete
2024-05-07,5,Đại Nội,977,1469,2446,7.8026180634,train,False,observed_complete
2024-05-08,5,Đại Nội,800,1542,2342,7.7591874385,train,False,observed_complete
2024-05-09,5,Đại Nội,1415,1305,2720,7.9087547388,train,False,observed_complete
2024-05-10,5,Đại Nội,1741,1335,3076,8.0317103753,train,False,observed_complete
2024-05-11,5,Đại Nội,2055,1417,3472,8.1527740527,train,False,observed_complete
2024-05-12,5,Đại Nội,2183,1399,3582,8.1839557173,train,False,observed_complete
2024-05-13,5,Đại Nội,1090,1372,2462,7.8091353981,train,False,observed_complete
2024-05-14,5,Đại Nội,1232,1376,2608,7.8667222851,train,False,observed_complete
2024-05-15,5,Đại Nội,1188,1252,2440,7.8001630704,train,False,observed_complete
2024-05-16,5,Đại Nội,1903,1064,2967,7.9956436043,train,False,observed_complete
2024-05-17,5,Đại Nội,2125,1228,3353,8.1179089424,train,False,observed_complete
2024-05-18,5,Đại Nội,2513,1221,3734,8.2255030976,train,False,observed_complete
2024-05-19,5,Đại Nội,2455,1527,3982,8.2897905832,train,False,observed_complete
2024-05-20,5,Đại Nội,1694,1278,2972,7.9973268230,train,False,observed_complete
2024-05-21,5,Đại Nội,1490,1533,3023,8.0143357373,train,False,observed_complete
2024-05-22,5,Đại Nội,1864,1751,3615,8.1931237215,train,False,observed_complete
2024-05-23,5,Đại Nội,1426,1002,2428,7.7952349290,train,False,observed_complete
2024-05-24,5,Đại Nội,2334,898,3232,8.0811657777,train,False,observed_complete
2024-05-25,5,Đại Nội,2470,1106,3576,8.1822797393,train,False,observed_complete
2024-05-26,5,Đại Nội,3000,1094,4094,8.3175219963,train,False,observed_complete
2024-05-27,5,Đại Nội,2300,1045,3345,8.1155208815,train,False,observed_complete
2024-05-28,5,Đại Nội,1968,1213,3181,8.0652652089,train,False,observed_complete
2024-05-29,5,Đại Nội,2366,865,3231,8.0808564196,train,False,observed_complete
2024-05-30,5,Đại Nội,2840,904,3744,8.2281768960,train,False,observed_complete
2024-05-31,5,Đại Nội,3383,925,4308,8.3684611376,train,False,observed_complete
2024-06-01,5,Đại Nội,3321,719,4040,8.3042474651,train,False,observed_complete
2024-06-02,5,Đại Nội,3665,656,4321,8.3714735371,train,False,observed_complete
2024-06-03,5,Đại Nội,2961,942,3903,8.2697569475,train,False,observed_complete
2024-06-04,5,Đại Nội,3166,825,3991,8.2920476374,train,False,observed_complete
2024-06-05,5,Đại Nội,3149,734,3883,8.2646208294,train,False,observed_complete
2024-06-06,5,Đại Nội,3762,757,4519,8.4162672728,train,False,observed_complete
2024-06-07,5,Đại Nội,3971,659,4630,8.4405281065,train,False,observed_complete
2024-06-08,5,Đại Nội,5013,697,5710,8.6501494187,train,False,observed_complete
2024-06-09,5,Đại Nội,4194,553,4747,8.4654787557,train,False,observed_complete
2024-06-10,5,Đại Nội,4066,788,4854,8.4877643807,train,False,observed_complete
2024-06-11,5,Đại Nội,4399,719,5118,8.5407143865,train,False,observed_complete
2024-06-12,5,Đại Nội,4891,564,5455,8.6044711995,train,False,observed_complete
2024-06-13,5,Đại Nội,5099,563,5662,8.6417090661,train,False,observed_complete
2024-06-14,5,Đại Nội,5617,770,6387,8.7621765093,train,False,observed_complete
2024-06-15,5,Đại Nội,4684,790,5474,8.6079475547,train,False,observed_complete
2024-06-16,5,Đại Nội,5028,699,5727,8.6531217086,train,False,observed_complete
2024-06-17,5,Đại Nội,4450,900,5350,8.5850387383,train,False,observed_complete
2024-06-18,5,Đại Nội,4666,875,5541,8.6201107254,train,False,observed_complete
2024-06-19,5,Đại Nội,3911,712,4623,8.4390154104,train,False,observed_complete
2024-06-20,5,Đại Nội,4525,724,5249,8.5659833556,train,False,observed_complete
2024-06-21,5,Đại Nội,4515,720,5235,8.5633131270,train,False,observed_complete
2024-06-22,5,Đại Nội,4695,638,5333,8.5818567047,train,False,observed_complete
2024-06-23,5,Đại Nội,5084,986,6070,8.7112786151,train,False,observed_complete
2024-06-24,5,Đại Nội,4409,765,5174,8.5515946181,train,False,observed_complete
2024-06-25,5,Đại Nội,3556,635,4191,8.3409332260,train,False,observed_complete
2024-06-26,5,Đại Nội,3483,639,4122,8.3243363327,train,False,observed_complete
2024-06-27,5,Đại Nội,4248,797,5045,8.5263511292,train,False,observed_complete
2024-06-28,5,Đại Nội,4817,641,5458,8.6050209018,train,False,observed_complete
2024-06-29,5,Đại Nội,4673,632,5305,8.5765935347,train,False,observed_complete
2024-06-30,5,Đại Nội,4656,952,5608,8.6321277295,train,False,observed_complete
2024-07-01,5,Đại Nội,4445,931,5376,8.5898858768,train,False,observed_complete
2024-07-02,5,Đại Nội,4818,614,5432,8.6002467466,train,False,observed_complete
2024-07-03,5,Đại Nội,5166,817,5983,8.6968445197,train,False,observed_complete
2024-07-04,5,Đại Nội,4912,648,5560,8.6235332272,train,False,observed_complete
2024-07-05,5,Đại Nội,4886,843,5729,8.6534708097,train,False,observed_complete
2024-07-06,5,Đại Nội,5269,794,6063,8.7101249273,train,False,observed_complete
2024-07-07,5,Đại Nội,5113,922,6035,8.7054968199,train,False,observed_complete
2024-07-08,5,Đại Nội,4572,895,5467,8.6066681978,train,False,observed_complete
2024-07-09,5,Đại Nội,4428,960,5388,8.5921151179,train,False,observed_complete
2024-07-10,5,Đại Nội,5185,1066,6251,8.7406566915,train,False,observed_complete
2024-07-11,5,Đại Nội,5764,1132,6896,8.8388418134,train,False,observed_complete
2024-07-12,5,Đại Nội,6500,1023,7523,8.9258531904,train,False,observed_complete
2024-07-13,5,Đại Nội,5382,1053,6435,8.7696625081,train,False,observed_complete
2024-07-14,5,Đại Nội,5990,1070,7060,8.8623419635,train,False,observed_complete
2024-07-15,5,Đại Nội,5119,1381,6500,8.7797112902,train,False,observed_complete
2024-07-16,5,Đại Nội,5806,1147,6953,8.8470723126,train,False,observed_complete
2024-07-17,5,Đại Nội,4976,1082,6058,8.7093000489,train,False,observed_complete
2024-07-18,5,Đại Nội,5104,1390,6494,8.7787879291,train,False,observed_complete
2024-07-19,5,Đại Nội,5060,1136,6196,8.7318205830,train,False,observed_complete
2024-07-20,5,Đại Nội,5549,1252,6801,8.8249719656,train,False,observed_complete
2024-07-21,5,Đại Nội,6163,1331,7494,8.9219914105,train,False,observed_complete
2024-07-22,5,Đại Nội,4638,1387,6025,8.7038387197,train,False,observed_complete
2024-07-23,5,Đại Nội,4215,1574,5789,8.6638875706,train,False,observed_complete
2024-07-24,5,Đại Nội,4313,1521,5834,8.6716295447,train,False,observed_complete
2024-07-25,5,Đại Nội,3622,1177,4799,8.4763711969,train,False,observed_complete
2024-07-26,5,Đại Nội,5365,1103,6468,8.7747768160,train,False,observed_complete
2024-07-27,5,Đại Nội,5575,990,6565,8.7896600981,train,False,observed_complete
2024-07-28,5,Đại Nội,5589,1273,6862,8.8338999429,train,False,observed_complete
2024-07-29,5,Đại Nội,4205,1232,5437,8.6011666252,train,False,observed_complete
2024-07-30,5,Đại Nội,3985,1315,5300,8.5756507610,train,False,observed_complete
2024-07-31,5,Đại Nội,2834,1415,4249,8.3546742619,train,False,observed_complete
2024-08-01,5,Đại Nội,4289,1154,5443,8.6022693638,train,False,observed_complete
2024-08-02,5,Đại Nội,4137,1049,5186,8.5539107744,train,False,observed_complete
2024-08-03,5,Đại Nội,4448,1283,5731,8.6538197889,train,False,observed_complete
2024-08-04,5,Đại Nội,4055,1485,5540,8.6199302689,train,False,observed_complete
2024-08-05,5,Đại Nội,2529,1629,4158,8.3330299397,train,False,observed_complete
2024-08-06,5,Đại Nội,3114,1372,4486,8.4089396060,train,False,observed_complete
2024-08-07,5,Đại Nội,2522,1640,4162,8.3339912472,train,False,observed_complete
2024-08-08,5,Đại Nội,2679,1463,4142,8.3291754421,train,False,observed_complete
2024-08-09,5,Đại Nội,3978,1638,5616,8.6335529925,train,False,observed_complete
2024-08-10,5,Đại Nội,4138,1815,5953,8.6918185416,train,False,observed_complete
2024-08-11,5,Đại Nội,3767,1886,5653,8.6401185383,train,False,observed_complete
2024-08-12,5,Đại Nội,2831,1449,4280,8.3619419061,train,False,observed_complete
2024-08-13,5,Đại Nội,2490,2341,4831,8.4830157396,train,False,observed_complete
2024-08-14,5,Đại Nội,3086,1733,4819,8.4805292070,train,False,observed_complete
2024-08-15,5,Đại Nội,2814,1705,4519,8.4162672728,train,False,observed_complete
2024-08-16,5,Đại Nội,2634,1731,4365,8.3816025371,train,False,observed_complete
2024-08-17,5,Đại Nội,2892,1880,4772,8.4707303170,train,False,observed_complete
2024-08-18,5,Đại Nội,2680,1970,4650,8.4448375292,train,False,observed_complete
2024-08-19,5,Đại Nội,1539,1912,3451,8.1467090522,train,False,observed_complete
2024-08-20,5,Đại Nội,2173,1915,4088,8.3160557204,train,False,observed_complete
2024-08-21,5,Đại Nội,1961,1354,3315,8.1065145163,train,False,observed_complete
2024-08-22,5,Đại Nội,2837,1345,4182,8.3387839714,train,False,observed_complete
2024-08-23,5,Đại Nội,2987,1201,4188,8.3402173209,train,False,observed_complete
2024-08-24,5,Đại Nội,3493,1524,5017,8.5207867269,train,False,observed_complete
2024-08-25,5,Đại Nội,3145,1290,4435,8.3975083485,train,False,observed_complete
2024-08-26,5,Đại Nội,2021,990,3011,8.0103595889,train,False,observed_complete
2024-08-27,5,Đại Nội,1439,1074,2513,7.8296303892,train,False,observed_complete
2024-08-28,5,Đại Nội,1485,761,2246,7.7173512722,train,False,observed_complete
2024-08-29,5,Đại Nội,1641,622,2263,7.7248884393,train,False,observed_complete
2024-08-30,5,Đại Nội,1852,906,2758,7.9226235742,train,False,observed_complete
2024-08-31,5,Đại Nội,4400,781,5181,8.5529463611,train,False,observed_complete
2024-09-01,5,Đại Nội,5637,725,6362,8.7582552432,train,False,observed_complete
2024-09-02,5,Đại Nội,15,1045,1060,6.9669671386,train,False,observed_complete
2024-09-03,5,Đại Nội,1848,912,2760,7.9233482119,train,False,observed_complete
2024-09-04,5,Đại Nội,816,928,1744,7.4645098346,train,False,observed_complete
2024-09-05,5,Đại Nội,922,922,1844,7.5202345565,train,False,observed_complete
2024-09-06,5,Đại Nội,1149,950,2099,7.6496926237,train,False,observed_complete
2024-09-07,5,Đại Nội,1568,1139,2707,7.9039656340,train,False,observed_complete
2024-09-08,5,Đại Nội,995,1203,2198,7.6957579906,train,False,observed_complete
2024-09-09,5,Đại Nội,866,1193,2059,7.6304612618,train,False,observed_complete
2024-09-10,5,Đại Nội,924,1417,2341,7.7587605442,train,False,observed_complete
2024-09-11,5,Đại Nội,767,1222,1989,7.5958899177,train,False,observed_complete
2024-09-12,5,Đại Nội,1105,951,2056,7.6290038897,train,False,observed_complete
2024-09-13,5,Đại Nội,1147,1132,2279,7.7319307219,train,False,observed_complete
2024-09-14,5,Đại Nội,1366,1432,2798,7.9370174895,train,False,observed_complete
2024-09-15,5,Đại Nội,1594,1546,3140,8.0522964995,train,False,observed_complete
2024-09-16,5,Đại Nội,1109,1270,2379,7.7748557667,train,False,observed_complete
2024-09-17,5,Đại Nội,1038,1600,2638,7.8781553365,train,False,observed_complete
2024-09-18,5,Đại Nội,308,1376,1684,7.4295208428,train,False,observed_complete
2024-09-19,5,Đại Nội,410,1253,1663,7.4169796214,train,False,observed_complete
2024-09-20,5,Đại Nội,944,1334,2278,7.7314920292,train,False,observed_complete
2024-09-21,5,Đại Nội,914,1416,2330,7.7540526390,train,False,observed_complete
2024-09-22,5,Đại Nội,866,1245,2111,7.6553906448,train,False,observed_complete
2024-09-23,5,Đại Nội,907,1329,2236,7.7128909615,train,False,observed_complete
2024-09-24,5,Đại Nội,1008,1258,2266,7.7262126505,train,False,observed_complete
2024-09-25,5,Đại Nội,691,1525,2216,7.7039102096,train,False,observed_complete
2024-09-26,5,Đại Nội,786,1288,2074,7.6377164327,train,False,observed_complete
2024-09-27,5,Đại Nội,1039,1210,2249,7.7186854952,train,False,observed_complete
2024-09-28,5,Đại Nội,1189,1358,2547,7.8430640167,train,False,observed_complete
2024-09-29,5,Đại Nội,986,1390,2376,7.7735944674,train,False,observed_complete
2024-09-30,5,Đại Nội,796,1153,1949,7.5755846516,train,False,observed_complete
2024-10-01,5,Đại Nội,586,1324,1910,7.5553819442,train,False,observed_complete
2024-10-02,5,Đại Nội,596,1213,1809,7.5010821243,train,False,observed_complete
2024-10-03,5,Đại Nội,600,1285,1885,7.5422134632,train,False,observed_complete
2024-10-04,5,Đại Nội,920,1474,2394,7.7811385098,train,False,observed_complete
2024-10-05,5,Đại Nội,1742,1460,3202,8.0718431496,train,False,observed_complete
2024-10-06,5,Đại Nội,1231,1359,2590,7.8597991806,train,False,observed_complete
2024-10-07,5,Đại Nội,698,1251,1949,7.5755846516,train,False,observed_complete
2024-10-08,5,Đại Nội,775,1377,2152,7.6746174974,train,False,observed_complete
2024-10-09,5,Đại Nội,776,1276,2052,7.6270574170,train,False,observed_complete
2024-10-10,5,Đại Nội,690,1192,1882,7.5406215287,train,False,observed_complete
2024-10-11,5,Đại Nội,968,1458,2426,7.7944112057,train,False,observed_complete
2024-10-12,5,Đại Nội,1335,1341,2676,7.8924520435,train,False,observed_complete
2024-10-13,5,Đại Nội,1016,2008,3024,8.0146663705,train,False,observed_complete
2024-10-14,5,Đại Nội,1009,1486,2495,7.8224447295,train,False,observed_complete
2024-10-15,5,Đại Nội,821,1610,2431,7.7964692431,train,False,observed_complete
2024-10-16,5,Đại Nội,867,1336,2203,7.6980291703,train,False,observed_complete
2024-10-17,5,Đại Nội,1065,1588,2653,7.8838232149,train,False,observed_complete
2024-10-18,5,Đại Nội,1038,1817,2855,7.9571773235,train,False,observed_complete
2024-10-19,5,Đại Nội,1653,1435,3088,8.0356026929,train,False,observed_complete
2024-10-20,5,Đại Nội,989,1363,2352,7.7634463887,train,False,observed_complete
2024-10-21,5,Đại Nội,539,1442,1981,7.5918617149,train,False,observed_complete
2024-10-22,5,Đại Nội,805,1546,2351,7.7630213090,train,False,observed_complete
2024-10-23,5,Đại Nội,932,1700,2632,7.8758791595,train,False,observed_complete
2024-10-24,5,Đại Nội,692,1868,2560,7.8481530862,train,False,observed_complete
2024-10-25,5,Đại Nội,1278,1824,3102,8.0401246644,train,False,observed_complete
2024-10-26,5,Đại Nội,1312,2028,3340,8.1140254424,train,False,observed_complete
2024-10-27,5,Đại Nội,142,618,760,6.6346333579,train,False,observed_complete
2024-10-28,5,Đại Nội,673,1618,2291,7.7371800778,train,False,observed_complete
2024-10-29,5,Đại Nội,435,1492,1927,7.5642384752,train,False,observed_complete
2024-10-30,5,Đại Nội,302,1379,1681,7.4277388405,train,False,observed_complete
2024-10-31,5,Đại Nội,949,1834,2783,7.9316440215,train,False,observed_complete
2024-11-01,5,Đại Nội,989,1709,2698,7.9006366130,train,False,observed_complete
2024-11-02,5,Đại Nội,1485,1892,3377,8.1250390974,train,False,observed_complete
2024-11-03,5,Đại Nội,582,1462,2044,7.6231530685,train,False,observed_complete
2024-11-04,5,Đại Nội,729,2290,3019,8.0130121104,train,False,observed_complete
2024-11-05,5,Đại Nội,427,1883,2310,7.7454356103,train,False,observed_complete
2024-11-06,5,Đại Nội,523,2152,2675,7.8920784212,train,False,observed_complete
2024-11-07,5,Đại Nội,731,2081,2812,7.9420068085,train,False,observed_complete
2024-11-08,5,Đại Nội,842,2470,3312,8.1056094023,train,False,observed_complete
2024-11-09,5,Đại Nội,1406,2107,3513,8.1645102687,train,False,observed_complete
2024-11-10,5,Đại Nội,1255,2361,3616,8.1934002320,train,False,observed_complete
2024-11-11,5,Đại Nội,719,2954,3673,8.2090362658,train,False,observed_complete
2024-11-12,5,Đại Nội,637,2976,3613,8.1925704712,train,False,observed_complete
2024-11-13,5,Đại Nội,1069,2671,3740,8.2271082343,train,False,observed_complete
2024-11-14,5,Đại Nội,802,2549,3351,8.1173124616,train,False,observed_complete
2024-11-15,5,Đại Nội,1130,2845,3975,8.2880315678,train,False,observed_complete
2024-11-16,5,Đại Nội,1081,3337,4418,8.3936687051,train,False,observed_complete
2024-11-17,5,Đại Nội,1076,2883,3959,8.2839993042,train,False,observed_complete
2024-11-18,5,Đại Nội,700,3069,3769,8.2348302804,train,False,observed_complete
2024-11-19,5,Đại Nội,531,2555,3086,8.0349550245,train,False,observed_complete
2024-11-20,5,Đại Nội,609,2363,2972,7.9973268230,train,False,observed_complete
2024-11-21,5,Đại Nội,797,2644,3441,8.1438079768,train,False,observed_complete
2024-11-22,5,Đại Nội,870,2635,3505,8.1622310655,train,False,observed_complete
2024-11-23,5,Đại Nội,1739,2312,4051,8.3069658654,train,False,observed_complete
2024-11-24,5,Đại Nội,1807,2115,3922,8.2746119462,train,False,observed_complete
2024-11-25,5,Đại Nội,778,2032,2810,7.9412955709,train,False,observed_complete
2024-11-26,5,Đại Nội,802,2228,3030,8.0166478771,train,False,observed_complete
2024-11-27,5,Đại Nội,927,2006,2933,7.9841219587,train,False,observed_complete
2024-11-28,5,Đại Nội,1123,1868,2991,8.0036973391,train,False,observed_complete
2024-11-29,5,Đại Nội,1006,2257,3263,8.0907087161,train,False,observed_complete
2024-11-30,5,Đại Nội,1620,2207,3827,8.2500977526,train,False,observed_complete
2024-12-01,5,Đại Nội,1707,2055,3762,8.2329717906,train,False,observed_complete
2024-12-02,5,Đại Nội,678,2470,3148,8.0548402211,train,False,observed_complete
2024-12-03,5,Đại Nội,1248,1697,2945,7.9882035970,train,False,observed_complete
2024-12-04,5,Đại Nội,1160,1942,3102,8.0401246644,train,False,observed_complete
2024-12-05,5,Đại Nội,990,2205,3195,8.0696553069,train,False,observed_complete
2024-12-06,5,Đại Nội,1282,2035,3317,8.1071174708,train,False,observed_complete
2024-12-07,5,Đại Nội,1802,2040,3842,8.2540085906,train,False,observed_complete
2024-12-08,5,Đại Nội,1469,1892,3361,8.1202913140,train,False,observed_complete
2024-12-09,5,Đại Nội,821,1777,2598,7.8628820346,train,False,observed_complete
2024-12-10,5,Đại Nội,813,2210,3023,8.0143357373,train,False,observed_complete
2024-12-11,5,Đại Nội,634,1675,2309,7.7450028035,train,False,observed_complete
2024-12-12,5,Đại Nội,926,1209,2135,7.6666902001,train,False,observed_complete
2024-12-13,5,Đại Nội,1368,1638,3006,8.0086981830,train,False,observed_complete
2024-12-14,5,Đại Nội,1208,1648,2856,7.9575274022,train,False,observed_complete
2024-12-15,5,Đại Nội,1199,1436,2635,7.8770178956,train,False,observed_complete
2024-12-16,5,Đại Nội,774,1568,2342,7.7591874385,train,False,observed_complete
2024-12-17,5,Đại Nội,797,1786,2583,7.8570938649,train,False,observed_complete
2024-12-18,5,Đại Nội,826,1333,2159,7.6778635007,train,False,observed_complete
2024-12-19,5,Đại Nội,662,1391,2053,7.6275443905,train,False,observed_complete
2024-12-20,5,Đại Nội,991,1422,2413,7.7890404017,train,False,observed_complete
2024-12-21,5,Đại Nội,1542,1747,3289,8.0986428438,train,False,observed_complete
2024-12-22,5,Đại Nội,1499,2217,3716,8.2206721703,train,False,observed_complete
2024-12-23,5,Đại Nội,1912,1684,3596,8.1878554437,train,False,observed_complete
2024-12-24,5,Đại Nội,769,2246,3015,8.0116867291,train,False,observed_complete
2024-12-25,5,Đại Nội,1335,2016,3351,8.1173124616,train,False,observed_complete
2024-12-26,5,Đại Nội,990,2567,3557,8.1769538682,train,False,observed_complete
2024-12-27,5,Đại Nội,953,3263,4216,8.3468792537,train,False,observed_complete
2024-12-28,5,Đại Nội,1221,2426,3647,8.2019343512,train,False,observed_complete
2024-12-29,5,Đại Nội,2052,3753,5805,8.6666471446,train,False,observed_complete
2024-12-30,5,Đại Nội,1375,2912,4287,8.3635757028,train,False,observed_complete
2024-12-31,5,Đại Nội,1040,3073,4113,8.3221510702,train,False,observed_complete
2025-01-01,5,Đại Nội,1279,2806,4085,8.3153217754,train,False,observed_complete
2025-01-02,5,Đại Nội,1030,2638,3668,8.2076744244,train,False,observed_complete
2025-01-03,5,Đại Nội,1284,2339,3623,8.1953336672,train,False,observed_complete
2025-01-04,5,Đại Nội,1480,2531,4011,8.2970451491,train,False,observed_complete
2025-01-05,5,Đại Nội,1192,2130,3322,8.1086232684,train,False,observed_complete
2025-01-06,5,Đại Nội,1164,1907,3071,8.0300840943,train,False,observed_complete
2025-01-07,5,Đại Nội,1364,2055,3419,8.1373958301,train,False,observed_complete
2025-01-08,5,Đại Nội,1291,1916,3207,8.0734029690,train,False,observed_complete
2025-01-09,5,Đại Nội,625,2452,3077,8.0320353144,train,False,observed_complete
2025-01-10,5,Đại Nội,1149,1825,2974,7.9979993180,train,False,observed_complete
2025-01-11,5,Đại Nội,1503,2307,3810,8.2456469009,train,False,observed_complete
2025-01-12,5,Đại Nội,1208,2341,3549,8.1747028825,train,False,observed_complete
2025-01-13,5,Đại Nội,914,2139,3053,8.0242074858,train,False,observed_complete
2025-01-14,5,Đại Nội,767,2674,3441,8.1438079768,train,False,observed_complete
2025-01-15,5,Đại Nội,546,1906,2452,7.8050670443,train,False,observed_complete
2025-01-16,5,Đại Nội,908,2150,3058,8.0258433442,train,False,observed_complete
2025-01-17,5,Đại Nội,1244,2028,3272,8.0934622745,train,False,observed_complete
2025-01-18,5,Đại Nội,1077,2353,3430,8.1406070429,train,False,observed_complete
2025-01-19,5,Đại Nội,1074,2197,3271,8.0931566977,train,False,observed_complete
2025-01-20,5,Đại Nội,1083,2138,3221,8.0777575637,train,False,observed_complete
2025-01-21,5,Đại Nội,1194,2168,3362,8.1205887117,train,False,observed_complete
2025-01-22,5,Đại Nội,1086,2328,3414,8.1359327720,train,False,observed_complete
2025-01-23,5,Đại Nội,1242,1898,3140,8.0522964995,train,False,observed_complete
2025-01-24,5,Đại Nội,1562,1546,3108,8.0420564101,train,False,observed_complete
2025-01-25,5,Đại Nội,1589,1665,3254,8.0879475546,train,False,observed_complete
2025-01-26,5,Đại Nội,1734,1232,2966,7.9953066203,train,False,observed_complete
2025-01-27,5,Đại Nội,674,1767,2441,7.8005726547,train,False,observed_complete
2025-01-28,5,Đại Nội,1016,1244,2260,7.7235624723,train,False,observed_complete
2025-01-29,5,Đại Nội,29,2087,2116,7.6577552711,train,False,observed_complete
2025-01-30,5,Đại Nội,4895,1662,6557,8.7884409574,train,False,observed_complete
2025-01-31,5,Đại Nội,7052,2202,9254,9.1329192250,train,False,observed_complete
2025-02-01,5,Đại Nội,7182,2059,9241,9.1315135914,train,False,observed_complete
2025-02-02,5,Đại Nội,6235,1505,7740,8.9542861572,train,False,observed_complete
2025-02-03,5,Đại Nội,3831,1931,5762,8.6592134514,train,False,observed_complete
2025-02-04,5,Đại Nội,1500,1533,3033,8.0176371599,train,False,observed_complete
2025-02-05,5,Đại Nội,3179,1908,5087,8.5346401050,train,False,observed_complete
2025-02-06,5,Đại Nội,3205,1589,4794,8.4753289873,train,False,observed_complete
2025-02-07,5,Đại Nội,2687,2195,4882,8.4935150641,train,False,observed_complete
2025-02-08,5,Đại Nội,2737,2646,5383,8.5911868713,train,False,observed_complete
2025-02-09,5,Đại Nội,2232,3000,5232,8.5627400064,train,False,observed_complete
2025-02-10,5,Đại Nội,1837,2694,4531,8.4189186221,train,False,observed_complete
2025-02-11,5,Đại Nội,2333,2574,4907,8.4986218058,train,False,observed_complete
2025-02-12,5,Đại Nội,1669,3219,4888,8.4947430626,train,False,observed_complete
2025-02-13,5,Đại Nội,1150,2694,3844,8.2545288819,train,False,observed_complete
2025-02-14,5,Đại Nội,2002,3781,5783,8.6628507638,train,False,observed_complete
2025-02-15,5,Đại Nội,3045,3621,6666,8.8049252626,train,False,observed_complete
2025-02-16,5,Đại Nội,2701,2850,5551,8.6219135022,train,False,observed_complete
2025-02-17,5,Đại Nội,1485,3599,5084,8.5340503085,train,False,observed_complete
2025-02-18,5,Đại Nội,1818,3298,5116,8.5403236088,train,False,observed_complete
2025-02-19,5,Đại Nội,2109,2485,4594,8.4327240348,train,False,observed_complete
2025-02-20,5,Đại Nội,1776,3504,5280,8.5718707527,train,False,observed_complete
2025-02-21,5,Đại Nội,2089,3118,5207,8.5579511839,train,False,observed_complete
2025-02-22,5,Đại Nội,6037,1018,7055,8.8616335977,train,False,observed_complete
2025-02-23,5,Đại Nội,3135,3004,6139,8.7225800211,train,False,observed_complete
2025-02-24,5,Đại Nội,1843,3154,4997,8.5167931114,train,False,observed_complete
2025-02-25,5,Đại Nội,1328,2897,4225,8.3490111982,train,False,observed_complete
2025-02-26,5,Đại Nội,1684,2629,4313,8.3696208269,train,False,observed_complete
2025-02-27,5,Đại Nội,2596,2327,4923,8.5018764873,train,False,observed_complete
2025-02-28,5,Đại Nội,2037,3187,5224,8.5612100768,train,False,observed_complete
2025-03-01,5,Đại Nội,3571,2486,6057,8.7091349916,train,False,observed_complete
2025-03-02,5,Đại Nội,3126,2391,5517,8.6157707548,train,False,observed_complete
2025-03-03,5,Đại Nội,2310,2281,4591,8.4320709380,train,False,observed_complete
2025-03-04,5,Đại Nội,1539,2957,4496,8.4111657868,train,False,observed_complete
2025-03-05,5,Đại Nội,1193,2999,4192,8.3411717472,train,False,observed_complete
2025-03-06,5,Đại Nội,1639,2485,4124,8.3248212988,train,False,observed_complete
2025-03-07,5,Đại Nội,1913,2667,4580,8.4296725939,train,False,observed_complete
2025-03-08,5,Đại Nội,3378,3800,7178,8.8789153766,train,False,observed_complete
2025-03-09,5,Đại Nội,2749,3522,6271,8.7438505620,train,False,observed_complete
2025-03-10,5,Đại Nội,1917,3703,5620,8.6342648630,train,False,observed_complete
2025-03-11,5,Đại Nội,1558,3331,4889,8.4949475825,train,False,observed_complete
2025-03-12,5,Đại Nội,1919,3183,5102,8.5375838811,train,False,observed_complete
2025-03-13,5,Đại Nội,1532,3310,4842,8.4852896424,train,False,observed_complete
2025-03-14,5,Đại Nội,2308,3419,5727,8.6531217086,train,False,observed_complete
2025-03-15,5,Đại Nội,2514,4112,6626,8.7989074921,train,False,observed_complete
2025-03-16,5,Đại Nội,2553,3227,5780,8.6623319571,train,False,observed_complete
2025-03-17,5,Đại Nội,1791,3766,5557,8.6229936103,train,False,observed_complete
2025-03-18,5,Đại Nội,1174,3128,4302,8.3670677328,train,False,observed_complete
2025-03-19,5,Đại Nội,1651,3638,5289,8.5735735249,train,False,observed_complete
2025-03-20,5,Đại Nội,1953,3231,5184,8.5535251207,train,False,observed_complete
2025-03-21,5,Đại Nội,2261,3906,6167,8.7271299152,train,False,observed_complete
2025-03-22,5,Đại Nội,3037,3437,6474,8.7757038866,train,False,observed_complete
2025-03-23,5,Đại Nội,3002,2912,5914,8.6852467764,train,False,observed_complete
2025-03-24,5,Đại Nội,1384,2890,4274,8.3605393814,train,False,observed_complete
2025-03-25,5,Đại Nội,1556,2856,4412,8.3923100093,train,False,observed_complete
2025-03-26,5,Đại Nội,60,2641,2701,7.9017475185,train,False,observed_complete
2025-03-27,5,Đại Nội,1671,3161,4832,8.4832226718,train,False,observed_complete
2025-03-28,5,Đại Nội,2620,2507,5127,8.5424709986,train,False,observed_complete
2025-03-29,5,Đại Nội,3842,3144,6986,8.8518065586,train,False,observed_complete
2025-03-30,5,Đại Nội,2636,2794,5430,8.5998785580,train,False,observed_complete
2025-03-31,5,Đại Nội,1920,3104,5024,8.5221807329,train,False,observed_complete
2025-04-01,5,Đại Nội,1281,2860,4141,8.3289340420,train,False,observed_complete
2025-04-02,5,Đại Nội,1576,2832,4408,8.3914031854,train,False,observed_complete
2025-04-03,5,Đại Nội,1524,2561,4085,8.3153217754,train,False,observed_complete
2025-04-04,5,Đại Nội,2573,2296,4869,8.4908492161,train,False,observed_complete
2025-04-05,5,Đại Nội,5680,2185,7865,8.9703049530,train,False,observed_complete
2025-04-06,5,Đại Nội,5901,1987,7888,8.9732246631,train,False,observed_complete
2025-04-07,5,Đại Nội,4984,2512,7496,8.9222582195,train,False,observed_complete
2025-04-08,5,Đại Nội,2209,2387,4596,8.4331591958,train,False,observed_complete
2025-04-09,5,Đại Nội,1600,2337,3937,8.2784282592,train,False,observed_complete
2025-04-10,5,Đại Nội,2158,2562,4720,8.4597759205,train,False,observed_complete
2025-04-11,5,Đại Nội,2563,2379,4942,8.5057277133,train,False,observed_complete
2025-04-12,5,Đại Nội,3045,2692,5737,8.6548659965,train,False,observed_complete
2025-04-13,5,Đại Nội,3332,2515,5847,8.6738550014,train,False,observed_complete
2025-04-14,5,Đại Nội,2432,2892,5324,8.5801679906,train,False,observed_complete
2025-04-15,5,Đại Nội,1502,2966,4468,8.4049199489,train,False,observed_complete
2025-04-16,5,Đại Nội,2266,2877,5143,8.5455862659,train,False,observed_complete
2025-04-17,5,Đại Nội,1992,2558,4550,8.4231022680,train,False,observed_complete
2025-04-18,5,Đại Nội,2484,2736,5220,8.5604442334,train,False,observed_complete
2025-04-19,5,Đại Nội,4094,2860,6954,8.8472161044,train,False,observed_complete
2025-04-20,5,Đại Nội,3005,2796,5801,8.6659579647,train,False,observed_complete
2025-04-21,5,Đại Nội,2066,2372,4438,8.3981844048,train,False,observed_complete
2025-04-22,5,Đại Nội,1345,2971,4316,8.3703159956,train,False,observed_complete
2025-04-23,5,Đại Nội,1622,2422,4044,8.3052368295,train,False,observed_complete
2025-04-24,5,Đại Nội,1833,2376,4209,8.3452179267,train,False,observed_complete
2025-04-25,5,Đại Nội,1988,2512,4500,8.4120548733,train,False,observed_complete
2025-04-26,5,Đại Nội,2647,2427,5074,8.5320818039,train,False,observed_complete
2025-04-27,5,Đại Nội,2754,2733,5487,8.6103191694,train,False,observed_complete
2025-04-28,5,Đại Nội,2271,2890,5161,8.5490793803,train,False,observed_complete
2025-04-29,5,Đại Nội,2396,2468,4864,8.4898219946,train,False,observed_complete
2025-04-30,5,Đại Nội,6313,1550,7863,8.9700506618,train,False,observed_complete
2025-05-01,5,Đại Nội,11467,1377,12844,9.4607099095,train,False,observed_complete
2025-05-02,5,Đại Nội,11233,1550,12783,9.4559496680,train,False,observed_complete
2025-05-03,5,Đại Nội,7487,1887,9374,9.1458018508,train,False,observed_complete
2025-05-04,5,Đại Nội,2296,1819,4115,8.3226370970,train,False,observed_complete
2025-05-05,5,Đại Nội,1180,1717,2897,7.9717761229,train,False,observed_complete
2025-05-06,5,Đại Nội,1531,1391,2922,7.9803657651,train,False,observed_complete
2025-05-07,5,Đại Nội,1335,1190,2525,7.8343923029,train,False,observed_complete
2025-05-08,5,Đại Nội,1713,1378,3091,8.0365734097,train,False,observed_complete
2025-05-09,5,Đại Nội,2216,1283,3499,8.1605182475,train,False,observed_complete
2025-05-10,5,Đại Nội,2411,1528,3939,8.2789360023,train,False,observed_complete
2025-05-11,5,Đại Nội,2410,1269,3679,8.2106680312,train,False,observed_complete
2025-05-12,5,Đại Nội,1434,1769,3203,8.0721553082,train,False,observed_complete
2025-05-13,5,Đại Nội,1303,1653,2956,7.9919305199,train,False,observed_complete
2025-05-14,5,Đại Nội,1910,1145,3055,8.0248621503,train,False,observed_complete
2025-05-15,5,Đại Nội,2054,1236,3290,8.0989467489,train,False,observed_complete
2025-05-16,5,Đại Nội,2697,1159,3856,8.2576449582,train,False,observed_complete
2025-05-17,5,Đại Nội,3142,1118,4260,8.3572591535,train,False,observed_complete
2025-05-18,5,Đại Nội,2533,1102,3635,8.1986394553,train,False,observed_complete
2025-05-19,5,Đại Nội,2166,1203,3369,8.1226680233,train,False,observed_complete
2025-05-20,5,Đại Nội,1776,1235,3011,8.0103595889,train,False,observed_complete
2025-05-21,5,Đại Nội,1952,944,2896,7.9714309978,train,False,observed_complete
2025-05-22,5,Đại Nội,1916,912,2828,7.9476785713,train,False,observed_complete
2025-05-23,5,Đại Nội,3051,1071,4122,8.3243363327,train,False,observed_complete
2025-05-24,5,Đại Nội,4014,1079,5093,8.5358186555,train,False,observed_complete
2025-05-25,5,Đại Nội,3507,929,4436,8.3977337514,train,False,observed_complete
2025-05-26,5,Đại Nội,2626,1065,3691,8.2139235956,train,False,observed_complete
2025-05-27,5,Đại Nội,2259,1010,3269,8.0925452639,train,False,observed_complete
2025-05-28,5,Đại Nội,2576,777,3353,8.1179089424,train,False,observed_complete
2025-05-29,5,Đại Nội,3428,903,4331,8.3737846081,train,False,observed_complete
2025-05-30,5,Đại Nội,3868,839,4707,8.4570184684,train,False,observed_complete
2025-05-31,5,Đại Nội,4804,916,5720,8.6518988943,train,False,observed_complete
2025-06-01,5,Đại Nội,4318,782,5100,8.5371918779,train,False,observed_complete
2025-06-02,5,Đại Nội,4304,904,5208,8.5581431777,train,False,observed_complete
2025-06-03,5,Đại Nội,4613,713,5326,8.5805435069,train,False,observed_complete
2025-06-04,5,Đại Nội,5167,773,5940,8.6896327484,train,False,observed_complete
2025-06-05,5,Đại Nội,4838,1039,5877,8.6789718470,train,False,observed_complete
2025-06-06,5,Đại Nội,6342,910,7252,8.8891704554,train,False,observed_complete
2025-06-07,5,Đại Nội,6059,964,7023,8.8570881353,train,False,observed_complete
2025-06-08,5,Đại Nội,6992,952,7944,8.9802980790,train,False,observed_complete
2025-06-09,5,Đại Nội,6339,525,6864,8.8341913182,train,False,observed_complete
2025-06-10,5,Đại Nội,5992,871,6863,8.8340456412,train,False,observed_complete
2025-06-11,5,Đại Nội,5469,822,6291,8.7470342642,train,False,observed_complete
2025-06-12,5,Đại Nội,3320,694,4014,8.2977926264,train,False,observed_complete
2025-06-13,5,Đại Nội,4316,694,5010,8.5193907750,train,False,observed_complete
2025-06-14,5,Đại Nội,6703,912,7615,8.9380065765,train,False,observed_complete
2025-06-15,5,Đại Nội,5250,875,6125,8.7202972874,train,False,observed_complete
2025-06-16,5,Đại Nội,5733,1022,6755,8.8181862779,train,False,observed_complete
2025-06-17,5,Đại Nội,5253,707,5960,8.6929935312,train,False,observed_complete
2025-06-18,5,Đại Nội,5323,819,6142,8.7230685012,train,False,observed_complete
2025-06-19,5,Đại Nội,5536,872,6408,8.7654585315,train,False,observed_complete
2025-06-20,5,Đại Nội,5986,871,6857,8.8331711330,train,False,observed_complete
2025-06-21,5,Đại Nội,5827,849,6676,8.8064240639,train,False,observed_complete
2025-06-22,5,Đại Nội,5815,828,6643,8.8014694707,train,False,observed_complete
2025-06-23,5,Đại Nội,4759,687,5446,8.6028202774,train,False,observed_complete
2025-06-24,5,Đại Nội,4977,717,5694,8.6473438759,train,False,observed_complete
2025-06-25,5,Đại Nội,4070,901,4971,8.5115774526,train,False,observed_complete
2025-06-26,5,Đại Nội,4061,615,4676,8.4504121577,train,False,observed_complete
2025-06-27,5,Đại Nội,4904,819,5723,8.6524231407,train,False,observed_complete
2025-06-28,5,Đại Nội,5844,857,6701,8.8101612683,train,False,observed_complete
2025-06-29,5,Đại Nội,5698,739,6437,8.7699732119,train,False,observed_complete
2025-06-30,5,Đại Nội,6041,753,6794,8.8239423266,train,False,observed_complete
2025-07-01,5,Đại Nội,5105,753,5858,8.6757342195,train,False,observed_complete
2025-07-02,5,Đại Nội,4960,838,5798,8.6654407679,train,False,observed_complete
2025-07-03,5,Đại Nội,5922,785,6707,8.8110561229,validation,False,observed_complete
2025-07-04,5,Đại Nội,7305,761,8066,8.9955369449,validation,False,observed_complete
2025-07-05,5,Đại Nội,7355,987,8342,9.0291781429,validation,False,observed_complete
2025-07-06,5,Đại Nội,6832,1041,7873,8.9713214715,validation,False,observed_complete
2025-07-07,5,Đại Nội,6147,1260,7407,8.9103157763,validation,False,observed_complete
2025-07-08,5,Đại Nội,5817,985,6802,8.8251189703,validation,False,observed_complete
2025-07-09,5,Đại Nội,6035,1088,7123,8.8712246444,validation,False,observed_complete
2025-07-10,5,Đại Nội,6772,1214,7986,8.9855704989,validation,False,observed_complete
2025-07-11,5,Đại Nội,8684,1395,10079,9.2183085416,validation,False,observed_complete
2025-07-12,5,Đại Nội,7330,1262,8592,9.0587031973,validation,False,observed_complete
2025-07-13,5,Đại Nội,6816,1177,7993,8.9864465393,validation,False,observed_complete
2025-07-14,5,Đại Nội,6755,1028,7783,8.9598256239,validation,False,observed_complete
2025-07-15,5,Đại Nội,6142,1607,7749,8.9554481223,validation,False,observed_complete
2025-07-16,5,Đại Nội,5915,1342,7257,8.8898595878,validation,False,observed_complete
2025-07-17,5,Đại Nội,5745,1640,7385,8.9073415954,validation,False,observed_complete
2025-07-18,5,Đại Nội,6339,1406,7745,8.9549318601,validation,False,observed_complete
2025-07-19,5,Đại Nội,7217,1413,8630,9.0631156522,validation,False,observed_complete
2025-07-20,5,Đại Nội,6639,1566,8205,9.0126208730,validation,False,observed_complete
2025-07-21,5,Đại Nội,5674,1608,7282,8.8932981442,validation,False,observed_complete
2025-07-22,5,Đại Nội,5453,1812,7265,8.8909612128,validation,False,observed_complete
2025-07-23,5,Đại Nội,5114,1454,6568,8.7901168929,validation,False,observed_complete
2025-07-24,5,Đại Nội,4732,1514,6246,8.7398566275,validation,False,observed_complete
2025-07-25,5,Đại Nội,5402,1456,6858,8.8333169375,validation,False,observed_complete
2025-07-26,5,Đại Nội,6683,1379,8062,8.9950409747,validation,False,observed_complete
2025-07-27,5,Đại Nội,5468,1260,6728,8.8141818232,validation,False,observed_complete
2025-07-28,5,Đại Nội,4967,1378,6345,8.7555799721,validation,False,observed_complete
2025-07-29,5,Đại Nội,4920,1608,6528,8.7840090712,validation,False,observed_complete
2025-07-30,5,Đại Nội,4300,1505,5805,8.6666471446,validation,False,observed_complete
2025-07-31,5,Đại Nội,3309,1482,4791,8.4747031398,validation,False,observed_complete
2025-08-01,5,Đại Nội,3752,1471,5223,8.5610186710,validation,False,observed_complete
2025-08-02,5,Đại Nội,4393,1772,6165,8.7268056084,validation,False,observed_complete
2025-08-03,5,Đại Nội,4195,1757,5952,8.6916505732,validation,False,observed_complete
2025-08-04,5,Đại Nội,2752,1713,4465,8.4042484324,validation,False,observed_complete
2025-08-05,5,Đại Nội,3041,1858,4899,8.4969904841,validation,False,observed_complete
2025-08-06,5,Đại Nội,2767,1935,4702,8.4559558819,validation,False,observed_complete
2025-08-07,5,Đại Nội,2882,1881,4763,8.4688429305,validation,False,observed_complete
2025-08-08,5,Đại Nội,3495,2026,5521,8.6164953925,validation,False,observed_complete
2025-08-09,5,Đại Nội,4228,2201,6429,8.7687298172,validation,False,observed_complete
2025-08-10,5,Đại Nội,4141,2296,6437,8.7699732119,validation,False,observed_complete
2025-08-11,5,Đại Nội,3033,2593,5626,8.6353317194,validation,False,observed_complete
2025-08-12,5,Đại Nội,3165,2898,6063,8.7101249273,validation,False,observed_complete
2025-08-13,5,Đại Nội,2683,2365,5048,8.5269454829,validation,False,observed_complete
2025-08-14,5,Đại Nội,3823,2170,5993,8.6985142479,validation,False,observed_complete
2025-08-15,5,Đại Nội,3172,2250,5422,8.5984044468,validation,False,observed_complete
2025-08-16,5,Đại Nội,3743,2360,6103,8.7166995730,validation,False,observed_complete
2025-08-17,5,Đại Nội,3358,2036,5394,8.5932278777,validation,False,observed_complete
2025-08-18,5,Đại Nội,1643,2200,3843,8.2542687701,validation,False,observed_complete
2025-08-19,5,Đại Nội,20,2522,2542,7.8410997654,validation,False,observed_complete
2025-08-20,5,Đại Nội,1929,1847,3776,8.2366853227,validation,False,observed_complete
2025-08-21,5,Đại Nội,2769,1628,4397,8.3889051711,validation,False,observed_complete
2025-08-22,5,Đại Nội,2738,1686,4424,8.3950255574,validation,False,observed_complete
2025-08-23,5,Đại Nội,3482,1798,5280,8.5718707527,validation,False,observed_complete
2025-08-24,5,Đại Nội,2682,1523,4205,8.3442673563,validation,False,observed_complete
2025-08-25,5,Đại Nội,1374,1609,2983,8.0010199613,validation,False,observed_complete
2025-08-26,5,Đại Nội,1313,1513,2826,7.9469713577,validation,False,observed_complete
2025-08-27,5,Đại Nội,1458,1150,2608,7.8667222851,validation,False,observed_complete
2025-08-28,5,Đại Nội,1363,1209,2572,7.8528278123,validation,False,observed_complete
2025-08-29,5,Đại Nội,2033,941,2974,7.9979993180,validation,False,observed_complete
2025-08-30,5,Đại Nội,3244,1223,4467,8.4046961602,validation,False,observed_complete
2025-08-31,5,Đại Nội,5190,933,6123,8.7199707568,validation,False,observed_complete
2025-09-01,5,Đại Nội,4150,967,5117,8.5405190167,validation,False,observed_complete
2025-09-02,5,Đại Nội,9,961,970,6.8783264683,validation,False,observed_complete
2025-09-03,5,Đại Nội,818,879,1697,7.4372063669,validation,False,observed_complete
2025-09-04,5,Đại Nội,659,984,1643,7.4048875756,validation,False,observed_complete
2025-09-05,5,Đại Nội,772,788,1560,7.3530819205,validation,False,observed_complete
2025-09-06,5,Đại Nội,1231,1283,2514,7.8300280825,validation,False,observed_complete
2025-09-07,5,Đại Nội,1207,1254,2461,7.8087293067,validation,False,observed_complete
2025-09-08,5,Đại Nội,1022,1054,2076,7.6386798239,validation,False,observed_complete
2025-09-09,5,Đại Nội,1062,1102,2164,7.6801756404,validation,False,observed_complete
2025-09-10,5,Đại Nội,1210,1297,2507,7.8272409018,validation,False,observed_complete
2025-09-11,5,Đại Nội,838,1156,1994,7.5983993293,validation,False,observed_complete
2025-09-12,5,Đại Nội,1423,1078,2501,7.8248456910,validation,False,observed_complete
2025-09-13,5,Đại Nội,1787,1583,3370,8.1229647152,validation,False,observed_complete
2025-09-14,5,Đại Nội,1903,1350,3253,8.0876402878,validation,False,observed_complete
2025-09-15,5,Đại Nội,1123,1491,2614,7.8690193765,validation,False,observed_complete
2025-09-16,5,Đại Nội,932,1477,2409,7.7873820265,validation,False,observed_complete
2025-09-17,5,Đại Nội,1014,1391,2405,7.7857208965,validation,False,observed_complete
2025-09-18,5,Đại Nội,1326,1199,2525,7.8343923029,validation,False,observed_complete
2025-09-19,5,Đại Nội,1150,1290,2440,7.8001630704,validation,False,observed_complete
2025-09-20,5,Đại Nội,1927,1402,3329,8.1107275830,validation,False,observed_complete
2025-09-21,5,Đại Nội,1506,1312,2818,7.9441374911,validation,False,observed_complete
2025-09-22,5,Đại Nội,1056,1198,2254,7.7209052519,validation,False,observed_complete
2025-09-23,5,Đại Nội,817,1511,2328,7.7531942699,validation,False,observed_complete
2025-09-24,5,Đại Nội,1092,1230,2322,7.7506147328,validation,False,observed_complete
2025-09-25,5,Đại Nội,968,1341,2309,7.7450028035,validation,False,observed_complete
2025-09-26,5,Đại Nội,1492,1071,2563,7.8493238180,validation,False,observed_complete
2025-09-27,5,Đại Nội,581,1116,1697,7.4372063669,validation,False,observed_complete
2025-09-28,5,Đại Nội,373,611,984,6.8926416412,validation,False,observed_complete
2025-09-29,5,Đại Nội,656,1169,1825,7.5098830612,validation,False,observed_complete
2025-09-30,5,Đại Nội,785,1479,2264,7.7253300379,validation,False,observed_complete
2025-10-01,5,Đại Nội,547,1144,1691,7.4336665402,validation,False,observed_complete
2025-10-02,5,Đại Nội,853,1446,2299,7.7406644019,validation,False,observed_complete
2025-10-03,5,Đại Nội,910,1355,2265,7.7257714416,validation,False,observed_complete
2025-10-04,5,Đại Nội,1172,1523,2695,7.8995244720,validation,False,observed_complete
2025-10-05,5,Đại Nội,966,1689,2655,7.8845765106,validation,False,observed_complete
2025-10-06,5,Đại Nội,764,1924,2688,7.8969246563,validation,False,observed_complete
2025-10-07,5,Đại Nội,520,1646,2166,7.6810990015,validation,False,observed_complete
2025-10-08,5,Đại Nội,792,1678,2470,7.8123782060,validation,False,observed_complete
2025-10-09,5,Đại Nội,873,1354,2227,7.7088596010,validation,False,observed_complete
2025-10-10,5,Đại Nội,944,1416,2360,7.7668405371,validation,False,observed_complete
2025-10-11,5,Đại Nội,1423,1620,3043,8.0209277190,validation,False,observed_complete
2025-10-12,5,Đại Nội,1085,1586,2671,7.8905825347,validation,False,observed_complete
2025-10-13,5,Đại Nội,830,1632,2462,7.8091353981,validation,False,observed_complete
2025-10-14,5,Đại Nội,546,1414,1960,7.5812098262,validation,False,observed_complete
2025-10-15,5,Đại Nội,800,1303,2103,7.6515955739,validation,False,observed_complete
2025-10-16,5,Đại Nội,696,1605,2301,7.7415335893,validation,False,observed_complete
2025-10-17,5,Đại Nội,1342,1785,3127,8.0481491017,validation,False,observed_complete
2025-10-18,5,Đại Nội,744,1596,2340,7.7583334675,validation,False,observed_complete
2025-10-19,5,Đại Nội,1246,1415,2661,7.8868329990,validation,False,observed_complete
2025-10-20,5,Đại Nội,554,1432,1986,7.5943812426,validation,False,observed_complete
2025-10-21,5,Đại Nội,480,1805,2285,7.7345588444,validation,False,observed_complete
2025-10-22,5,Đại Nội,423,1426,1849,7.5229409181,validation,False,observed_complete
2025-10-23,5,Đại Nội,363,971,1334,7.1966865708,validation,False,observed_complete
2025-10-24,5,Đại Nội,426,1527,1953,7.5776338326,validation,False,observed_complete
2025-10-25,5,Đại Nội,639,1838,2477,7.8152070622,validation,False,observed_complete
2025-10-26,5,Đại Nội,292,1811,2103,7.6515955739,validation,False,observed_complete
2025-10-27,5,Đại Nội,18,703,721,6.5820251389,validation,False,observed_complete
2025-10-28,5,Đại Nội,0,0,0,0.0000000000,validation,True,observed_complete
2025-10-29,5,Đại Nội,0,0,0,0.0000000000,validation,True,observed_complete
2025-10-30,5,Đại Nội,0,0,0,0.0000000000,validation,True,observed_complete
2025-10-31,5,Đại Nội,41,345,386,5.9584246930,validation,False,observed_complete
2025-11-01,5,Đại Nội,86,807,893,6.7957057752,validation,False,observed_complete
2025-11-02,5,Đại Nội,189,1080,1269,7.1467721795,validation,False,observed_complete
2025-11-03,5,Đại Nội,0,90,90,4.5108595065,validation,False,observed_complete
2025-11-04,5,Đại Nội,45,679,724,6.5861716549,validation,False,observed_complete
2025-11-05,5,Đại Nội,77,1123,1200,7.0909098221,validation,False,observed_complete
2025-11-06,5,Đại Nội,99,1250,1349,7.2078598714,validation,False,observed_complete
2025-11-07,5,Đại Nội,215,1055,1270,7.1475592712,validation,False,observed_complete
2025-11-08,5,Đại Nội,172,2016,2188,7.6912000975,validation,False,observed_complete
2025-11-09,5,Đại Nội,355,2469,2824,7.9462636436,validation,False,observed_complete
2025-11-10,5,Đại Nội,275,2750,3025,8.0149968943,validation,False,observed_complete
2025-11-11,5,Đại Nội,258,2764,3022,8.0140049948,validation,False,observed_complete
2025-11-12,5,Đại Nội,435,2967,3402,8.1324126745,validation,False,observed_complete
2025-11-13,5,Đại Nội,882,2840,3722,8.2222850739,validation,False,observed_complete
2025-11-14,5,Đại Nội,405,2832,3237,8.0827111342,validation,False,observed_complete
2025-11-15,5,Đại Nội,812,2859,3671,8.2084917517,validation,False,observed_complete
2025-11-16,5,Đại Nội,649,2533,3182,8.0655794273,validation,False,observed_complete
2025-11-17,5,Đại Nội,317,2560,2877,7.9648508874,validation,False,observed_complete
2025-11-18,5,Đại Nội,203,2694,2897,7.9717761229,validation,False,observed_complete
2025-11-19,5,Đại Nội,204,2323,2527,7.8351837553,validation,False,observed_complete
2025-11-20,5,Đại Nội,168,2731,2899,7.9724660160,validation,False,observed_complete
2025-11-21,5,Đại Nội,411,3209,3620,8.1945055098,validation,False,observed_complete
2025-11-22,5,Đại Nội,489,2791,3280,8.0959035330,validation,False,observed_complete
2025-11-23,5,Đại Nội,41,2535,2576,7.8543812107,validation,False,observed_complete
2025-11-24,5,Đại Nội,197,1938,2135,7.6666902001,validation,False,observed_complete
2025-11-25,5,Đại Nội,335,2461,2796,7.9363026932,validation,False,observed_complete
2025-11-26,5,Đại Nội,296,1975,2271,7.7284157798,validation,False,observed_complete
2025-11-27,5,Đại Nội,347,2369,2716,7.9072836094,validation,False,observed_complete
2025-11-28,5,Đại Nội,503,2248,2751,7.9200831991,validation,False,observed_complete
2025-11-29,5,Đại Nội,510,2122,2632,7.8758791595,validation,False,observed_complete
2025-11-30,5,Đại Nội,499,2386,2885,7.9676267393,validation,False,observed_complete
2025-12-01,5,Đại Nội,318,2371,2689,7.8972964726,validation,False,observed_complete
2025-12-02,5,Đại Nội,371,2225,2596,7.8621122117,validation,False,observed_complete
2025-12-03,5,Đại Nội,203,1909,2112,7.6558640176,validation,False,observed_complete
2025-12-04,5,Đại Nội,617,1652,2269,7.7275351105,validation,False,observed_complete
2025-12-05,5,Đại Nội,547,1887,2434,7.7977020355,validation,False,observed_complete
2025-12-06,5,Đại Nội,681,2230,2911,7.9765954093,validation,False,observed_complete
2025-12-07,5,Đại Nội,661,1820,2481,7.8168199658,validation,False,observed_complete
2025-12-08,5,Đại Nội,608,1399,2007,7.6048944808,validation,False,observed_complete
2025-12-09,5,Đại Nội,507,1890,2397,7.7823903356,validation,False,observed_complete
2025-12-10,5,Đại Nội,374,1406,1780,7.4849302833,validation,False,observed_complete
2025-12-11,5,Đại Nội,324,1792,2116,7.6577552711,validation,False,observed_complete
2025-12-12,5,Đại Nội,632,1793,2425,7.7939990895,validation,False,observed_complete
2025-12-13,5,Đại Nội,715,1619,2334,7.7557671701,validation,False,observed_complete
2025-12-14,5,Đại Nội,966,2158,3124,8.0471895622,validation,False,observed_complete
2025-12-15,5,Đại Nội,473,1963,2436,7.7985230536,validation,False,observed_complete
2025-12-16,5,Đại Nội,484,1474,1958,7.5801894179,validation,False,observed_complete
2025-12-17,5,Đại Nội,247,1274,1521,7.3277805384,validation,False,observed_complete
2025-12-18,5,Đại Nội,458,1881,2339,7.7579062084,validation,False,observed_complete
2025-12-19,5,Đại Nội,989,1878,2867,7.9613702017,validation,False,observed_complete
2025-12-20,5,Đại Nội,878,1557,2435,7.7981126288,validation,False,observed_complete
2025-12-21,5,Đại Nội,1490,1947,3437,8.1426451859,validation,False,observed_complete
2025-12-22,5,Đại Nội,648,2109,2757,7.9222610584,validation,False,observed_complete
2025-12-23,5,Đại Nội,915,2544,3459,8.1490238681,validation,False,observed_complete
2025-12-24,5,Đại Nội,532,2552,3084,8.0343069363,validation,False,observed_complete
2025-12-25,5,Đại Nội,594,2272,2866,7.9610214659,validation,False,observed_complete
2025-12-26,5,Đại Nội,806,3193,3999,8.2940496401,validation,False,observed_complete
2025-12-27,5,Đại Nội,1046,3302,4348,8.3777012126,validation,False,observed_complete
2025-12-28,5,Đại Nội,1116,4037,5153,8.5475283912,validation,False,observed_complete
2025-12-29,5,Đại Nội,1068,3794,4862,8.4894108104,validation,False,observed_complete
2025-12-30,5,Đại Nội,903,4059,4962,8.5097656756,validation,False,observed_complete
2025-12-31,5,Đại Nội,1028,2895,3923,8.2748668207,validation,False,observed_complete
2026-01-01,5,Đại Nội,2298,2237,4535,8.4198008454,validation,False,observed_complete
2026-01-02,5,Đại Nội,3331,3119,6450,8.7719904365,validation,False,observed_complete
2026-01-03,5,Đại Nội,2333,3149,5482,8.6094076754,validation,False,observed_complete
2026-01-04,5,Đại Nội,1243,2655,3898,8.2684753890,validation,False,observed_complete
2026-01-05,5,Đại Nội,608,2641,3249,8.0864102753,validation,False,observed_complete
2026-01-06,5,Đại Nội,680,2194,2874,7.9638079532,validation,False,observed_complete
2026-01-07,5,Đại Nội,594,2457,3051,8.0235523924,validation,False,observed_complete
2026-01-08,5,Đại Nội,686,2571,3257,8.0888687892,validation,False,observed_complete
2026-01-09,5,Đại Nội,1032,2569,3601,8.1892445257,validation,False,observed_complete
2026-01-10,5,Đại Nội,966,2129,3095,8.0378662347,validation,False,observed_complete
2026-01-11,5,Đại Nội,1120,2157,3277,8.0949887593,validation,False,observed_complete
2026-01-12,5,Đại Nội,808,2420,3228,8.0799277708,validation,False,observed_complete
2026-01-13,5,Đại Nội,606,2566,3172,8.0624327916,validation,False,observed_complete
2026-01-14,5,Đại Nội,638,2568,3206,8.0730911997,validation,False,observed_complete
2026-01-15,5,Đại Nội,735,2228,2963,7.9942949864,validation,False,observed_complete
2026-01-16,5,Đại Nội,1175,2261,3436,8.1423542768,validation,False,observed_complete
2026-01-17,5,Đại Nội,1136,2657,3793,8.2411761505,validation,False,observed_complete
2026-01-18,5,Đại Nội,977,2626,3603,8.1897996187,validation,False,observed_complete
2026-01-19,5,Đại Nội,859,2952,3811,8.2459092648,validation,False,observed_complete
2026-01-20,5,Đại Nội,762,2663,3425,8.1391486789,validation,False,observed_complete
2026-01-21,5,Đại Nội,861,2740,3601,8.1892445257,validation,False,observed_complete
2026-01-22,5,Đại Nội,878,2966,3844,8.2545288819,validation,False,observed_complete
2026-01-23,5,Đại Nội,782,2636,3418,8.1371033896,validation,False,observed_complete
2026-01-24,5,Đại Nội,1245,2994,4239,8.3523185482,validation,False,observed_complete
2026-01-25,5,Đại Nội,1531,2733,4264,8.3581974599,validation,False,observed_complete
2026-01-26,5,Đại Nội,907,2650,3557,8.1769538682,validation,False,observed_complete
2026-01-27,5,Đại Nội,746,3077,3823,8.2490522742,test,False,observed_complete
2026-01-28,5,Đại Nội,596,2887,3483,8.1559363380,test,False,observed_complete
2026-01-29,5,Đại Nội,585,3045,3630,8.1972633714,test,False,observed_complete
2026-01-30,5,Đại Nội,603,2636,3239,8.0833286088,test,False,observed_complete
2026-01-31,5,Đại Nội,1057,2902,3959,8.2839993042,test,False,observed_complete
2026-02-01,5,Đại Nội,790,2858,3648,8.2022084364,test,False,observed_complete
2026-02-02,5,Đại Nội,482,2353,2835,7.9501498877,test,False,observed_complete
2026-02-03,5,Đại Nội,752,2557,3309,8.1047034684,test,False,observed_complete
2026-02-04,5,Đại Nội,663,2837,3500,8.1608039210,test,False,observed_complete
2026-02-05,5,Đại Nội,679,2525,3204,8.0724673694,test,False,observed_complete
2026-02-06,5,Đại Nội,598,2495,3093,8.0372200311,test,False,observed_complete
2026-02-07,5,Đại Nội,1069,2827,3896,8.2679623053,test,False,observed_complete
2026-02-08,5,Đại Nội,898,3137,4035,8.3030093815,test,False,observed_complete
2026-02-09,5,Đại Nội,1182,2782,3964,8.2852611341,test,False,observed_complete
2026-02-10,5,Đại Nội,1442,2699,4141,8.3289340420,test,False,observed_complete
2026-02-11,5,Đại Nội,1314,2762,4076,8.3131167028,test,False,observed_complete
2026-02-12,5,Đại Nội,1166,2502,3668,8.2076744244,test,False,observed_complete
2026-02-13,5,Đại Nội,1454,2215,3669,8.2079469410,test,False,observed_complete
2026-02-14,5,Đại Nội,1331,2451,3782,8.2382726246,test,False,observed_complete
2026-02-15,5,Đại Nội,1060,2985,4045,8.3054840177,test,False,observed_complete
2026-02-16,5,Đại Nội,827,1941,2768,7.9262415232,test,False,observed_complete
2026-02-17,5,Đại Nội,31,2329,2360,7.7668405371,test,False,observed_complete
2026-02-18,5,Đại Nội,3681,2364,6045,8.7071521753,test,False,observed_complete
2026-02-19,5,Đại Nội,7703,3033,10736,9.2814509994,test,False,observed_complete
2026-02-20,5,Đại Nội,8291,2683,10974,9.3033752379,test,False,observed_complete
2026-02-21,5,Đại Nội,7410,2803,10213,9.2315146072,test,False,observed_complete
2026-02-22,5,Đại Nội,5068,2498,7566,8.9315519667,test,False,observed_complete
2026-02-23,5,Đại Nội,3752,2376,6128,8.7207868835,test,False,observed_complete
2026-02-24,5,Đại Nội,2937,2566,5503,8.6132303796,test,False,observed_complete
2026-02-25,5,Đại Nội,2803,2683,5486,8.6101369371,test,False,observed_complete
2026-02-26,5,Đại Nội,2274,2403,4677,8.4506259471,test,False,observed_complete
2026-02-27,5,Đại Nội,2546,3077,5623,8.6347984335,test,False,observed_complete
2026-02-28,5,Đại Nội,2918,3373,6291,8.7470342642,test,False,observed_complete
2026-03-01,5,Đại Nội,2464,2947,5411,8.5963739893,test,False,observed_complete
2026-03-02,5,Đại Nội,1492,3113,4605,8.4351150804,test,False,observed_complete
2026-03-03,5,Đại Nội,1246,2938,4184,8.3392619829,test,False,observed_complete
2026-03-04,5,Đại Nội,1182,3008,4190,8.3406946479,test,False,observed_complete
2026-03-05,5,Đại Nội,1510,3595,5105,8.5381715978,test,False,observed_complete
2026-03-06,5,Đại Nội,2313,3508,5821,8.6693991243,test,False,observed_complete
2026-03-07,5,Đại Nội,2745,3672,6417,8.7668618217,test,False,observed_complete
2026-03-08,5,Đại Nội,2542,3838,6380,8.7610801039,test,False,observed_complete
2026-03-09,5,Đại Nội,1379,3566,4945,8.5063344481,test,False,observed_complete
2026-03-10,5,Đại Nội,1148,3444,4592,8.4322886843,test,False,observed_complete
2026-03-11,5,Đại Nội,1629,3477,5106,8.5383674266,test,False,observed_complete
2026-03-12,5,Đại Nội,1580,3326,4906,8.4984180361,test,False,observed_complete
2026-03-13,5,Đại Nội,1884,3997,5881,8.6796521191,test,False,observed_complete
2026-03-14,5,Đại Nội,2469,3690,6159,8.7258320565,test,False,observed_complete
2026-03-15,5,Đại Nội,2198,3560,5758,8.6585191275,test,False,observed_complete
2026-03-16,5,Đại Nội,1725,3723,5448,8.6031873846,test,False,observed_complete
2026-03-17,5,Đại Nội,1504,3427,4931,8.5034998643,test,False,observed_complete
2026-03-18,5,Đại Nội,1511,3573,5084,8.5340503085,test,False,observed_complete
2026-03-19,5,Đại Nội,1528,3451,4979,8.5131851700,test,False,observed_complete
2026-03-20,5,Đại Nội,2288,3272,5560,8.6235332272,test,False,observed_complete
2026-03-21,5,Đại Nội,3182,3588,6770,8.8204040655,test,False,observed_complete
2026-03-22,5,Đại Nội,2322,3338,5660,8.6413558340,test,False,observed_complete
2026-03-23,5,Đại Nội,1456,3528,4984,8.5141886824,test,False,observed_complete
2026-03-24,5,Đại Nội,1530,3999,5529,8.6179430945,test,False,observed_complete
2026-03-25,5,Đại Nội,1499,3177,4676,8.4504121577,test,False,observed_complete
2026-03-26,5,Đại Nội,19,2920,2939,7.9861648603,test,False,observed_complete
2026-03-27,5,Đại Nội,2046,2457,4503,8.4127211698,test,False,observed_complete
2026-03-28,5,Đại Nội,2711,3026,5737,8.6548659965,test,False,observed_complete
2026-03-29,5,Đại Nội,2515,3180,5695,8.6475194531,test,False,observed_complete
2026-03-30,5,Đại Nội,1366,2694,4060,8.3091845277,test,False,observed_complete
2026-03-31,5,Đại Nội,1550,2484,4034,8.3027615807,test,False,observed_complete
2026-04-01,5,Đại Nội,1147,2069,3216,8.0762045272,test,False,observed_complete
2026-04-02,5,Đại Nội,1494,2706,4200,8.3430778712,test,False,observed_complete
2026-04-03,5,Đại Nội,1765,2995,4760,8.4682130092,test,False,observed_complete
2026-04-04,5,Đại Nội,2545,2582,5127,8.5424709986,test,False,observed_complete
2026-04-05,5,Đại Nội,1931,2254,4185,8.3395009030,test,False,observed_complete
2026-04-06,5,Đại Nội,1703,2337,4040,8.3042474651,test,False,observed_complete
2026-04-07,5,Đại Nội,1487,2392,3879,8.2635904326,test,False,observed_complete
2026-04-08,5,Đại Nội,1538,2428,3966,8.2857654205,test,False,observed_complete
2026-04-09,5,Đại Nội,1777,2360,4137,8.3279678583,test,False,observed_complete
2026-04-10,5,Đại Nội,1727,2366,4093,8.3172777662,test,False,observed_complete
2026-04-11,5,Đại Nội,2052,2407,4459,8.4029040450,test,False,observed_complete
2026-04-12,5,Đại Nội,2232,2415,4647,8.4441922985,test,False,observed_complete
2026-04-13,5,Đại Nội,1878,2231,4109,8.3211783075,test,False,observed_complete
2026-04-14,5,Đại Nội,1584,2579,4163,8.3342314297,test,False,observed_complete
2026-04-15,5,Đại Nội,2361,2508,4869,8.4908492161,test,False,observed_complete
2026-04-16,5,Đại Nội,2090,2095,4185,8.3395009030,test,False,observed_complete
2026-04-17,5,Đại Nội,2594,2417,5011,8.5195903160,test,False,observed_complete
2026-04-18,5,Đại Nội,3308,2682,5990,8.6980136221,test,False,observed_complete
2026-04-19,5,Đại Nội,2592,2223,4815,8.4796989870,test,False,observed_complete
2026-04-20,5,Đại Nội,1889,2602,4491,8.4100533159,test,False,observed_complete
2026-04-21,5,Đại Nội,1845,1861,3706,8.2179782032,test,False,observed_complete
2026-04-22,5,Đại Nội,1594,1864,3458,8.1487348089,test,False,observed_complete
2026-04-23,5,Đại Nội,1258,1968,3226,8.0793081921,test,False,observed_complete
2026-04-24,5,Đại Nội,1918,2302,4220,8.3478273458,test,False,observed_complete
2026-04-25,5,Đại Nội,3592,2145,5737,8.6548659965,test,False,observed_complete
2026-04-26,5,Đại Nội,5223,1990,7213,8.8837788615,test,False,observed_complete
2026-04-27,5,Đại Nội,4847,1908,6755,8.8181862779,test,False,observed_complete
2026-04-28,5,Đại Nội,4189,1937,6126,8.7204605127,test,False,observed_complete
2026-04-29,5,Đại Nội,4075,1602,5677,8.6443543370,test,False,observed_complete
2026-04-30,5,Đại Nội,10342,1529,11871,9.3819379654,test,False,observed_complete
2026-05-01,5,Đại Nội,10672,2167,12839,9.4603205772,test,False,observed_complete
2026-05-02,5,Đại Nội,7435,1995,9430,9.1517574145,test,False,observed_complete
2026-05-03,5,Đại Nội,2986,1936,4922,8.5016733798,test,False,observed_complete
2026-05-04,5,Đại Nội,1254,2387,3641,8.2002882603,test,False,observed_complete
2026-05-05,5,Đại Nội,1154,1759,2913,7.9772819868,test,False,observed_complete
2026-05-06,5,Đại Nội,1238,1578,2816,7.9434277679,test,False,observed_complete
2026-05-07,5,Đại Nội,1715,1522,3237,8.0827111342,test,False,observed_complete
2026-05-08,5,Đại Nội,1963,1425,3388,8.1282901716,test,False,observed_complete
2026-05-09,5,Đại Nội,2125,1838,3963,8.2850088954,test,False,observed_complete
2026-05-10,5,Đại Nội,1831,1563,3394,8.1300590400,test,False,observed_complete
2026-05-11,5,Đại Nội,1344,1445,2789,7.9337968748,test,False,observed_complete
2026-05-12,5,Đại Nội,1428,1588,3016,8.0120182392,test,False,observed_complete
2026-05-13,5,Đại Nội,1677,1104,2781,7.9309253725,test,False,observed_complete
2026-05-14,5,Đại Nội,1268,1297,2565,7.8501035452,test,False,observed_complete
2026-05-15,5,Đại Nội,2308,1179,3487,8.1570837850,test,False,observed_complete
2026-05-16,5,Đại Nội,2113,1356,3469,8.1519098729,test,False,observed_complete
2026-05-17,5,Đại Nội,1771,1148,2919,7.9793388953,test,False,observed_complete
2026-05-18,5,Đại Nội,1310,1395,2705,7.9032268087,test,False,observed_complete
2026-05-19,5,Đại Nội,1428,1640,3068,8.0291070546,test,False,observed_complete
2026-05-20,5,Đại Nội,1623,1116,2739,7.9157131994,test,False,observed_complete
2026-05-21,5,Đại Nội,1795,1098,2893,7.9703949072,test,False,observed_complete
2026-05-22,5,Đại Nội,2413,1159,3572,8.1811608580,test,False,observed_complete
2026-05-23,5,Đại Nội,2776,1184,3960,8.2842517976,test,False,observed_complete
2026-05-24,5,Đại Nội,2083,1364,3447,8.1455496318,test,False,observed_complete
2026-05-25,5,Đại Nội,2257,1204,3461,8.1496017357,test,False,observed_complete
2026-05-26,5,Đại Nội,1529,1251,2780,7.9305658542,test,False,observed_complete
2026-05-27,5,Đại Nội,2218,1033,3251,8.0870254707,test,False,observed_complete
2026-05-28,5,Đại Nội,3007,1109,4116,8.3228800218,test,False,observed_complete
2026-05-29,5,Đại Nội,3774,1049,4823,8.4813587384,test,False,observed_complete
2026-05-30,5,Đại Nội,4011,1216,5227,8.5617840747,test,False,observed_complete
2026-05-31,5,Đại Nội,3255,1148,4403,8.3902684978,test,False,observed_complete
2026-06-01,5,Đại Nội,3316,1124,4440,8.3986348553,test,False,observed_complete
2026-06-02,5,Đại Nội,4091,1176,5267,8.5694060629,test,False,observed_complete
2026-06-03,5,Đại Nội,4267,936,5203,8.5571828396,test,False,observed_complete
2026-06-04,5,Đại Nội,4375,949,5324,8.5801679906,test,False,observed_complete
2026-06-05,5,Đại Nội,5229,925,6154,8.7250200386,test,False,observed_complete
2026-06-06,5,Đại Nội,5593,779,6372,8.7598255953,test,False,observed_complete
2026-06-07,5,Đại Nội,4978,896,5874,8.6784613390,test,False,observed_complete
2026-06-08,5,Đại Nội,4706,749,5455,8.6044711995,test,False,observed_complete
2026-06-09,5,Đại Nội,4542,1007,5549,8.6215532067,test,False,observed_complete
2026-06-10,5,Đại Nội,3947,870,4817,8.4801141832,test,False,observed_complete
2026-06-11,5,Đại Nội,5720,837,6557,8.7884409574,test,False,observed_complete
2026-06-12,5,Đại Nội,5525,819,6344,8.7554223801,test,False,observed_complete
2026-06-13,5,Đại Nội,5137,1061,6198,8.7321432677,test,False,observed_complete
2026-06-14,5,Đại Nội,5269,879,6148,8.7240447460,test,False,observed_complete
2026-06-15,5,Đại Nội,5147,902,6049,8.7078135510,test,False,observed_complete
2026-06-16,5,Đại Nội,5385,944,6329,8.7530555151,test,False,observed_complete
2026-06-17,5,Đại Nội,5706,744,6450,8.7719904365,test,False,observed_complete
2026-06-18,5,Đại Nội,5991,840,6831,8.8293727355,test,False,observed_complete
2026-06-19,5,Đại Nội,7192,857,8049,8.9934273704,test,False,observed_complete
2026-06-20,5,Đại Nội,6522,970,7492,8.9217245304,test,False,observed_complete
2026-06-21,5,Đại Nội,6839,875,7714,8.9509217648,test,False,observed_complete
2026-06-22,5,Đại Nội,5433,774,6207,8.7335940619,test,False,observed_complete
2026-06-23,5,Đại Nội,5615,973,6588,8.7931568709,test,False,observed_complete
2026-06-24,5,Đại Nội,5335,772,6107,8.7173546663,test,False,observed_complete
2026-06-25,5,Đại Nội,6725,854,7579,8.9332684786,test,False,observed_complete
2026-06-26,5,Đại Nội,6886,709,7595,8.9353770719,test,False,observed_complete
2026-06-27,5,Đại Nội,6619,929,7548,8.9291703831,test,False,observed_complete
2026-06-28,5,Đại Nội,5410,708,6118,8.7191539635,test,False,observed_complete
2026-06-29,5,Đại Nội,4823,839,5662,8.6417090661,test,False,observed_complete
2026-06-30,5,Đại Nội,4774,976,5750,8.6571290317,test,False,observed_complete
2026-07-01,5,Đại Nội,3920,965,4885,8.4941292518,test,False,observed_complete
2026-07-02,5,Đại Nội,4488,874,5362,8.5872787990,test,False,observed_complete
2026-07-03,5,Đại Nội,5581,817,6398,8.7638970071,test,False,observed_complete
2026-07-04,5,Đại Nội,6434,1190,7624,8.9391876015,test,False,observed_complete
2026-07-05,5,Đại Nội,5819,1163,6982,8.8512339028,test,False,observed_complete
2026-07-06,5,Đại Nội,5105,1210,6315,8.7508413754,test,False,observed_complete
2026-07-07,5,Đại Nội,5300,1237,6537,8.7853865873,test,False,observed_complete
2026-07-08,5,Đại Nội,5493,1105,6598,8.7946734014,test,False,observed_complete
2026-07-09,5,Đại Nội,6589,1289,7878,8.9719562712,test,False,observed_complete
2026-07-10,5,Đại Nội,7040,1451,8491,9.0468798228,test,False,observed_complete
2026-07-11,5,Đại Nội,6699,1253,7952,8.9813044950,test,False,observed_complete
2026-07-12,5,Đại Nội,6652,1226,7878,8.9719562712,test,False,observed_complete
2026-07-13,5,Đại Nội,5092,1506,6598,8.7946734014,test,False,observed_complete
2026-07-14,5,Đại Nội,4951,1663,6614,8.7970950765,test,False,observed_complete
2026-07-15,5,Đại Nội,4775,1416,6191,8.7310134153,test,False,observed_complete
2026-07-16,5,Đại Nội,5630,1405,7035,8.8587951059,test,False,observed_complete
2026-07-17,5,Đại Nội,5964,1257,7221,8.8848872018,test,False,observed_complete
2026-07-18,5,Đại Nội,7349,1676,9025,9.1078645804,test,False,observed_complete
2026-07-19,5,Đại Nội,5937,1782,7719,8.9515696430,test,False,observed_complete
2026-07-20,5,Đại Nội,4632,1592,6224,8.7363287213,test,False,observed_complete
2026-07-21,5,Đại Nội,4639,1560,6199,8.7323045710,test,False,observed_complete
2026-07-22,5,Đại Nội,5095,1514,6609,8.7963389328,test,False,observed_complete
2026-07-23,5,Đại Nội,5593,1619,7212,8.8836402325,test,False,observed_complete
2026-07-24,5,Đại Nội,5663,1353,7016,8.8560910553,test,False,observed_complete
2026-07-25,5,Đại Nội,6211,1733,7944,8.9802980790,test,False,observed_complete
2026-07-26,5,Đại Nội,6078,1600,7678,8.9462446093,test,False,observed_complete
2026-07-27,5,Đại Nội,4653,1464,6117,8.7189905247,test,False,observed_complete
2026-07-28,5,Đại Nội,4063,1789,5852,8.6747096293,test,False,observed_complete
2026-07-29,5,Đại Nội,4062,1826,5888,8.6808414829,test,False,observed_complete
2026-07-30,5,Đại Nội,4024,1675,5699,8.6482214538,test,False,observed_complete
2026-07-31,5,Đại Nội,3808,1283,5091,8.5354259597,test,False,observed_complete
2026-08-01,5,Đại Nội,5926,2025,7951,8.9811787483,test,False,observed_complete
2026-08-02,5,Đại Nội,4765,1740,6505,8.7804801070,test,False,observed_complete
2026-08-03,5,Đại Nội,3734,1926,5660,8.6413558340,test,False,observed_complete
2026-08-04,5,Đại Nội,3962,1839,5801,8.6659579647,test,False,observed_complete
2026-08-05,5,Đại Nội,3794,1571,5365,8.5878380310,test,False,observed_complete
2026-08-06,5,Đại Nội,4783,1864,6647,8.8020713365,test,False,observed_complete
2026-08-07,5,Đại Nội,4132,1918,6050,8.7079788266,test,False,observed_complete
2026-08-08,5,Đại Nội,5644,2215,7859,8.9695418854,test,False,observed_complete
2026-08-09,5,Đại Nội,4742,2378,7120,8.8708034440,test,False,observed_complete
2026-08-10,5,Đại Nội,3054,2231,5285,8.5728170952,test,False,observed_complete
2026-08-11,5,Đại Nội,3059,2413,5472,8.6075821911,test,False,observed_complete
2026-08-12,5,Đại Nội,2744,2388,5132,8.5434455626,test,False,observed_complete
2026-08-13,5,Đại Nội,3015,2208,5223,8.5610186710,test,False,observed_complete
2026-08-14,5,Đại Nội,3906,1871,5777,8.6618128810,test,False,observed_complete
2026-08-15,5,Đại Nội,4753,2363,7116,8.8702415673,test,False,observed_complete
2026-08-16,5,Đại Nội,4289,2163,6452,8.7723004179,test,False,observed_complete
2026-08-17,5,Đại Nội,2716,1814,4530,8.4186979447,test,False,observed_complete
2026-08-18,5,Đại Nội,1936,2294,4230,8.3501936507,test,False,observed_complete
2026-08-19,5,Đại Nội,71,1890,1961,7.5817196401,test,False,observed_complete
2026-08-20,5,Đại Nội,2806,2097,4903,8.4978064776,test,False,observed_complete
2026-08-21,5,Đại Nội,2975,1531,4506,8.4133870227,test,False,observed_complete
2026-08-22,5,Đại Nội,3733,1686,5419,8.5978510944,test,False,observed_complete
2026-08-23,5,Đại Nội,2918,1397,4315,8.3700843264,test,False,observed_complete
2026-08-24,5,Đại Nội,1521,1675,3196,8.0699681491,test,False,observed_complete
