date,destination_id,destination,domestic_visitors,international_visitors,visitors,log1p_visitors,split,is_zero_day,data_quality_flag
2022-11-01,7,Lăng vua Minh Mạng,0,0,0,0.0000000000,train,True,observed_complete
2022-11-02,7,Lăng vua Minh Mạng,0,0,0,0.0000000000,train,True,observed_complete
2022-11-03,7,Lăng vua Minh Mạng,0,0,0,0.0000000000,train,True,observed_complete
2022-11-04,7,Lăng vua Minh Mạng,0,0,0,0.0000000000,train,True,observed_complete
2022-11-05,7,Lăng vua Minh Mạng,0,0,0,0.0000000000,train,True,observed_complete
2022-11-06,7,Lăng vua Minh Mạng,0,0,0,0.0000000000,train,True,observed_complete
2022-11-07,7,Lăng vua Minh Mạng,0,0,0,0.0000000000,train,True,observed_complete
2022-11-08,7,Lăng vua Minh Mạng,0,0,0,0.0000000000,train,True,observed_complete
2022-11-09,7,Lăng vua Minh Mạng,0,0,0,0.0000000000,train,True,observed_complete
2022-11-10,7,Lăng vua Minh Mạng,52,49,101,4.6249728133,train,False,observed_complete
2022-11-11,7,Lăng vua Minh Mạng,53,43,96,4.5747109785,train,False,observed_complete
2022-11-12,7,Lăng vua Minh Mạng,158,88,246,5.5093883366,train,False,observed_complete
2022-11-13,7,Lăng vua Minh Mạng,183,116,299,5.7037824747,train,False,observed_complete
2022-11-14,7,Lăng vua Minh Mạng,45,101,146,4.9904325868,train,False,observed_complete
2022-11-15,7,Lăng vua Minh Mạng,48,66,114,4.7449321284,train,False,observed_complete
2022-11-16,7,Lăng vua Minh Mạng,15,13,28,3.3672958300,train,False,observed_complete
2022-11-17,7,Lăng vua Minh Mạng,37,85,122,4.8121843554,train,False,observed_complete
2022-11-18,7,Lăng vua Minh Mạng,179,93,272,5.6094717952,train,False,observed_complete
2022-11-19,7,Lăng vua Minh Mạng,107,228,335,5.8171111600,train,False,observed_complete
2022-11-20,7,Lăng vua Minh Mạng,159,194,353,5.8692969131,train,False,observed_complete
2022-11-21,7,Lăng vua Minh Mạng,89,140,229,5.4380793089,train,False,observed_complete
2022-11-22,7,Lăng vua Minh Mạng,120,106,226,5.4249500175,train,False,observed_complete
2022-11-23,7,Lăng vua Minh Mạng,132,213,345,5.8464387751,train,False,observed_complete
2022-11-24,7,Lăng vua Minh Mạng,97,220,317,5.7620513828,train,False,observed_complete
2022-11-25,7,Lăng vua Minh Mạng,210,223,433,6.0730445341,train,False,observed_complete
2022-11-26,7,Lăng vua Minh Mạng,109,216,325,5.7868973814,train,False,observed_complete
2022-11-27,7,Lăng vua Minh Mạng,119,180,299,5.7037824747,train,False,observed_complete
2022-11-28,7,Lăng vua Minh Mạng,90,166,256,5.5490760849,train,False,observed_complete
2022-11-29,7,Lăng vua Minh Mạng,68,141,209,5.3471075307,train,False,observed_complete
2022-11-30,7,Lăng vua Minh Mạng,119,110,229,5.4380793089,train,False,observed_complete
2022-12-01,7,Lăng vua Minh Mạng,133,227,360,5.8888779583,train,False,observed_complete
2022-12-02,7,Lăng vua Minh Mạng,50,91,141,4.9558270576,train,False,observed_complete
2022-12-03,7,Lăng vua Minh Mạng,41,109,150,5.0172798368,train,False,observed_complete
2022-12-04,7,Lăng vua Minh Mạng,173,225,398,5.9889614169,train,False,observed_complete
2022-12-05,7,Lăng vua Minh Mạng,63,126,189,5.2470240722,train,False,observed_complete
2022-12-06,7,Lăng vua Minh Mạng,144,142,286,5.6594822158,train,False,observed_complete
2022-12-07,7,Lăng vua Minh Mạng,93,185,278,5.6312117818,train,False,observed_complete
2022-12-08,7,Lăng vua Minh Mạng,67,98,165,5.1119877884,train,False,observed_complete
2022-12-09,7,Lăng vua Minh Mạng,84,120,204,5.3230099791,train,False,observed_complete
2022-12-10,7,Lăng vua Minh Mạng,67,90,157,5.0625950330,train,False,observed_complete
2022-12-11,7,Lăng vua Minh Mạng,254,149,403,6.0014148780,train,False,observed_complete
2022-12-12,7,Lăng vua Minh Mạng,138,203,341,5.8348107371,train,False,observed_complete
2022-12-13,7,Lăng vua Minh Mạng,118,106,224,5.4161004022,train,False,observed_complete
2022-12-14,7,Lăng vua Minh Mạng,39,112,151,5.0238805208,train,False,observed_complete
2022-12-15,7,Lăng vua Minh Mạng,248,142,390,5.9687075600,train,False,observed_complete
2022-12-16,7,Lăng vua Minh Mạng,63,121,184,5.2203558251,train,False,observed_complete
2022-12-17,7,Lăng vua Minh Mạng,79,108,187,5.2364419628,train,False,observed_complete
2022-12-18,7,Lăng vua Minh Mạng,117,72,189,5.2470240722,train,False,observed_complete
2022-12-19,7,Lăng vua Minh Mạng,103,119,222,5.4071717715,train,False,observed_complete
2022-12-20,7,Lăng vua Minh Mạng,143,173,316,5.7589017739,train,False,observed_complete
2022-12-21,7,Lăng vua Minh Mạng,69,170,239,5.4806389233,train,False,observed_complete
2022-12-22,7,Lăng vua Minh Mạng,126,227,353,5.8692969131,train,False,observed_complete
2022-12-23,7,Lăng vua Minh Mạng,160,179,339,5.8289456176,train,False,observed_complete
2022-12-24,7,Lăng vua Minh Mạng,201,185,386,5.9584246930,train,False,observed_complete
2022-12-25,7,Lăng vua Minh Mạng,418,173,591,6.3835066349,train,False,observed_complete
2022-12-26,7,Lăng vua Minh Mạng,132,231,363,5.8971538676,train,False,observed_complete
2022-12-27,7,Lăng vua Minh Mạng,198,186,384,5.9532433343,train,False,observed_complete
2022-12-28,7,Lăng vua Minh Mạng,116,323,439,6.0867747269,train,False,observed_complete
2022-12-29,7,Lăng vua Minh Mạng,70,219,289,5.6698809230,train,False,observed_complete
2022-12-30,7,Lăng vua Minh Mạng,264,212,476,6.1675164909,train,False,observed_complete
2022-12-31,7,Lăng vua Minh Mạng,306,297,603,6.4035741979,train,False,observed_complete
2023-01-01,7,Lăng vua Minh Mạng,316,216,532,6.2785214242,train,False,observed_complete
2023-01-02,7,Lăng vua Minh Mạng,180,201,381,5.9454206086,train,False,observed_complete
2023-01-03,7,Lăng vua Minh Mạng,116,241,357,5.8805329864,train,False,observed_complete
2023-01-04,7,Lăng vua Minh Mạng,153,242,395,5.9814142113,train,False,observed_complete
2023-01-05,7,Lăng vua Minh Mạng,141,162,303,5.7170277014,train,False,observed_complete
2023-01-06,7,Lăng vua Minh Mạng,135,291,426,6.0567840132,train,False,observed_complete
2023-01-07,7,Lăng vua Minh Mạng,216,229,445,6.1003189520,train,False,observed_complete
2023-01-08,7,Lăng vua Minh Mạng,180,132,312,5.7462031905,train,False,observed_complete
2023-01-09,7,Lăng vua Minh Mạng,96,204,300,5.7071102647,train,False,observed_complete
2023-01-10,7,Lăng vua Minh Mạng,321,185,506,6.2285110036,train,False,observed_complete
2023-01-11,7,Lăng vua Minh Mạng,44,149,193,5.2678581591,train,False,observed_complete
2023-01-12,7,Lăng vua Minh Mạng,78,209,287,5.6629604801,train,False,observed_complete
2023-01-13,7,Lăng vua Minh Mạng,146,191,337,5.8230458955,train,False,observed_complete
2023-01-14,7,Lăng vua Minh Mạng,107,215,322,5.7776523232,train,False,observed_complete
2023-01-15,7,Lăng vua Minh Mạng,106,181,287,5.6629604801,train,False,observed_complete
2023-01-16,7,Lăng vua Minh Mạng,80,237,317,5.7620513828,train,False,observed_complete
2023-01-17,7,Lăng vua Minh Mạng,129,130,259,5.5606816310,train,False,observed_complete
2023-01-18,7,Lăng vua Minh Mạng,34,187,221,5.4026773819,train,False,observed_complete
2023-01-19,7,Lăng vua Minh Mạng,81,154,235,5.4638318050,train,False,observed_complete
2023-01-20,7,Lăng vua Minh Mạng,69,98,167,5.1239639794,train,False,observed_complete
2023-01-21,7,Lăng vua Minh Mạng,34,170,204,5.3230099791,train,False,observed_complete
2023-01-22,7,Lăng vua Minh Mạng,0,192,192,5.2626901889,train,False,observed_complete
2023-01-23,7,Lăng vua Minh Mạng,2,106,108,4.6913478822,train,False,observed_complete
2023-01-24,7,Lăng vua Minh Mạng,2,62,64,4.1743872699,train,False,observed_complete
2023-01-25,7,Lăng vua Minh Mạng,411,104,515,6.2461067655,train,False,observed_complete
2023-01-26,7,Lăng vua Minh Mạng,1001,91,1092,6.9966814882,train,False,observed_complete
2023-01-27,7,Lăng vua Minh Mạng,392,126,518,6.2519038832,train,False,observed_complete
2023-01-28,7,Lăng vua Minh Mạng,251,141,392,5.9738096119,train,False,observed_complete
2023-01-29,7,Lăng vua Minh Mạng,239,145,384,5.9532433343,train,False,observed_complete
2023-01-30,7,Lăng vua Minh Mạng,345,230,575,6.3561076607,train,False,observed_complete
2023-01-31,7,Lăng vua Minh Mạng,566,201,767,6.6437897331,train,False,observed_complete
2023-02-01,7,Lăng vua Minh Mạng,222,205,427,6.0591231956,train,False,observed_complete
2023-02-02,7,Lăng vua Minh Mạng,170,237,407,6.0112671744,train,False,observed_complete
2023-02-03,7,Lăng vua Minh Mạng,190,239,429,6.0637852087,train,False,observed_complete
2023-02-04,7,Lăng vua Minh Mạng,331,255,586,6.3750248198,train,False,observed_complete
2023-02-05,7,Lăng vua Minh Mạng,414,211,625,6.4393503711,train,False,observed_complete
2023-02-06,7,Lăng vua Minh Mạng,176,278,454,6.1202974190,train,False,observed_complete
2023-02-07,7,Lăng vua Minh Mạng,211,202,413,6.0258659738,train,False,observed_complete
2023-02-08,7,Lăng vua Minh Mạng,191,225,416,6.0330862218,train,False,observed_complete
2023-02-09,7,Lăng vua Minh Mạng,198,484,682,6.5264948596,train,False,observed_complete
2023-02-10,7,Lăng vua Minh Mạng,257,328,585,6.3733197896,train,False,observed_complete
2023-02-11,7,Lăng vua Minh Mạng,411,258,669,6.5072777124,train,False,observed_complete
2023-02-12,7,Lăng vua Minh Mạng,358,292,650,6.4785096422,train,False,observed_complete
2023-02-13,7,Lăng vua Minh Mạng,235,249,484,6.1841488909,train,False,observed_complete
2023-02-14,7,Lăng vua Minh Mạng,102,285,387,5.9610053396,train,False,observed_complete
2023-02-15,7,Lăng vua Minh Mạng,100,196,296,5.6937321388,train,False,observed_complete
2023-02-16,7,Lăng vua Minh Mạng,159,234,393,5.9763509093,train,False,observed_complete
2023-02-17,7,Lăng vua Minh Mạng,176,219,395,5.9814142113,train,False,observed_complete
2023-02-18,7,Lăng vua Minh Mạng,344,341,685,6.5308776277,train,False,observed_complete
2023-02-19,7,Lăng vua Minh Mạng,210,259,469,6.1527326947,train,False,observed_complete
2023-02-20,7,Lăng vua Minh Mạng,129,290,419,6.0402547113,train,False,observed_complete
2023-02-21,7,Lăng vua Minh Mạng,113,427,540,6.2934192788,train,False,observed_complete
2023-02-22,7,Lăng vua Minh Mạng,140,379,519,6.2538288116,train,False,observed_complete
2023-02-23,7,Lăng vua Minh Mạng,194,276,470,6.1548580940,train,False,observed_complete
2023-02-24,7,Lăng vua Minh Mạng,199,293,492,6.2005091740,train,False,observed_complete
2023-02-25,7,Lăng vua Minh Mạng,222,354,576,6.3578422665,train,False,observed_complete
2023-02-26,7,Lăng vua Minh Mạng,340,380,720,6.5806391373,train,False,observed_complete
2023-02-27,7,Lăng vua Minh Mạng,156,292,448,6.1070228877,train,False,observed_complete
2023-02-28,7,Lăng vua Minh Mạng,96,277,373,5.9242557974,train,False,observed_complete
2023-03-01,7,Lăng vua Minh Mạng,150,346,496,6.2085900261,train,False,observed_complete
2023-03-02,7,Lăng vua Minh Mạng,137,499,636,6.4567696556,train,False,observed_complete
2023-03-03,7,Lăng vua Minh Mạng,212,406,618,6.4281052727,train,False,observed_complete
2023-03-04,7,Lăng vua Minh Mạng,321,348,669,6.5072777124,train,False,observed_complete
2023-03-05,7,Lăng vua Minh Mạng,290,286,576,6.3578422665,train,False,observed_complete
2023-03-06,7,Lăng vua Minh Mạng,151,282,433,6.0730445341,train,False,observed_complete
2023-03-07,7,Lăng vua Minh Mạng,184,257,441,6.0913098821,train,False,observed_complete
2023-03-08,7,Lăng vua Minh Mạng,154,357,511,6.2383246250,train,False,observed_complete
2023-03-09,7,Lăng vua Minh Mạng,335,350,685,6.5308776277,train,False,observed_complete
2023-03-10,7,Lăng vua Minh Mạng,277,385,662,6.4967749902,train,False,observed_complete
2023-03-11,7,Lăng vua Minh Mạng,315,463,778,6.6580110459,train,False,observed_complete
2023-03-12,7,Lăng vua Minh Mạng,246,326,572,6.3508857167,train,False,observed_complete
2023-03-13,7,Lăng vua Minh Mạng,242,172,414,6.0282785202,train,False,observed_complete
2023-03-14,7,Lăng vua Minh Mạng,192,389,581,6.3664704477,train,False,observed_complete
2023-03-15,7,Lăng vua Minh Mạng,159,387,546,6.3044488024,train,False,observed_complete
2023-03-16,7,Lăng vua Minh Mạng,172,337,509,6.2344107257,train,False,observed_complete
2023-03-17,7,Lăng vua Minh Mạng,202,348,550,6.3117348092,train,False,observed_complete
2023-03-18,7,Lăng vua Minh Mạng,384,335,719,6.5792512120,train,False,observed_complete
2023-03-19,7,Lăng vua Minh Mạng,356,285,641,6.4645883037,train,False,observed_complete
2023-03-20,7,Lăng vua Minh Mạng,164,415,579,6.3630281035,train,False,observed_complete
2023-03-21,7,Lăng vua Minh Mạng,157,316,473,6.1612073217,train,False,observed_complete
2023-03-22,7,Lăng vua Minh Mạng,133,348,481,6.1779441141,train,False,observed_complete
2023-03-23,7,Lăng vua Minh Mạng,137,410,547,6.3062752869,train,False,observed_complete
2023-03-24,7,Lăng vua Minh Mạng,238,610,848,6.7440591863,train,False,observed_complete
2023-03-25,7,Lăng vua Minh Mạng,408,302,710,6.5666724298,train,False,observed_complete
2023-03-26,7,Lăng vua Minh Mạng,4,270,274,5.6167710977,train,False,observed_complete
2023-03-27,7,Lăng vua Minh Mạng,160,407,567,6.3421214187,train,False,observed_complete
2023-03-28,7,Lăng vua Minh Mạng,198,235,433,6.0730445341,train,False,observed_complete
2023-03-29,7,Lăng vua Minh Mạng,143,279,422,6.0473721790,train,False,observed_complete
2023-03-30,7,Lăng vua Minh Mạng,194,387,581,6.3664704477,train,False,observed_complete
2023-03-31,7,Lăng vua Minh Mạng,326,318,644,6.4692503168,train,False,observed_complete
2023-04-01,7,Lăng vua Minh Mạng,377,210,587,6.3767269479,train,False,observed_complete
2023-04-02,7,Lăng vua Minh Mạng,264,236,500,6.2166061011,train,False,observed_complete
2023-04-03,7,Lăng vua Minh Mạng,213,318,531,6.2766434893,train,False,observed_complete
2023-04-04,7,Lăng vua Minh Mạng,122,270,392,5.9738096119,train,False,observed_complete
2023-04-05,7,Lăng vua Minh Mạng,117,229,346,5.8493247799,train,False,observed_complete
2023-04-06,7,Lăng vua Minh Mạng,131,312,443,6.0958245624,train,False,observed_complete
2023-04-07,7,Lăng vua Minh Mạng,427,382,809,6.6970342477,train,False,observed_complete
2023-04-08,7,Lăng vua Minh Mạng,414,356,770,6.6476883736,train,False,observed_complete
2023-04-09,7,Lăng vua Minh Mạng,457,331,788,6.6707663208,train,False,observed_complete
2023-04-10,7,Lăng vua Minh Mạng,214,362,576,6.3578422665,train,False,observed_complete
2023-04-11,7,Lăng vua Minh Mạng,257,186,443,6.0958245624,train,False,observed_complete
2023-04-12,7,Lăng vua Minh Mạng,179,308,487,6.1903154059,train,False,observed_complete
2023-04-13,7,Lăng vua Minh Mạng,170,254,424,6.0520891689,train,False,observed_complete
2023-04-14,7,Lăng vua Minh Mạng,293,223,516,6.2480428745,train,False,observed_complete
2023-04-15,7,Lăng vua Minh Mạng,391,237,628,6.4441312567,train,False,observed_complete
2023-04-16,7,Lăng vua Minh Mạng,359,199,558,6.3261494732,train,False,observed_complete
2023-04-17,7,Lăng vua Minh Mạng,549,226,775,6.6541525202,train,False,observed_complete
2023-04-18,7,Lăng vua Minh Mạng,134,222,356,5.8777357818,train,False,observed_complete
2023-04-19,7,Lăng vua Minh Mạng,147,248,395,5.9814142113,train,False,observed_complete
2023-04-20,7,Lăng vua Minh Mạng,112,228,340,5.8318824773,train,False,observed_complete
2023-04-21,7,Lăng vua Minh Mạng,168,247,415,6.0306852603,train,False,observed_complete
2023-04-22,7,Lăng vua Minh Mạng,289,257,546,6.3044488024,train,False,observed_complete
2023-04-23,7,Lăng vua Minh Mạng,317,176,493,6.2025355172,train,False,observed_complete
2023-04-24,7,Lăng vua Minh Mạng,126,208,334,5.8141305318,train,False,observed_complete
2023-04-25,7,Lăng vua Minh Mạng,106,234,340,5.8318824773,train,False,observed_complete
2023-04-26,7,Lăng vua Minh Mạng,139,233,372,5.9215784196,train,False,observed_complete
2023-04-27,7,Lăng vua Minh Mạng,152,296,448,6.1070228877,train,False,observed_complete
2023-04-28,7,Lăng vua Minh Mạng,223,231,454,6.1202974190,train,False,observed_complete
2023-04-29,7,Lăng vua Minh Mạng,866,164,1030,6.9382844840,train,False,observed_complete
2023-04-30,7,Lăng vua Minh Mạng,1177,199,1376,7.2276624987,train,False,observed_complete
2023-05-01,7,Lăng vua Minh Mạng,1985,414,2399,7.7832240163,train,False,observed_complete
2023-05-02,7,Lăng vua Minh Mạng,1046,203,1249,7.1308988303,train,False,observed_complete
2023-05-03,7,Lăng vua Minh Mạng,406,174,580,6.3647507569,train,False,observed_complete
2023-05-04,7,Lăng vua Minh Mạng,173,151,324,5.7838251823,train,False,observed_complete
2023-05-05,7,Lăng vua Minh Mạng,220,174,394,5.9788857649,train,False,observed_complete
2023-05-06,7,Lăng vua Minh Mạng,202,138,340,5.8318824773,train,False,observed_complete
2023-05-07,7,Lăng vua Minh Mạng,160,107,267,5.5909869805,train,False,observed_complete
2023-05-08,7,Lăng vua Minh Mạng,94,239,333,5.8111409930,train,False,observed_complete
2023-05-09,7,Lăng vua Minh Mạng,192,203,395,5.9814142113,train,False,observed_complete
2023-05-10,7,Lăng vua Minh Mạng,112,194,306,5.7268477476,train,False,observed_complete
2023-05-11,7,Lăng vua Minh Mạng,127,138,265,5.5834963088,train,False,observed_complete
2023-05-12,7,Lăng vua Minh Mạng,111,179,290,5.6733232672,train,False,observed_complete
2023-05-13,7,Lăng vua Minh Mạng,216,143,359,5.8861040315,train,False,observed_complete
2023-05-14,7,Lăng vua Minh Mạng,230,186,416,6.0330862218,train,False,observed_complete
2023-05-15,7,Lăng vua Minh Mạng,298,180,478,6.1717005974,train,False,observed_complete
2023-05-16,7,Lăng vua Minh Mạng,119,93,212,5.3612921657,train,False,observed_complete
2023-05-17,7,Lăng vua Minh Mạng,113,87,200,5.3033049081,train,False,observed_complete
2023-05-18,7,Lăng vua Minh Mạng,197,161,358,5.8833223885,train,False,observed_complete
2023-05-19,7,Lăng vua Minh Mạng,233,126,359,5.8861040315,train,False,observed_complete
2023-05-20,7,Lăng vua Minh Mạng,263,135,398,5.9889614169,train,False,observed_complete
2023-05-21,7,Lăng vua Minh Mạng,363,123,486,6.1882641231,train,False,observed_complete
2023-05-22,7,Lăng vua Minh Mạng,283,123,406,6.0088131854,train,False,observed_complete
2023-05-23,7,Lăng vua Minh Mạng,212,112,324,5.7838251823,train,False,observed_complete
2023-05-24,7,Lăng vua Minh Mạng,178,93,271,5.6058020663,train,False,observed_complete
2023-05-25,7,Lăng vua Minh Mạng,145,160,305,5.7235851020,train,False,observed_complete
2023-05-26,7,Lăng vua Minh Mạng,306,88,394,5.9788857649,train,False,observed_complete
2023-05-27,7,Lăng vua Minh Mạng,386,117,503,6.2225762681,train,False,observed_complete
2023-05-28,7,Lăng vua Minh Mạng,415,45,460,6.1333980430,train,False,observed_complete
2023-05-29,7,Lăng vua Minh Mạng,294,63,357,5.8805329864,train,False,observed_complete
2023-05-30,7,Lăng vua Minh Mạng,299,103,402,5.9989365619,train,False,observed_complete
2023-05-31,7,Lăng vua Minh Mạng,277,75,352,5.8664680569,train,False,observed_complete
2023-06-01,7,Lăng vua Minh Mạng,288,91,379,5.9401712527,train,False,observed_complete
2023-06-02,7,Lăng vua Minh Mạng,241,66,307,5.7300997830,train,False,observed_complete
2023-06-03,7,Lăng vua Minh Mạng,387,77,464,6.1420374056,train,False,observed_complete
2023-06-04,7,Lăng vua Minh Mạng,446,49,495,6.2065759267,train,False,observed_complete
2023-06-05,7,Lăng vua Minh Mạng,165,44,209,5.3471075307,train,False,observed_complete
2023-06-06,7,Lăng vua Minh Mạng,481,67,548,6.3080984415,train,False,observed_complete
2023-06-07,7,Lăng vua Minh Mạng,221,52,273,5.6131281064,train,False,observed_complete
2023-06-08,7,Lăng vua Minh Mạng,437,56,493,6.2025355172,train,False,observed_complete
2023-06-09,7,Lăng vua Minh Mạng,363,81,444,6.0980742822,train,False,observed_complete
2023-06-10,7,Lăng vua Minh Mạng,577,65,642,6.4661447242,train,False,observed_complete
2023-06-11,7,Lăng vua Minh Mạng,551,61,612,6.4183649359,train,False,observed_complete
2023-06-12,7,Lăng vua Minh Mạng,311,87,398,5.9889614169,train,False,observed_complete
2023-06-13,7,Lăng vua Minh Mạng,336,57,393,5.9763509093,train,False,observed_complete
2023-06-14,7,Lăng vua Minh Mạng,371,89,460,6.1333980430,train,False,observed_complete
2023-06-15,7,Lăng vua Minh Mạng,448,68,516,6.2480428745,train,False,observed_complete
2023-06-16,7,Lăng vua Minh Mạng,305,36,341,5.8348107371,train,False,observed_complete
2023-06-17,7,Lăng vua Minh Mạng,557,99,656,6.4876840185,train,False,observed_complete
2023-06-18,7,Lăng vua Minh Mạng,406,89,495,6.2065759267,train,False,observed_complete
2023-06-19,7,Lăng vua Minh Mạng,347,98,445,6.1003189520,train,False,observed_complete
2023-06-20,7,Lăng vua Minh Mạng,372,49,421,6.0450053140,train,False,observed_complete
2023-06-21,7,Lăng vua Minh Mạng,221,66,287,5.6629604801,train,False,observed_complete
2023-06-22,7,Lăng vua Minh Mạng,354,51,405,6.0063531596,train,False,observed_complete
2023-06-23,7,Lăng vua Minh Mạng,400,66,466,6.1463292577,train,False,observed_complete
2023-06-24,7,Lăng vua Minh Mạng,454,65,519,6.2538288116,train,False,observed_complete
2023-06-25,7,Lăng vua Minh Mạng,447,88,535,6.2841341611,train,False,observed_complete
2023-06-26,7,Lăng vua Minh Mạng,515,50,565,6.3385940782,train,False,observed_complete
2023-06-27,7,Lăng vua Minh Mạng,334,98,432,6.0707377280,train,False,observed_complete
2023-06-28,7,Lăng vua Minh Mạng,283,99,382,5.9480349892,train,False,observed_complete
2023-06-29,7,Lăng vua Minh Mạng,401,106,507,6.2304814476,train,False,observed_complete
2023-06-30,7,Lăng vua Minh Mạng,353,58,411,6.0210233493,train,False,observed_complete
2023-07-01,7,Lăng vua Minh Mạng,484,61,545,6.3026189757,train,False,observed_complete
2023-07-02,7,Lăng vua Minh Mạng,479,111,590,6.3818160174,train,False,observed_complete
2023-07-03,7,Lăng vua Minh Mạng,425,153,578,6.3613024776,train,False,observed_complete
2023-07-04,7,Lăng vua Minh Mạng,507,88,595,6.3902406671,train,False,observed_complete
2023-07-05,7,Lăng vua Minh Mạng,431,95,526,6.2672005485,train,False,observed_complete
2023-07-06,7,Lăng vua Minh Mạng,566,97,663,6.4982821495,train,False,observed_complete
2023-07-07,7,Lăng vua Minh Mạng,607,120,727,6.5903010482,train,False,observed_complete
2023-07-08,7,Lăng vua Minh Mạng,513,65,578,6.3613024776,train,False,observed_complete
2023-07-09,7,Lăng vua Minh Mạng,536,121,657,6.4892049313,train,False,observed_complete
2023-07-10,7,Lăng vua Minh Mạng,532,220,752,6.6240652278,train,False,observed_complete
2023-07-11,7,Lăng vua Minh Mạng,508,91,599,6.3969296552,train,False,observed_complete
2023-07-12,7,Lăng vua Minh Mạng,552,107,659,6.4922398350,train,False,observed_complete
2023-07-13,7,Lăng vua Minh Mạng,463,138,601,6.4002574453,train,False,observed_complete
2023-07-14,7,Lăng vua Minh Mạng,491,183,674,6.5147126909,train,False,observed_complete
2023-07-15,7,Lăng vua Minh Mạng,737,124,861,6.7592552707,train,False,observed_complete
2023-07-16,7,Lăng vua Minh Mạng,596,92,688,6.5352412710,train,False,observed_complete
2023-07-17,7,Lăng vua Minh Mạng,425,149,574,6.3543700408,train,False,observed_complete
2023-07-18,7,Lăng vua Minh Mạng,422,148,570,6.3473892097,train,False,observed_complete
2023-07-19,7,Lăng vua Minh Mạng,314,109,423,6.0497334552,train,False,observed_complete
2023-07-20,7,Lăng vua Minh Mạng,462,137,599,6.3969296552,train,False,observed_complete
2023-07-21,7,Lăng vua Minh Mạng,505,184,689,6.5366915976,train,False,observed_complete
2023-07-22,7,Lăng vua Minh Mạng,507,193,700,6.5525078870,train,False,observed_complete
2023-07-23,7,Lăng vua Minh Mạng,590,150,740,6.6080006253,train,False,observed_complete
2023-07-24,7,Lăng vua Minh Mạng,372,192,564,6.3368257311,train,False,observed_complete
2023-07-25,7,Lăng vua Minh Mạng,414,124,538,6.2897155709,train,False,observed_complete
2023-07-26,7,Lăng vua Minh Mạng,381,195,576,6.3578422665,train,False,observed_complete
2023-07-27,7,Lăng vua Minh Mạng,347,155,502,6.2205901701,train,False,observed_complete
2023-07-28,7,Lăng vua Minh Mạng,320,231,551,6.3135480463,train,False,observed_complete
2023-07-29,7,Lăng vua Minh Mạng,549,127,676,6.5176712729,train,False,observed_complete
2023-07-30,7,Lăng vua Minh Mạng,478,182,660,6.4937538399,train,False,observed_complete
2023-07-31,7,Lăng vua Minh Mạng,306,301,607,6.4101748820,train,False,observed_complete
2023-08-01,7,Lăng vua Minh Mạng,282,157,439,6.0867747269,train,False,observed_complete
2023-08-02,7,Lăng vua Minh Mạng,300,196,496,6.2085900261,train,False,observed_complete
2023-08-03,7,Lăng vua Minh Mạng,361,225,586,6.3750248198,train,False,observed_complete
2023-08-04,7,Lăng vua Minh Mạng,361,333,694,6.5439118456,train,False,observed_complete
2023-08-05,7,Lăng vua Minh Mạng,496,250,746,6.6160651851,train,False,observed_complete
2023-08-06,7,Lăng vua Minh Mạng,412,276,688,6.5352412710,train,False,observed_complete
2023-08-07,7,Lăng vua Minh Mạng,334,275,609,6.4134589572,train,False,observed_complete
2023-08-08,7,Lăng vua Minh Mạng,319,246,565,6.3385940782,train,False,observed_complete
2023-08-09,7,Lăng vua Minh Mạng,258,308,566,6.3403593037,train,False,observed_complete
2023-08-10,7,Lăng vua Minh Mạng,450,310,760,6.6346333579,train,False,observed_complete
2023-08-11,7,Lăng vua Minh Mạng,390,397,787,6.6694980899,train,False,observed_complete
2023-08-12,7,Lăng vua Minh Mạng,721,381,1102,7.0057890193,train,False,observed_complete
2023-08-13,7,Lăng vua Minh Mạng,526,347,873,6.7730803757,train,False,observed_complete
2023-08-14,7,Lăng vua Minh Mạng,270,310,580,6.3647507569,train,False,observed_complete
2023-08-15,7,Lăng vua Minh Mạng,282,238,520,6.2557500418,train,False,observed_complete
2023-08-16,7,Lăng vua Minh Mạng,234,294,528,6.2709884319,train,False,observed_complete
2023-08-17,7,Lăng vua Minh Mạng,293,238,531,6.2766434893,train,False,observed_complete
2023-08-18,7,Lăng vua Minh Mạng,280,362,642,6.4661447242,train,False,observed_complete
2023-08-19,7,Lăng vua Minh Mạng,378,195,573,6.3526293963,train,False,observed_complete
2023-08-20,7,Lăng vua Minh Mạng,486,192,678,6.5206211276,train,False,observed_complete
2023-08-21,7,Lăng vua Minh Mạng,332,278,610,6.4150969592,train,False,observed_complete
2023-08-22,7,Lăng vua Minh Mạng,208,282,490,6.1964441278,train,False,observed_complete
2023-08-23,7,Lăng vua Minh Mạng,283,273,556,6.3225652399,train,False,observed_complete
2023-08-24,7,Lăng vua Minh Mạng,236,193,429,6.0637852087,train,False,observed_complete
2023-08-25,7,Lăng vua Minh Mạng,312,289,601,6.4002574453,train,False,observed_complete
2023-08-26,7,Lăng vua Minh Mạng,440,136,576,6.3578422665,train,False,observed_complete
2023-08-27,7,Lăng vua Minh Mạng,282,133,415,6.0306852603,train,False,observed_complete
2023-08-28,7,Lăng vua Minh Mạng,199,248,447,6.1047932324,train,False,observed_complete
2023-08-29,7,Lăng vua Minh Mạng,145,151,296,5.6937321388,train,False,observed_complete
2023-08-30,7,Lăng vua Minh Mạng,108,133,241,5.4889377262,train,False,observed_complete
2023-08-31,7,Lăng vua Minh Mạng,213,53,266,5.5872486584,train,False,observed_complete
2023-09-01,7,Lăng vua Minh Mạng,540,113,653,6.4831073515,train,False,observed_complete
2023-09-02,7,Lăng vua Minh Mạng,3,117,120,4.7957905456,train,False,observed_complete
2023-09-03,7,Lăng vua Minh Mạng,486,142,628,6.4441312567,train,False,observed_complete
2023-09-04,7,Lăng vua Minh Mạng,272,95,367,5.9080829382,train,False,observed_complete
2023-09-05,7,Lăng vua Minh Mạng,85,100,185,5.2257466737,train,False,observed_complete
2023-09-06,7,Lăng vua Minh Mạng,62,110,172,5.1532915945,train,False,observed_complete
2023-09-07,7,Lăng vua Minh Mạng,135,121,256,5.5490760849,train,False,observed_complete
2023-09-08,7,Lăng vua Minh Mạng,110,193,303,5.7170277014,train,False,observed_complete
2023-09-09,7,Lăng vua Minh Mạng,175,169,344,5.8435444170,train,False,observed_complete
2023-09-10,7,Lăng vua Minh Mạng,134,121,255,5.5451774445,train,False,observed_complete
2023-09-11,7,Lăng vua Minh Mạng,146,150,296,5.6937321388,train,False,observed_complete
2023-09-12,7,Lăng vua Minh Mạng,182,139,321,5.7745515455,train,False,observed_complete
2023-09-13,7,Lăng vua Minh Mạng,169,183,352,5.8664680569,train,False,observed_complete
2023-09-14,7,Lăng vua Minh Mạng,91,137,228,5.4337220036,train,False,observed_complete
2023-09-15,7,Lăng vua Minh Mạng,130,225,355,5.8749307309,train,False,observed_complete
2023-09-16,7,Lăng vua Minh Mạng,205,144,349,5.8579331545,train,False,observed_complete
2023-09-17,7,Lăng vua Minh Mạng,211,113,324,5.7838251823,train,False,observed_complete
2023-09-18,7,Lăng vua Minh Mạng,129,218,347,5.8522024798,train,False,observed_complete
2023-09-19,7,Lăng vua Minh Mạng,133,136,269,5.5984219590,train,False,observed_complete
2023-09-20,7,Lăng vua Minh Mạng,79,124,203,5.3181199938,train,False,observed_complete
2023-09-21,7,Lăng vua Minh Mạng,186,157,343,5.8406416574,train,False,observed_complete
2023-09-22,7,Lăng vua Minh Mạng,109,177,286,5.6594822158,train,False,observed_complete
2023-09-23,7,Lăng vua Minh Mạng,157,158,315,5.7557422136,train,False,observed_complete
2023-09-24,7,Lăng vua Minh Mạng,214,156,370,5.9162020626,train,False,observed_complete
2023-09-25,7,Lăng vua Minh Mạng,41,228,269,5.5984219590,train,False,observed_complete
2023-09-26,7,Lăng vua Minh Mạng,246,99,345,5.8464387751,train,False,observed_complete
2023-09-27,7,Lăng vua Minh Mạng,230,141,371,5.9188938543,train,False,observed_complete
2023-09-28,7,Lăng vua Minh Mạng,106,92,198,5.2933048247,train,False,observed_complete
2023-09-29,7,Lăng vua Minh Mạng,254,165,419,6.0402547113,train,False,observed_complete
2023-09-30,7,Lăng vua Minh Mạng,132,182,314,5.7525726388,train,False,observed_complete
2023-10-01,7,Lăng vua Minh Mạng,176,210,386,5.9584246930,train,False,observed_complete
2023-10-02,7,Lăng vua Minh Mạng,101,163,264,5.5797298260,train,False,observed_complete
2023-10-03,7,Lăng vua Minh Mạng,83,99,182,5.2094861528,train,False,observed_complete
2023-10-04,7,Lăng vua Minh Mạng,65,137,202,5.3132059790,train,False,observed_complete
2023-10-05,7,Lăng vua Minh Mạng,94,145,239,5.4806389233,train,False,observed_complete
2023-10-06,7,Lăng vua Minh Mạng,126,168,294,5.6869753563,train,False,observed_complete
2023-10-07,7,Lăng vua Minh Mạng,206,210,416,6.0330862218,train,False,observed_complete
2023-10-08,7,Lăng vua Minh Mạng,139,167,306,5.7268477476,train,False,observed_complete
2023-10-09,7,Lăng vua Minh Mạng,58,84,142,4.9628446303,train,False,observed_complete
2023-10-10,7,Lăng vua Minh Mạng,68,230,298,5.7004435734,train,False,observed_complete
2023-10-11,7,Lăng vua Minh Mạng,61,123,184,5.2203558251,train,False,observed_complete
2023-10-12,7,Lăng vua Minh Mạng,61,163,224,5.4161004022,train,False,observed_complete
2023-10-13,7,Lăng vua Minh Mạng,18,91,109,4.7004803658,train,False,observed_complete
2023-10-14,7,Lăng vua Minh Mạng,78,251,329,5.7990926545,train,False,observed_complete
2023-10-15,7,Lăng vua Minh Mạng,101,121,222,5.4071717715,train,False,observed_complete
2023-10-16,7,Lăng vua Minh Mạng,35,208,243,5.4971682253,train,False,observed_complete
2023-10-17,7,Lăng vua Minh Mạng,45,94,139,4.9416424226,train,False,observed_complete
2023-10-18,7,Lăng vua Minh Mạng,50,135,185,5.2257466737,train,False,observed_complete
2023-10-19,7,Lăng vua Minh Mạng,83,154,237,5.4722706737,train,False,observed_complete
2023-10-20,7,Lăng vua Minh Mạng,55,159,214,5.3706380281,train,False,observed_complete
2023-10-21,7,Lăng vua Minh Mạng,112,194,306,5.7268477476,train,False,observed_complete
2023-10-22,7,Lăng vua Minh Mạng,66,217,283,5.6489742382,train,False,observed_complete
2023-10-23,7,Lăng vua Minh Mạng,64,145,209,5.3471075307,train,False,observed_complete
2023-10-24,7,Lăng vua Minh Mạng,47,138,185,5.2257466737,train,False,observed_complete
2023-10-25,7,Lăng vua Minh Mạng,85,214,299,5.7037824747,train,False,observed_complete
2023-10-26,7,Lăng vua Minh Mạng,103,238,341,5.8348107371,train,False,observed_complete
2023-10-27,7,Lăng vua Minh Mạng,125,175,300,5.7071102647,train,False,observed_complete
2023-10-28,7,Lăng vua Minh Mạng,64,296,360,5.8888779583,train,False,observed_complete
2023-10-29,7,Lăng vua Minh Mạng,109,277,386,5.9584246930,train,False,observed_complete
2023-10-30,7,Lăng vua Minh Mạng,36,250,286,5.6594822158,train,False,observed_complete
2023-10-31,7,Lăng vua Minh Mạng,67,249,316,5.7589017739,train,False,observed_complete
2023-11-01,7,Lăng vua Minh Mạng,94,201,295,5.6903594543,train,False,observed_complete
2023-11-02,7,Lăng vua Minh Mạng,47,175,222,5.4071717715,train,False,observed_complete
2023-11-03,7,Lăng vua Minh Mạng,115,250,365,5.9026333334,train,False,observed_complete
2023-11-04,7,Lăng vua Minh Mạng,92,282,374,5.9269260260,train,False,observed_complete
2023-11-05,7,Lăng vua Minh Mạng,113,263,376,5.9322451874,train,False,observed_complete
2023-11-06,7,Lăng vua Minh Mạng,72,360,432,6.0707377280,train,False,observed_complete
2023-11-07,7,Lăng vua Minh Mạng,35,220,255,5.5451774445,train,False,observed_complete
2023-11-08,7,Lăng vua Minh Mạng,90,349,439,6.0867747269,train,False,observed_complete
2023-11-09,7,Lăng vua Minh Mạng,77,294,371,5.9188938543,train,False,observed_complete
2023-11-10,7,Lăng vua Minh Mạng,135,325,460,6.1333980430,train,False,observed_complete
2023-11-11,7,Lăng vua Minh Mạng,101,357,458,6.1290502101,train,False,observed_complete
2023-11-12,7,Lăng vua Minh Mạng,188,293,481,6.1779441141,train,False,observed_complete
2023-11-13,7,Lăng vua Minh Mạng,76,313,389,5.9661467391,train,False,observed_complete
2023-11-14,7,Lăng vua Minh Mạng,62,366,428,6.0614569189,train,False,observed_complete
2023-11-15,7,Lăng vua Minh Mạng,0,0,0,0.0000000000,train,True,observed_complete
2023-11-16,7,Lăng vua Minh Mạng,26,114,140,4.9487598904,train,False,observed_complete
2023-11-17,7,Lăng vua Minh Mạng,13,217,230,5.4424177105,train,False,observed_complete
2023-11-18,7,Lăng vua Minh Mạng,77,347,424,6.0520891689,train,False,observed_complete
2023-11-19,7,Lăng vua Minh Mạng,114,370,484,6.1841488909,train,False,observed_complete
2023-11-20,7,Lăng vua Minh Mạng,44,338,382,5.9480349892,train,False,observed_complete
2023-11-21,7,Lăng vua Minh Mạng,68,324,392,5.9738096119,train,False,observed_complete
2023-11-22,7,Lăng vua Minh Mạng,70,243,313,5.7493929859,train,False,observed_complete
2023-11-23,7,Lăng vua Minh Mạng,41,302,343,5.8406416574,train,False,observed_complete
2023-11-24,7,Lăng vua Minh Mạng,91,372,463,6.1398845522,train,False,observed_complete
2023-11-25,7,Lăng vua Minh Mạng,53,203,256,5.5490760849,train,False,observed_complete
2023-11-26,7,Lăng vua Minh Mạng,238,322,560,6.3297209055,train,False,observed_complete
2023-11-27,7,Lăng vua Minh Mạng,66,327,393,5.9763509093,train,False,observed_complete
2023-11-28,7,Lăng vua Minh Mạng,76,346,422,6.0473721790,train,False,observed_complete
2023-11-29,7,Lăng vua Minh Mạng,145,345,490,6.1964441278,train,False,observed_complete
2023-11-30,7,Lăng vua Minh Mạng,68,239,307,5.7300997830,train,False,observed_complete
2023-12-01,7,Lăng vua Minh Mạng,114,213,327,5.7930136084,train,False,observed_complete
2023-12-02,7,Lăng vua Minh Mạng,97,395,492,6.2005091740,train,False,observed_complete
2023-12-03,7,Lăng vua Minh Mạng,80,311,391,5.9712618398,train,False,observed_complete
2023-12-04,7,Lăng vua Minh Mạng,40,239,279,5.6347896032,train,False,observed_complete
2023-12-05,7,Lăng vua Minh Mạng,78,189,267,5.5909869805,train,False,observed_complete
2023-12-06,7,Lăng vua Minh Mạng,59,248,307,5.7300997830,train,False,observed_complete
2023-12-07,7,Lăng vua Minh Mạng,51,187,238,5.4764635519,train,False,observed_complete
2023-12-08,7,Lăng vua Minh Mạng,139,149,288,5.6664266881,train,False,observed_complete
2023-12-09,7,Lăng vua Minh Mạng,165,192,357,5.8805329864,train,False,observed_complete
2023-12-10,7,Lăng vua Minh Mạng,88,388,476,6.1675164909,train,False,observed_complete
2023-12-11,7,Lăng vua Minh Mạng,125,213,338,5.8260001074,train,False,observed_complete
2023-12-12,7,Lăng vua Minh Mạng,86,179,265,5.5834963088,train,False,observed_complete
2023-12-13,7,Lăng vua Minh Mạng,62,156,218,5.3890717298,train,False,observed_complete
2023-12-14,7,Lăng vua Minh Mạng,117,108,225,5.4205349993,train,False,observed_complete
2023-12-15,7,Lăng vua Minh Mạng,166,163,329,5.7990926545,train,False,observed_complete
2023-12-16,7,Lăng vua Minh Mạng,215,225,440,6.0890448754,train,False,observed_complete
2023-12-17,7,Lăng vua Minh Mạng,62,160,222,5.4071717715,train,False,observed_complete
2023-12-18,7,Lăng vua Minh Mạng,91,163,254,5.5412635452,train,False,observed_complete
2023-12-19,7,Lăng vua Minh Mạng,83,289,372,5.9215784196,train,False,observed_complete
2023-12-20,7,Lăng vua Minh Mạng,35,98,133,4.8978398000,train,False,observed_complete
2023-12-21,7,Lăng vua Minh Mạng,108,183,291,5.6767538023,train,False,observed_complete
2023-12-22,7,Lăng vua Minh Mạng,42,156,198,5.2933048247,train,False,observed_complete
2023-12-23,7,Lăng vua Minh Mạng,152,191,343,5.8406416574,train,False,observed_complete
2023-12-24,7,Lăng vua Minh Mạng,237,187,424,6.0520891689,train,False,observed_complete
2023-12-25,7,Lăng vua Minh Mạng,90,256,346,5.8493247799,train,False,observed_complete
2023-12-26,7,Lăng vua Minh Mạng,197,266,463,6.1398845522,train,False,observed_complete
2023-12-27,7,Lăng vua Minh Mạng,101,278,379,5.9401712527,train,False,observed_complete
2023-12-28,7,Lăng vua Minh Mạng,96,432,528,6.2709884319,train,False,observed_complete
2023-12-29,7,Lăng vua Minh Mạng,424,545,969,6.8772960715,train,False,observed_complete
2023-12-30,7,Lăng vua Minh Mạng,274,520,794,6.6783421147,train,False,observed_complete
2023-12-31,7,Lăng vua Minh Mạng,462,320,782,6.6631326960,train,False,observed_complete
2024-01-01,7,Lăng vua Minh Mạng,206,268,474,6.1633148040,train,False,observed_complete
2024-01-02,7,Lăng vua Minh Mạng,80,324,404,6.0038870671,train,False,observed_complete
2024-01-03,7,Lăng vua Minh Mạng,120,398,518,6.2519038832,train,False,observed_complete
2024-01-04,7,Lăng vua Minh Mạng,148,382,530,6.2747620212,train,False,observed_complete
2024-01-05,7,Lăng vua Minh Mạng,167,274,441,6.0913098821,train,False,observed_complete
2024-01-06,7,Lăng vua Minh Mạng,142,258,400,5.9939614273,train,False,observed_complete
2024-01-07,7,Lăng vua Minh Mạng,135,367,502,6.2205901701,train,False,observed_complete
2024-01-08,7,Lăng vua Minh Mạng,128,252,380,5.9427993751,train,False,observed_complete
2024-01-09,7,Lăng vua Minh Mạng,128,236,364,5.8998973536,train,False,observed_complete
2024-01-10,7,Lăng vua Minh Mạng,81,196,277,5.6276211137,train,False,observed_complete
2024-01-11,7,Lăng vua Minh Mạng,117,251,368,5.9107966440,train,False,observed_complete
2024-01-12,7,Lăng vua Minh Mạng,137,232,369,5.9135030056,train,False,observed_complete
2024-01-13,7,Lăng vua Minh Mạng,188,353,541,6.2952660014,train,False,observed_complete
2024-01-14,7,Lăng vua Minh Mạng,277,248,525,6.2653012127,train,False,observed_complete
2024-01-15,7,Lăng vua Minh Mạng,91,331,422,6.0473721790,train,False,observed_complete
2024-01-16,7,Lăng vua Minh Mạng,55,256,311,5.7430031878,train,False,observed_complete
2024-01-17,7,Lăng vua Minh Mạng,68,284,352,5.8664680569,train,False,observed_complete
2024-01-18,7,Lăng vua Minh Mạng,94,211,305,5.7235851020,train,False,observed_complete
2024-01-19,7,Lăng vua Minh Mạng,114,289,403,6.0014148780,train,False,observed_complete
2024-01-20,7,Lăng vua Minh Mạng,142,315,457,6.1268691841,train,False,observed_complete
2024-01-21,7,Lăng vua Minh Mạng,157,428,585,6.3733197896,train,False,observed_complete
2024-01-22,7,Lăng vua Minh Mạng,112,391,503,6.2225762681,train,False,observed_complete
2024-01-23,7,Lăng vua Minh Mạng,82,212,294,5.6869753563,train,False,observed_complete
2024-01-24,7,Lăng vua Minh Mạng,60,250,310,5.7397929122,train,False,observed_complete
2024-01-25,7,Lăng vua Minh Mạng,66,374,440,6.0890448754,train,False,observed_complete
2024-01-26,7,Lăng vua Minh Mạng,93,341,434,6.0753460311,train,False,observed_complete
2024-01-27,7,Lăng vua Minh Mạng,112,286,398,5.9889614169,train,False,observed_complete
2024-01-28,7,Lăng vua Minh Mạng,113,321,434,6.0753460311,train,False,observed_complete
2024-01-29,7,Lăng vua Minh Mạng,82,447,529,6.2728770065,train,False,observed_complete
2024-01-30,7,Lăng vua Minh Mạng,55,303,358,5.8833223885,train,False,observed_complete
2024-01-31,7,Lăng vua Minh Mạng,82,275,357,5.8805329864,train,False,observed_complete
2024-02-01,7,Lăng vua Minh Mạng,29,248,277,5.6276211137,train,False,observed_complete
2024-02-02,7,Lăng vua Minh Mạng,85,248,333,5.8111409930,train,False,observed_complete
2024-02-03,7,Lăng vua Minh Mạng,82,269,351,5.8636311756,train,False,observed_complete
2024-02-04,7,Lăng vua Minh Mạng,126,274,400,5.9939614273,train,False,observed_complete
2024-02-05,7,Lăng vua Minh Mạng,112,335,447,6.1047932324,train,False,observed_complete
2024-02-06,7,Lăng vua Minh Mạng,88,215,303,5.7170277014,train,False,observed_complete
2024-02-07,7,Lăng vua Minh Mạng,86,203,289,5.6698809230,train,False,observed_complete
2024-02-08,7,Lăng vua Minh Mạng,61,140,201,5.3082676974,train,False,observed_complete
2024-02-09,7,Lăng vua Minh Mạng,38,167,205,5.3278761688,train,False,observed_complete
2024-02-10,7,Lăng vua Minh Mạng,4,126,130,4.8751973232,train,False,observed_complete
2024-02-11,7,Lăng vua Minh Mạng,13,300,313,5.7493929859,train,False,observed_complete
2024-02-12,7,Lăng vua Minh Mạng,0,244,244,5.5012582105,train,False,observed_complete
2024-02-13,7,Lăng vua Minh Mạng,959,257,1216,7.1041440930,train,False,observed_complete
2024-02-14,7,Lăng vua Minh Mạng,731,230,961,6.8690144507,train,False,observed_complete
2024-02-15,7,Lăng vua Minh Mạng,598,237,835,6.7286286131,train,False,observed_complete
2024-02-16,7,Lăng vua Minh Mạng,459,255,714,6.5722825427,train,False,observed_complete
2024-02-17,7,Lăng vua Minh Mạng,496,370,866,6.7650389768,train,False,observed_complete
2024-02-18,7,Lăng vua Minh Mạng,349,330,679,6.5220927982,train,False,observed_complete
2024-02-19,7,Lăng vua Minh Mạng,232,284,516,6.2480428745,train,False,observed_complete
2024-02-20,7,Lăng vua Minh Mạng,374,307,681,6.5250296578,train,False,observed_complete
2024-02-21,7,Lăng vua Minh Mạng,169,427,596,6.3919171134,train,False,observed_complete
2024-02-22,7,Lăng vua Minh Mạng,140,388,528,6.2709884319,train,False,observed_complete
2024-02-23,7,Lăng vua Minh Mạng,240,429,669,6.5072777124,train,False,observed_complete
2024-02-24,7,Lăng vua Minh Mạng,275,574,849,6.7452363495,train,False,observed_complete
2024-02-25,7,Lăng vua Minh Mạng,237,508,745,6.6147256002,train,False,observed_complete
2024-02-26,7,Lăng vua Minh Mạng,163,519,682,6.5264948596,train,False,observed_complete
2024-02-27,7,Lăng vua Minh Mạng,169,449,618,6.4281052727,train,False,observed_complete
2024-02-28,7,Lăng vua Minh Mạng,152,532,684,6.5294188383,train,False,observed_complete
2024-02-29,7,Lăng vua Minh Mạng,225,449,674,6.5147126909,train,False,observed_complete
2024-03-01,7,Lăng vua Minh Mạng,146,398,544,6.3007857947,train,False,observed_complete
2024-03-02,7,Lăng vua Minh Mạng,480,430,910,6.8145428973,train,False,observed_complete
2024-03-03,7,Lăng vua Minh Mạng,249,370,619,6.4297194780,train,False,observed_complete
2024-03-04,7,Lăng vua Minh Mạng,227,413,640,6.4630294569,train,False,observed_complete
2024-03-05,7,Lăng vua Minh Mạng,148,409,557,6.3243589624,train,False,observed_complete
2024-03-06,7,Lăng vua Minh Mạng,210,562,772,6.6502790486,train,False,observed_complete
2024-03-07,7,Lăng vua Minh Mạng,168,384,552,6.3153580015,train,False,observed_complete
2024-03-08,7,Lăng vua Minh Mạng,149,360,509,6.2344107257,train,False,observed_complete
2024-03-09,7,Lăng vua Minh Mạng,296,416,712,6.5694814204,train,False,observed_complete
2024-03-10,7,Lăng vua Minh Mạng,313,768,1081,6.9865664594,train,False,observed_complete
2024-03-11,7,Lăng vua Minh Mạng,163,643,806,6.6933236683,train,False,observed_complete
2024-03-12,7,Lăng vua Minh Mạng,219,617,836,6.7298240705,train,False,observed_complete
2024-03-13,7,Lăng vua Minh Mạng,182,437,619,6.4297194780,train,False,observed_complete
2024-03-14,7,Lăng vua Minh Mạng,181,536,717,6.5764695690,train,False,observed_complete
2024-03-15,7,Lăng vua Minh Mạng,255,397,652,6.4815771293,train,False,observed_complete
2024-03-16,7,Lăng vua Minh Mạng,376,754,1130,7.0308574761,train,False,observed_complete
2024-03-17,7,Lăng vua Minh Mạng,341,396,737,6.6039438246,train,False,observed_complete
2024-03-18,7,Lăng vua Minh Mạng,205,446,651,6.4800445619,train,False,observed_complete
2024-03-19,7,Lăng vua Minh Mạng,204,415,619,6.4297194780,train,False,observed_complete
2024-03-20,7,Lăng vua Minh Mạng,86,341,427,6.0591231956,train,False,observed_complete
2024-03-21,7,Lăng vua Minh Mạng,318,553,871,6.7707894239,train,False,observed_complete
2024-03-22,7,Lăng vua Minh Mạng,401,636,1037,6.9450510637,train,False,observed_complete
2024-03-23,7,Lăng vua Minh Mạng,321,271,592,6.3851943990,train,False,observed_complete
2024-03-24,7,Lăng vua Minh Mạng,301,308,609,6.4134589572,train,False,observed_complete
2024-03-25,7,Lăng vua Minh Mạng,234,402,636,6.4567696556,train,False,observed_complete
2024-03-26,7,Lăng vua Minh Mạng,0,351,351,5.8636311756,train,False,observed_complete
2024-03-27,7,Lăng vua Minh Mạng,86,420,506,6.2285110036,train,False,observed_complete
2024-03-28,7,Lăng vua Minh Mạng,151,480,631,6.4488893941,train,False,observed_complete
2024-03-29,7,Lăng vua Minh Mạng,233,425,658,6.4907235345,train,False,observed_complete
2024-03-30,7,Lăng vua Minh Mạng,406,423,829,6.7214257008,train,False,observed_complete
2024-03-31,7,Lăng vua Minh Mạng,331,351,682,6.5264948596,train,False,observed_complete
2024-04-01,7,Lăng vua Minh Mạng,236,417,653,6.4831073515,train,False,observed_complete
2024-04-02,7,Lăng vua Minh Mạng,171,398,569,6.3456363608,train,False,observed_complete
2024-04-03,7,Lăng vua Minh Mạng,108,398,506,6.2285110036,train,False,observed_complete
2024-04-04,7,Lăng vua Minh Mạng,157,357,514,6.2441669007,train,False,observed_complete
2024-04-05,7,Lăng vua Minh Mạng,229,275,504,6.2245584293,train,False,observed_complete
2024-04-06,7,Lăng vua Minh Mạng,363,205,568,6.3438804341,train,False,observed_complete
2024-04-07,7,Lăng vua Minh Mạng,341,284,625,6.4393503711,train,False,observed_complete
2024-04-08,7,Lăng vua Minh Mạng,146,305,451,6.1136821798,train,False,observed_complete
2024-04-09,7,Lăng vua Minh Mạng,140,387,527,6.2690962837,train,False,observed_complete
2024-04-10,7,Lăng vua Minh Mạng,130,284,414,6.0282785202,train,False,observed_complete
2024-04-11,7,Lăng vua Minh Mạng,231,247,478,6.1717005974,train,False,observed_complete
2024-04-12,7,Lăng vua Minh Mạng,275,302,577,6.3595738687,train,False,observed_complete
2024-04-13,7,Lăng vua Minh Mạng,472,281,753,6.6253923680,train,False,observed_complete
2024-04-14,7,Lăng vua Minh Mạng,338,354,692,6.5410299992,train,False,observed_complete
2024-04-15,7,Lăng vua Minh Mạng,203,393,596,6.3919171134,train,False,observed_complete
2024-04-16,7,Lăng vua Minh Mạng,194,281,475,6.1654178542,train,False,observed_complete
2024-04-17,7,Lăng vua Minh Mạng,204,273,477,6.1696107325,train,False,observed_complete
2024-04-18,7,Lăng vua Minh Mạng,414,246,660,6.4937538399,train,False,observed_complete
2024-04-19,7,Lăng vua Minh Mạng,460,275,735,6.6012301187,train,False,observed_complete
2024-04-20,7,Lăng vua Minh Mạng,420,208,628,6.4441312567,train,False,observed_complete
2024-04-21,7,Lăng vua Minh Mạng,349,206,555,6.3207682943,train,False,observed_complete
2024-04-22,7,Lăng vua Minh Mạng,189,310,499,6.2146080984,train,False,observed_complete
2024-04-23,7,Lăng vua Minh Mạng,258,168,426,6.0567840132,train,False,observed_complete
2024-04-24,7,Lăng vua Minh Mạng,363,160,523,6.2614916843,train,False,observed_complete
2024-04-25,7,Lăng vua Minh Mạng,178,244,422,6.0473721790,train,False,observed_complete
2024-04-26,7,Lăng vua Minh Mạng,155,191,346,5.8493247799,train,False,observed_complete
2024-04-27,7,Lăng vua Minh Mạng,361,247,608,6.4118182677,train,False,observed_complete
2024-04-28,7,Lăng vua Minh Mạng,945,220,1165,7.0613343669,train,False,observed_complete
2024-04-29,7,Lăng vua Minh Mạng,1273,453,1726,7.4541410781,train,False,observed_complete
2024-04-30,7,Lăng vua Minh Mạng,894,141,1035,6.9431224228,train,False,observed_complete
2024-05-01,7,Lăng vua Minh Mạng,325,237,562,6.3332796281,train,False,observed_complete
2024-05-02,7,Lăng vua Minh Mạng,138,266,404,6.0038870671,train,False,observed_complete
2024-05-03,7,Lăng vua Minh Mạng,225,192,417,6.0354814325,train,False,observed_complete
2024-05-04,7,Lăng vua Minh Mạng,175,167,342,5.8377304472,train,False,observed_complete
2024-05-05,7,Lăng vua Minh Mạng,204,191,395,5.9814142113,train,False,observed_complete
2024-05-06,7,Lăng vua Minh Mạng,160,301,461,6.1355648911,train,False,observed_complete
2024-05-07,7,Lăng vua Minh Mạng,226,171,397,5.9864520053,train,False,observed_complete
2024-05-08,7,Lăng vua Minh Mạng,91,190,281,5.6419070709,train,False,observed_complete
2024-05-09,7,Lăng vua Minh Mạng,161,136,297,5.6970934865,train,False,observed_complete
2024-05-10,7,Lăng vua Minh Mạng,259,149,408,6.0137151560,train,False,observed_complete
2024-05-11,7,Lăng vua Minh Mạng,390,259,649,6.4769723629,train,False,observed_complete
2024-05-12,7,Lăng vua Minh Mạng,252,214,466,6.1463292577,train,False,observed_complete
2024-05-13,7,Lăng vua Minh Mạng,153,221,374,5.9269260260,train,False,observed_complete
2024-05-14,7,Lăng vua Minh Mạng,207,181,388,5.9635793436,train,False,observed_complete
2024-05-15,7,Lăng vua Minh Mạng,178,138,316,5.7589017739,train,False,observed_complete
2024-05-16,7,Lăng vua Minh Mạng,175,203,378,5.9375362051,train,False,observed_complete
2024-05-17,7,Lăng vua Minh Mạng,218,129,347,5.8522024798,train,False,observed_complete
2024-05-18,7,Lăng vua Minh Mạng,368,175,543,6.2989492469,train,False,observed_complete
2024-05-19,7,Lăng vua Minh Mạng,339,244,583,6.3699009828,train,False,observed_complete
2024-05-20,7,Lăng vua Minh Mạng,162,220,382,5.9480349892,train,False,observed_complete
2024-05-21,7,Lăng vua Minh Mạng,247,191,438,6.0844994131,train,False,observed_complete
2024-05-22,7,Lăng vua Minh Mạng,375,151,526,6.2672005485,train,False,observed_complete
2024-05-23,7,Lăng vua Minh Mạng,104,111,215,5.3752784077,train,False,observed_complete
2024-05-24,7,Lăng vua Minh Mạng,215,84,299,5.7037824747,train,False,observed_complete
2024-05-25,7,Lăng vua Minh Mạng,430,138,568,6.3438804341,train,False,observed_complete
2024-05-26,7,Lăng vua Minh Mạng,305,100,405,6.0063531596,train,False,observed_complete
2024-05-27,7,Lăng vua Minh Mạng,263,166,429,6.0637852087,train,False,observed_complete
2024-05-28,7,Lăng vua Minh Mạng,226,71,297,5.6970934865,train,False,observed_complete
2024-05-29,7,Lăng vua Minh Mạng,238,81,319,5.7683209958,train,False,observed_complete
2024-05-30,7,Lăng vua Minh Mạng,288,111,399,5.9914645471,train,False,observed_complete
2024-05-31,7,Lăng vua Minh Mạng,379,40,419,6.0402547113,train,False,observed_complete
2024-06-01,7,Lăng vua Minh Mạng,361,71,432,6.0707377280,train,False,observed_complete
2024-06-02,7,Lăng vua Minh Mạng,325,59,384,5.9532433343,train,False,observed_complete
2024-06-03,7,Lăng vua Minh Mạng,332,138,470,6.1548580940,train,False,observed_complete
2024-06-04,7,Lăng vua Minh Mạng,320,63,383,5.9506425526,train,False,observed_complete
2024-06-05,7,Lăng vua Minh Mạng,340,126,466,6.1463292577,train,False,observed_complete
2024-06-06,7,Lăng vua Minh Mạng,335,41,376,5.9322451874,train,False,observed_complete
2024-06-07,7,Lăng vua Minh Mạng,454,84,538,6.2897155709,train,False,observed_complete
2024-06-08,7,Lăng vua Minh Mạng,461,83,544,6.3007857947,train,False,observed_complete
2024-06-09,7,Lăng vua Minh Mạng,389,83,472,6.1590953885,train,False,observed_complete
2024-06-10,7,Lăng vua Minh Mạng,364,123,487,6.1903154059,train,False,observed_complete
2024-06-11,7,Lăng vua Minh Mạng,439,51,490,6.1964441278,train,False,observed_complete
2024-06-12,7,Lăng vua Minh Mạng,475,63,538,6.2897155709,train,False,observed_complete
2024-06-13,7,Lăng vua Minh Mạng,401,38,439,6.0867747269,train,False,observed_complete
2024-06-14,7,Lăng vua Minh Mạng,454,114,568,6.3438804341,train,False,observed_complete
2024-06-15,7,Lăng vua Minh Mạng,468,84,552,6.3153580015,train,False,observed_complete
2024-06-16,7,Lăng vua Minh Mạng,514,43,557,6.3243589624,train,False,observed_complete
2024-06-17,7,Lăng vua Minh Mạng,415,92,507,6.2304814476,train,False,observed_complete
2024-06-18,7,Lăng vua Minh Mạng,429,96,525,6.2653012127,train,False,observed_complete
2024-06-19,7,Lăng vua Minh Mạng,283,147,430,6.0661080901,train,False,observed_complete
2024-06-20,7,Lăng vua Minh Mạng,418,66,484,6.1841488909,train,False,observed_complete
2024-06-21,7,Lăng vua Minh Mạng,474,114,588,6.3784261837,train,False,observed_complete
2024-06-22,7,Lăng vua Minh Mạng,438,67,505,6.2265366693,train,False,observed_complete
2024-06-23,7,Lăng vua Minh Mạng,484,131,615,6.4232469635,train,False,observed_complete
2024-06-24,7,Lăng vua Minh Mạng,447,144,591,6.3835066349,train,False,observed_complete
2024-06-25,7,Lăng vua Minh Mạng,528,59,587,6.3767269479,train,False,observed_complete
2024-06-26,7,Lăng vua Minh Mạng,390,91,481,6.1779441141,train,False,observed_complete
2024-06-27,7,Lăng vua Minh Mạng,498,93,591,6.3835066349,train,False,observed_complete
2024-06-28,7,Lăng vua Minh Mạng,440,39,479,6.1737861039,train,False,observed_complete
2024-06-29,7,Lăng vua Minh Mạng,469,80,549,6.3099182782,train,False,observed_complete
2024-06-30,7,Lăng vua Minh Mạng,566,79,645,6.4707995038,train,False,observed_complete
2024-07-01,7,Lăng vua Minh Mạng,522,76,598,6.3952615981,train,False,observed_complete
2024-07-02,7,Lăng vua Minh Mạng,491,89,580,6.3647507569,train,False,observed_complete
2024-07-03,7,Lăng vua Minh Mạng,486,163,649,6.4769723629,train,False,observed_complete
2024-07-04,7,Lăng vua Minh Mạng,607,69,676,6.5176712729,train,False,observed_complete
2024-07-05,7,Lăng vua Minh Mạng,606,114,720,6.5806391373,train,False,observed_complete
2024-07-06,7,Lăng vua Minh Mạng,628,77,705,6.5596152375,train,False,observed_complete
2024-07-07,7,Lăng vua Minh Mạng,510,90,600,6.3985949345,train,False,observed_complete
2024-07-08,7,Lăng vua Minh Mạng,416,164,580,6.3647507569,train,False,observed_complete
2024-07-09,7,Lăng vua Minh Mạng,489,119,608,6.4118182677,train,False,observed_complete
2024-07-10,7,Lăng vua Minh Mạng,603,163,766,6.6424868014,train,False,observed_complete
2024-07-11,7,Lăng vua Minh Mạng,643,147,790,6.6732979678,train,False,observed_complete
2024-07-12,7,Lăng vua Minh Mạng,597,128,725,6.5875500148,train,False,observed_complete
2024-07-13,7,Lăng vua Minh Mạng,633,180,813,6.7019603660,train,False,observed_complete
2024-07-14,7,Lăng vua Minh Mạng,553,91,644,6.4692503168,train,False,observed_complete
2024-07-15,7,Lăng vua Minh Mạng,510,176,686,6.5323342922,train,False,observed_complete
2024-07-16,7,Lăng vua Minh Mạng,535,200,735,6.6012301187,train,False,observed_complete
2024-07-17,7,Lăng vua Minh Mạng,614,224,838,6.7322107065,train,False,observed_complete
2024-07-18,7,Lăng vua Minh Mạng,792,194,986,6.8946700394,train,False,observed_complete
2024-07-19,7,Lăng vua Minh Mạng,486,217,703,6.5567783562,train,False,observed_complete
2024-07-20,7,Lăng vua Minh Mạng,815,240,1055,6.9622434643,train,False,observed_complete
2024-07-21,7,Lăng vua Minh Mạng,683,179,862,6.7604146911,train,False,observed_complete
2024-07-22,7,Lăng vua Minh Mạng,576,317,893,6.7957057752,train,False,observed_complete
2024-07-23,7,Lăng vua Minh Mạng,489,189,678,6.5206211276,train,False,observed_complete
2024-07-24,7,Lăng vua Minh Mạng,619,228,847,6.7428806358,train,False,observed_complete
2024-07-25,7,Lăng vua Minh Mạng,523,170,693,6.5424719605,train,False,observed_complete
2024-07-26,7,Lăng vua Minh Mạng,1006,285,1291,7.1639466843,train,False,observed_complete
2024-07-27,7,Lăng vua Minh Mạng,788,173,961,6.8690144507,train,False,observed_complete
2024-07-28,7,Lăng vua Minh Mạng,652,130,782,6.6631326960,train,False,observed_complete
2024-07-29,7,Lăng vua Minh Mạng,512,189,701,6.5539334040,train,False,observed_complete
2024-07-30,7,Lăng vua Minh Mạng,641,178,819,6.7093043403,train,False,observed_complete
2024-07-31,7,Lăng vua Minh Mạng,429,221,650,6.4785096422,train,False,observed_complete
2024-08-01,7,Lăng vua Minh Mạng,609,259,868,6.7673431253,train,False,observed_complete
2024-08-02,7,Lăng vua Minh Mạng,519,217,736,6.6025878922,train,False,observed_complete
2024-08-03,7,Lăng vua Minh Mạng,587,237,824,6.7153833863,train,False,observed_complete
2024-08-04,7,Lăng vua Minh Mạng,543,212,755,6.6280413762,train,False,observed_complete
2024-08-05,7,Lăng vua Minh Mạng,421,213,634,6.4536249989,train,False,observed_complete
2024-08-06,7,Lăng vua Minh Mạng,402,261,663,6.4982821495,train,False,observed_complete
2024-08-07,7,Lăng vua Minh Mạng,284,289,573,6.3526293963,train,False,observed_complete
2024-08-08,7,Lăng vua Minh Mạng,308,324,632,6.4504704221,train,False,observed_complete
2024-08-09,7,Lăng vua Minh Mạng,429,387,816,6.7056390949,train,False,observed_complete
2024-08-10,7,Lăng vua Minh Mạng,527,292,819,6.7093043403,train,False,observed_complete
2024-08-11,7,Lăng vua Minh Mạng,581,285,866,6.7650389768,train,False,observed_complete
2024-08-12,7,Lăng vua Minh Mạng,439,444,883,6.7844570626,train,False,observed_complete
2024-08-13,7,Lăng vua Minh Mạng,404,344,748,6.6187389835,train,False,observed_complete
2024-08-14,7,Lăng vua Minh Mạng,322,407,729,6.5930445341,train,False,observed_complete
2024-08-15,7,Lăng vua Minh Mạng,358,355,713,6.5708829623,train,False,observed_complete
2024-08-16,7,Lăng vua Minh Mạng,328,441,769,6.6463905148,train,False,observed_complete
2024-08-17,7,Lăng vua Minh Mạng,628,264,892,6.7945865809,train,False,observed_complete
2024-08-18,7,Lăng vua Minh Mạng,385,230,615,6.4232469635,train,False,observed_complete
2024-08-19,7,Lăng vua Minh Mạng,247,464,711,6.5680779114,train,False,observed_complete
2024-08-20,7,Lăng vua Minh Mạng,225,305,530,6.2747620212,train,False,observed_complete
2024-08-21,7,Lăng vua Minh Mạng,397,313,710,6.5666724298,train,False,observed_complete
2024-08-22,7,Lăng vua Minh Mạng,310,294,604,6.4052284580,train,False,observed_complete
2024-08-23,7,Lăng vua Minh Mạng,395,369,764,6.6398758338,train,False,observed_complete
2024-08-24,7,Lăng vua Minh Mạng,619,216,835,6.7286286131,train,False,observed_complete
2024-08-25,7,Lăng vua Minh Mạng,482,177,659,6.4922398350,train,False,observed_complete
2024-08-26,7,Lăng vua Minh Mạng,215,238,453,6.1180971980,train,False,observed_complete
2024-08-27,7,Lăng vua Minh Mạng,250,166,416,6.0330862218,train,False,observed_complete
2024-08-28,7,Lăng vua Minh Mạng,186,131,317,5.7620513828,train,False,observed_complete
2024-08-29,7,Lăng vua Minh Mạng,224,135,359,5.8861040315,train,False,observed_complete
2024-08-30,7,Lăng vua Minh Mạng,269,178,447,6.1047932324,train,False,observed_complete
2024-08-31,7,Lăng vua Minh Mạng,586,118,704,6.5581978028,train,False,observed_complete
2024-09-01,7,Lăng vua Minh Mạng,1145,128,1273,7.1499168361,train,False,observed_complete
2024-09-02,7,Lăng vua Minh Mạng,4,219,223,5.4116460519,train,False,observed_complete
2024-09-03,7,Lăng vua Minh Mạng,232,140,372,5.9215784196,train,False,observed_complete
2024-09-04,7,Lăng vua Minh Mạng,153,141,294,5.6869753563,train,False,observed_complete
2024-09-05,7,Lăng vua Minh Mạng,170,102,272,5.6094717952,train,False,observed_complete
2024-09-06,7,Lăng vua Minh Mạng,233,156,389,5.9661467391,train,False,observed_complete
2024-09-07,7,Lăng vua Minh Mạng,228,120,348,5.8550719222,train,False,observed_complete
2024-09-08,7,Lăng vua Minh Mạng,181,147,328,5.7960577508,train,False,observed_complete
2024-09-09,7,Lăng vua Minh Mạng,195,273,468,6.1506027684,train,False,observed_complete
2024-09-10,7,Lăng vua Minh Mạng,145,184,329,5.7990926545,train,False,observed_complete
2024-09-11,7,Lăng vua Minh Mạng,95,210,305,5.7235851020,train,False,observed_complete
2024-09-12,7,Lăng vua Minh Mạng,176,96,272,5.6094717952,train,False,observed_complete
2024-09-13,7,Lăng vua Minh Mạng,141,211,352,5.8664680569,train,False,observed_complete
2024-09-14,7,Lăng vua Minh Mạng,252,188,440,6.0890448754,train,False,observed_complete
2024-09-15,7,Lăng vua Minh Mạng,184,287,471,6.1569789856,train,False,observed_complete
2024-09-16,7,Lăng vua Minh Mạng,117,203,320,5.7714411231,train,False,observed_complete
2024-09-17,7,Lăng vua Minh Mạng,273,136,409,6.0161571597,train,False,observed_complete
2024-09-18,7,Lăng vua Minh Mạng,68,189,257,5.5529595849,train,False,observed_complete
2024-09-19,7,Lăng vua Minh Mạng,41,135,176,5.1761497326,train,False,observed_complete
2024-09-20,7,Lăng vua Minh Mạng,120,226,346,5.8493247799,train,False,observed_complete
2024-09-21,7,Lăng vua Minh Mạng,188,136,324,5.7838251823,train,False,observed_complete
2024-09-22,7,Lăng vua Minh Mạng,191,122,313,5.7493929859,train,False,observed_complete
2024-09-23,7,Lăng vua Minh Mạng,198,276,474,6.1633148040,train,False,observed_complete
2024-09-24,7,Lăng vua Minh Mạng,69,155,224,5.4161004022,train,False,observed_complete
2024-09-25,7,Lăng vua Minh Mạng,132,255,387,5.9610053396,train,False,observed_complete
2024-09-26,7,Lăng vua Minh Mạng,116,201,317,5.7620513828,train,False,observed_complete
2024-09-27,7,Lăng vua Minh Mạng,148,130,278,5.6312117818,train,False,observed_complete
2024-09-28,7,Lăng vua Minh Mạng,205,107,312,5.7462031905,train,False,observed_complete
2024-09-29,7,Lăng vua Minh Mạng,136,151,287,5.6629604801,train,False,observed_complete
2024-09-30,7,Lăng vua Minh Mạng,84,333,417,6.0354814325,train,False,observed_complete
2024-10-01,7,Lăng vua Minh Mạng,81,202,283,5.6489742382,train,False,observed_complete
2024-10-02,7,Lăng vua Minh Mạng,88,147,235,5.4638318050,train,False,observed_complete
2024-10-03,7,Lăng vua Minh Mạng,98,251,349,5.8579331545,train,False,observed_complete
2024-10-04,7,Lăng vua Minh Mạng,113,123,236,5.4680601411,train,False,observed_complete
2024-10-05,7,Lăng vua Minh Mạng,263,205,468,6.1506027684,train,False,observed_complete
2024-10-06,7,Lăng vua Minh Mạng,294,84,378,5.9375362051,train,False,observed_complete
2024-10-07,7,Lăng vua Minh Mạng,107,164,271,5.6058020663,train,False,observed_complete
2024-10-08,7,Lăng vua Minh Mạng,205,110,315,5.7557422136,train,False,observed_complete
2024-10-09,7,Lăng vua Minh Mạng,75,367,442,6.0935697700,train,False,observed_complete
2024-10-10,7,Lăng vua Minh Mạng,93,209,302,5.7137328055,train,False,observed_complete
2024-10-11,7,Lăng vua Minh Mạng,132,241,373,5.9242557974,train,False,observed_complete
2024-10-12,7,Lăng vua Minh Mạng,152,178,330,5.8021183754,train,False,observed_complete
2024-10-13,7,Lăng vua Minh Mạng,189,235,424,6.0520891689,train,False,observed_complete
2024-10-14,7,Lăng vua Minh Mạng,48,300,348,5.8550719222,train,False,observed_complete
2024-10-15,7,Lăng vua Minh Mạng,124,155,279,5.6347896032,train,False,observed_complete
2024-10-16,7,Lăng vua Minh Mạng,65,304,369,5.9135030056,train,False,observed_complete
2024-10-17,7,Lăng vua Minh Mạng,132,179,311,5.7430031878,train,False,observed_complete
2024-10-18,7,Lăng vua Minh Mạng,234,170,404,6.0038870671,train,False,observed_complete
2024-10-19,7,Lăng vua Minh Mạng,241,220,461,6.1355648911,train,False,observed_complete
2024-10-20,7,Lăng vua Minh Mạng,148,152,300,5.7071102647,train,False,observed_complete
2024-10-21,7,Lăng vua Minh Mạng,62,275,337,5.8230458955,train,False,observed_complete
2024-10-22,7,Lăng vua Minh Mạng,99,254,353,5.8692969131,train,False,observed_complete
2024-10-23,7,Lăng vua Minh Mạng,125,263,388,5.9635793436,train,False,observed_complete
2024-10-24,7,Lăng vua Minh Mạng,114,412,526,6.2672005485,train,False,observed_complete
2024-10-25,7,Lăng vua Minh Mạng,189,157,346,5.8493247799,train,False,observed_complete
2024-10-26,7,Lăng vua Minh Mạng,174,227,401,5.9964520886,train,False,observed_complete
2024-10-27,7,Lăng vua Minh Mạng,8,10,18,2.9444389792,train,False,observed_complete
2024-10-28,7,Lăng vua Minh Mạng,110,360,470,6.1548580940,train,False,observed_complete
2024-10-29,7,Lăng vua Minh Mạng,51,229,280,5.6383546693,train,False,observed_complete
2024-10-30,7,Lăng vua Minh Mạng,66,76,142,4.9628446303,train,False,observed_complete
2024-10-31,7,Lăng vua Minh Mạng,49,243,292,5.6801726090,train,False,observed_complete
2024-11-01,7,Lăng vua Minh Mạng,169,313,482,6.1800166537,train,False,observed_complete
2024-11-02,7,Lăng vua Minh Mạng,146,305,451,6.1136821798,train,False,observed_complete
2024-11-03,7,Lăng vua Minh Mạng,43,200,243,5.4971682253,train,False,observed_complete
2024-11-04,7,Lăng vua Minh Mạng,90,359,449,6.1092475828,train,False,observed_complete
2024-11-05,7,Lăng vua Minh Mạng,61,201,262,5.5721540322,train,False,observed_complete
2024-11-06,7,Lăng vua Minh Mạng,84,309,393,5.9763509093,train,False,observed_complete
2024-11-07,7,Lăng vua Minh Mạng,61,387,448,6.1070228877,train,False,observed_complete
2024-11-08,7,Lăng vua Minh Mạng,94,514,608,6.4118182677,train,False,observed_complete
2024-11-09,7,Lăng vua Minh Mạng,194,471,665,6.5012896705,train,False,observed_complete
2024-11-10,7,Lăng vua Minh Mạng,211,496,707,6.5624440937,train,False,observed_complete
2024-11-11,7,Lăng vua Minh Mạng,345,346,691,6.5395859556,train,False,observed_complete
2024-11-12,7,Lăng vua Minh Mạng,56,417,473,6.1612073217,train,False,observed_complete
2024-11-13,7,Lăng vua Minh Mạng,48,625,673,6.5132301109,train,False,observed_complete
2024-11-14,7,Lăng vua Minh Mạng,115,575,690,6.5381398238,train,False,observed_complete
2024-11-15,7,Lăng vua Minh Mạng,123,498,621,6.4329400927,train,False,observed_complete
2024-11-16,7,Lăng vua Minh Mạng,201,465,666,6.5027900459,train,False,observed_complete
2024-11-17,7,Lăng vua Minh Mạng,137,503,640,6.4630294569,train,False,observed_complete
2024-11-18,7,Lăng vua Minh Mạng,118,532,650,6.4785096422,train,False,observed_complete
2024-11-19,7,Lăng vua Minh Mạng,92,412,504,6.2245584293,train,False,observed_complete
2024-11-20,7,Lăng vua Minh Mạng,62,470,532,6.2785214242,train,False,observed_complete
2024-11-21,7,Lăng vua Minh Mạng,264,369,633,6.4520489544,train,False,observed_complete
2024-11-22,7,Lăng vua Minh Mạng,91,468,559,6.3279367837,train,False,observed_complete
2024-11-23,7,Lăng vua Minh Mạng,189,427,616,6.4248690239,train,False,observed_complete
2024-11-24,7,Lăng vua Minh Mạng,220,410,630,6.4473058625,train,False,observed_complete
2024-11-25,7,Lăng vua Minh Mạng,99,167,266,5.5872486584,train,False,observed_complete
2024-11-26,7,Lăng vua Minh Mạng,90,458,548,6.3080984415,train,False,observed_complete
2024-11-27,7,Lăng vua Minh Mạng,97,457,554,6.3189681137,train,False,observed_complete
2024-11-28,7,Lăng vua Minh Mạng,114,378,492,6.2005091740,train,False,observed_complete
2024-11-29,7,Lăng vua Minh Mạng,135,369,504,6.2245584293,train,False,observed_complete
2024-11-30,7,Lăng vua Minh Mạng,174,387,561,6.3315018499,train,False,observed_complete
2024-12-01,7,Lăng vua Minh Mạng,167,295,462,6.1377270541,train,False,observed_complete
2024-12-02,7,Lăng vua Minh Mạng,124,356,480,6.1758672701,train,False,observed_complete
2024-12-03,7,Lăng vua Minh Mạng,121,323,444,6.0980742822,train,False,observed_complete
2024-12-04,7,Lăng vua Minh Mạng,112,283,395,5.9814142113,train,False,observed_complete
2024-12-05,7,Lăng vua Minh Mạng,319,274,593,6.3868793194,train,False,observed_complete
2024-12-06,7,Lăng vua Minh Mạng,90,338,428,6.0614569189,train,False,observed_complete
2024-12-07,7,Lăng vua Minh Mạng,207,290,497,6.2106000770,train,False,observed_complete
2024-12-08,7,Lăng vua Minh Mạng,163,245,408,6.0137151560,train,False,observed_complete
2024-12-09,7,Lăng vua Minh Mạng,76,381,457,6.1268691841,train,False,observed_complete
2024-12-10,7,Lăng vua Minh Mạng,104,181,285,5.6559918108,train,False,observed_complete
2024-12-11,7,Lăng vua Minh Mạng,73,205,278,5.6312117818,train,False,observed_complete
2024-12-12,7,Lăng vua Minh Mạng,87,171,258,5.5568280617,train,False,observed_complete
2024-12-13,7,Lăng vua Minh Mạng,103,181,284,5.6524891803,train,False,observed_complete
2024-12-14,7,Lăng vua Minh Mạng,166,190,356,5.8777357818,train,False,observed_complete
2024-12-15,7,Lăng vua Minh Mạng,97,203,300,5.7071102647,train,False,observed_complete
2024-12-16,7,Lăng vua Minh Mạng,179,156,335,5.8171111600,train,False,observed_complete
2024-12-17,7,Lăng vua Minh Mạng,143,193,336,5.8200829304,train,False,observed_complete
2024-12-18,7,Lăng vua Minh Mạng,98,170,268,5.5947113796,train,False,observed_complete
2024-12-19,7,Lăng vua Minh Mạng,90,151,241,5.4889377262,train,False,observed_complete
2024-12-20,7,Lăng vua Minh Mạng,66,246,312,5.7462031905,train,False,observed_complete
2024-12-21,7,Lăng vua Minh Mạng,182,275,457,6.1268691841,train,False,observed_complete
2024-12-22,7,Lăng vua Minh Mạng,320,234,554,6.3189681137,train,False,observed_complete
2024-12-23,7,Lăng vua Minh Mạng,115,397,512,6.2402758452,train,False,observed_complete
2024-12-24,7,Lăng vua Minh Mạng,111,220,331,5.8051349689,train,False,observed_complete
2024-12-25,7,Lăng vua Minh Mạng,68,245,313,5.7493929859,train,False,observed_complete
2024-12-26,7,Lăng vua Minh Mạng,176,339,515,6.2461067655,train,False,observed_complete
2024-12-27,7,Lăng vua Minh Mạng,151,488,639,6.4614681764,train,False,observed_complete
2024-12-28,7,Lăng vua Minh Mạng,148,346,494,6.2045577626,train,False,observed_complete
2024-12-29,7,Lăng vua Minh Mạng,220,570,790,6.6732979678,train,False,observed_complete
2024-12-30,7,Lăng vua Minh Mạng,309,404,713,6.5708829623,train,False,observed_complete
2024-12-31,7,Lăng vua Minh Mạng,96,311,407,6.0112671744,train,False,observed_complete
2025-01-01,7,Lăng vua Minh Mạng,132,424,556,6.3225652399,train,False,observed_complete
2025-01-02,7,Lăng vua Minh Mạng,117,370,487,6.1903154059,train,False,observed_complete
2025-01-03,7,Lăng vua Minh Mạng,167,456,623,6.4361503684,train,False,observed_complete
2025-01-04,7,Lăng vua Minh Mạng,326,359,685,6.5308776277,train,False,observed_complete
2025-01-05,7,Lăng vua Minh Mạng,262,353,615,6.4232469635,train,False,observed_complete
2025-01-06,7,Lăng vua Minh Mạng,134,398,532,6.2785214242,train,False,observed_complete
2025-01-07,7,Lăng vua Minh Mạng,279,208,487,6.1903154059,train,False,observed_complete
2025-01-08,7,Lăng vua Minh Mạng,179,234,413,6.0258659738,train,False,observed_complete
2025-01-09,7,Lăng vua Minh Mạng,63,411,474,6.1633148040,train,False,observed_complete
2025-01-10,7,Lăng vua Minh Mạng,139,317,456,6.1246833909,train,False,observed_complete
2025-01-11,7,Lăng vua Minh Mạng,137,288,425,6.0544393463,train,False,observed_complete
2025-01-12,7,Lăng vua Minh Mạng,213,372,585,6.3733197896,train,False,observed_complete
2025-01-13,7,Lăng vua Minh Mạng,151,332,483,6.1820849067,train,False,observed_complete
2025-01-14,7,Lăng vua Minh Mạng,90,414,504,6.2245584293,train,False,observed_complete
2025-01-15,7,Lăng vua Minh Mạng,60,372,432,6.0707377280,train,False,observed_complete
2025-01-16,7,Lăng vua Minh Mạng,147,300,447,6.1047932324,train,False,observed_complete
2025-01-17,7,Lăng vua Minh Mạng,173,454,627,6.4425401665,train,False,observed_complete
2025-01-18,7,Lăng vua Minh Mạng,158,257,415,6.0306852603,train,False,observed_complete
2025-01-19,7,Lăng vua Minh Mạng,164,438,602,6.4019171967,train,False,observed_complete
2025-01-20,7,Lăng vua Minh Mạng,212,230,442,6.0935697700,train,False,observed_complete
2025-01-21,7,Lăng vua Minh Mạng,165,416,581,6.3664704477,train,False,observed_complete
2025-01-22,7,Lăng vua Minh Mạng,108,401,509,6.2344107257,train,False,observed_complete
2025-01-23,7,Lăng vua Minh Mạng,155,230,385,5.9558373695,train,False,observed_complete
2025-01-24,7,Lăng vua Minh Mạng,187,259,446,6.1025585946,train,False,observed_complete
2025-01-25,7,Lăng vua Minh Mạng,279,226,505,6.2265366693,train,False,observed_complete
2025-01-26,7,Lăng vua Minh Mạng,232,283,515,6.2461067655,train,False,observed_complete
2025-01-27,7,Lăng vua Minh Mạng,82,154,236,5.4680601411,train,False,observed_complete
2025-01-28,7,Lăng vua Minh Mạng,130,130,260,5.5645204073,train,False,observed_complete
2025-01-29,7,Lăng vua Minh Mạng,1,168,169,5.1357984371,train,False,observed_complete
2025-01-30,7,Lăng vua Minh Mạng,569,226,795,6.6795991858,train,False,observed_complete
2025-01-31,7,Lăng vua Minh Mạng,1020,523,1543,7.3421317306,train,False,observed_complete
2025-02-01,7,Lăng vua Minh Mạng,1092,224,1316,7.1831117017,train,False,observed_complete
2025-02-02,7,Lăng vua Minh Mạng,709,253,962,6.8700534118,train,False,observed_complete
2025-02-03,7,Lăng vua Minh Mạng,407,282,689,6.5366915976,train,False,observed_complete
2025-02-04,7,Lăng vua Minh Mạng,182,132,314,5.7525726388,train,False,observed_complete
2025-02-05,7,Lăng vua Minh Mạng,330,354,684,6.5294188383,train,False,observed_complete
2025-02-06,7,Lăng vua Minh Mạng,420,360,780,6.6605751498,train,False,observed_complete
2025-02-07,7,Lăng vua Minh Mạng,360,309,669,6.5072777124,train,False,observed_complete
2025-02-08,7,Lăng vua Minh Mạng,364,360,724,6.5861716549,train,False,observed_complete
2025-02-09,7,Lăng vua Minh Mạng,317,379,696,6.5467854108,train,False,observed_complete
2025-02-10,7,Lăng vua Minh Mạng,526,359,885,6.7867169506,train,False,observed_complete
2025-02-11,7,Lăng vua Minh Mạng,324,298,622,6.4345465188,train,False,observed_complete
2025-02-12,7,Lăng vua Minh Mạng,377,372,749,6.6200732065,train,False,observed_complete
2025-02-13,7,Lăng vua Minh Mạng,120,469,589,6.3801225369,train,False,observed_complete
2025-02-14,7,Lăng vua Minh Mạng,285,645,930,6.8362592773,train,False,observed_complete
2025-02-15,7,Lăng vua Minh Mạng,441,542,983,6.8916258971,train,False,observed_complete
2025-02-16,7,Lăng vua Minh Mạng,345,518,863,6.7615727688,train,False,observed_complete
2025-02-17,7,Lăng vua Minh Mạng,269,615,884,6.7855876450,train,False,observed_complete
2025-02-18,7,Lăng vua Minh Mạng,241,497,738,6.6052979209,train,False,observed_complete
2025-02-19,7,Lăng vua Minh Mạng,242,495,737,6.6039438246,train,False,observed_complete
2025-02-20,7,Lăng vua Minh Mạng,229,688,917,6.8221973906,train,False,observed_complete
2025-02-21,7,Lăng vua Minh Mạng,406,452,858,6.7557689220,train,False,observed_complete
2025-02-22,7,Lăng vua Minh Mạng,547,409,956,6.8638033915,train,False,observed_complete
2025-02-23,7,Lăng vua Minh Mạng,641,298,939,6.8458798753,train,False,observed_complete
2025-02-24,7,Lăng vua Minh Mạng,224,496,720,6.5806391373,train,False,observed_complete
2025-02-25,7,Lăng vua Minh Mạng,184,396,580,6.3647507569,train,False,observed_complete
2025-02-26,7,Lăng vua Minh Mạng,175,433,608,6.4118182677,train,False,observed_complete
2025-02-27,7,Lăng vua Minh Mạng,389,426,815,6.7044143550,train,False,observed_complete
2025-02-28,7,Lăng vua Minh Mạng,295,503,798,6.6833609458,train,False,observed_complete
2025-03-01,7,Lăng vua Minh Mạng,804,368,1172,7.0673198487,train,False,observed_complete
2025-03-02,7,Lăng vua Minh Mạng,391,524,915,6.8200163647,train,False,observed_complete
2025-03-03,7,Lăng vua Minh Mạng,323,337,660,6.4937538399,train,False,observed_complete
2025-03-04,7,Lăng vua Minh Mạng,240,478,718,6.5778613577,train,False,observed_complete
2025-03-05,7,Lăng vua Minh Mạng,298,524,822,6.7129562007,train,False,observed_complete
2025-03-06,7,Lăng vua Minh Mạng,146,650,796,6.6808546788,train,False,observed_complete
2025-03-07,7,Lăng vua Minh Mạng,223,387,610,6.4150969592,train,False,observed_complete
2025-03-08,7,Lăng vua Minh Mạng,601,500,1101,7.0048819897,train,False,observed_complete
2025-03-09,7,Lăng vua Minh Mạng,574,553,1127,7.0282014321,train,False,observed_complete
2025-03-10,7,Lăng vua Minh Mạng,350,403,753,6.6253923680,train,False,observed_complete
2025-03-11,7,Lăng vua Minh Mạng,259,557,816,6.7056390949,train,False,observed_complete
2025-03-12,7,Lăng vua Minh Mạng,201,541,742,6.6106960447,train,False,observed_complete
2025-03-13,7,Lăng vua Minh Mạng,406,537,943,6.8501261661,train,False,observed_complete
2025-03-14,7,Lăng vua Minh Mạng,264,667,931,6.8373328147,train,False,observed_complete
2025-03-15,7,Lăng vua Minh Mạng,904,517,1421,7.2598196104,train,False,observed_complete
2025-03-16,7,Lăng vua Minh Mạng,328,388,716,6.5750758406,train,False,observed_complete
2025-03-17,7,Lăng vua Minh Mạng,202,867,1069,6.9754139275,train,False,observed_complete
2025-03-18,7,Lăng vua Minh Mạng,186,617,803,6.6895992692,train,False,observed_complete
2025-03-19,7,Lăng vua Minh Mạng,155,419,574,6.3543700408,train,False,observed_complete
2025-03-20,7,Lăng vua Minh Mạng,202,597,799,6.6846117277,train,False,observed_complete
2025-03-21,7,Lăng vua Minh Mạng,305,650,955,6.8627579131,train,False,observed_complete
2025-03-22,7,Lăng vua Minh Mạng,680,414,1094,6.9985096423,train,False,observed_complete
2025-03-23,7,Lăng vua Minh Mạng,637,624,1261,7.1404530431,train,False,observed_complete
2025-03-24,7,Lăng vua Minh Mạng,406,687,1093,6.9975959830,train,False,observed_complete
2025-03-25,7,Lăng vua Minh Mạng,259,368,627,6.4425401665,train,False,observed_complete
2025-03-26,7,Lăng vua Minh Mạng,15,430,445,6.1003189520,train,False,observed_complete
2025-03-27,7,Lăng vua Minh Mạng,205,565,770,6.6476883736,train,False,observed_complete
2025-03-28,7,Lăng vua Minh Mạng,463,468,931,6.8373328147,train,False,observed_complete
2025-03-29,7,Lăng vua Minh Mạng,688,459,1147,7.0457765769,train,False,observed_complete
2025-03-30,7,Lăng vua Minh Mạng,442,337,779,6.6592939197,train,False,observed_complete
2025-03-31,7,Lăng vua Minh Mạng,299,505,804,6.6908422774,train,False,observed_complete
2025-04-01,7,Lăng vua Minh Mạng,188,491,679,6.5220927982,train,False,observed_complete
2025-04-02,7,Lăng vua Minh Mạng,298,476,774,6.6528630294,train,False,observed_complete
2025-04-03,7,Lăng vua Minh Mạng,303,400,703,6.5567783562,train,False,observed_complete
2025-04-04,7,Lăng vua Minh Mạng,435,442,877,6.7776465936,train,False,observed_complete
2025-04-05,7,Lăng vua Minh Mạng,1059,438,1497,7.3118861641,train,False,observed_complete
2025-04-06,7,Lăng vua Minh Mạng,1461,452,1913,7.5569505720,train,False,observed_complete
2025-04-07,7,Lăng vua Minh Mạng,771,381,1152,7.0501225203,train,False,observed_complete
2025-04-08,7,Lăng vua Minh Mạng,370,341,711,6.5680779114,train,False,observed_complete
2025-04-09,7,Lăng vua Minh Mạng,271,451,722,6.5834092222,train,False,observed_complete
2025-04-10,7,Lăng vua Minh Mạng,288,520,808,6.6957989171,train,False,observed_complete
2025-04-11,7,Lăng vua Minh Mạng,375,379,754,6.6267177492,train,False,observed_complete
2025-04-12,7,Lăng vua Minh Mạng,489,309,798,6.6833609458,train,False,observed_complete
2025-04-13,7,Lăng vua Minh Mạng,578,371,949,6.8564619846,train,False,observed_complete
2025-04-14,7,Lăng vua Minh Mạng,331,392,723,6.5847913924,train,False,observed_complete
2025-04-15,7,Lăng vua Minh Mạng,252,494,746,6.6160651851,train,False,observed_complete
2025-04-16,7,Lăng vua Minh Mạng,233,436,669,6.5072777124,train,False,observed_complete
2025-04-17,7,Lăng vua Minh Mạng,481,552,1033,6.9411900551,train,False,observed_complete
2025-04-18,7,Lăng vua Minh Mạng,298,439,737,6.6039438246,train,False,observed_complete
2025-04-19,7,Lăng vua Minh Mạng,768,412,1180,7.0741168162,train,False,observed_complete
2025-04-20,7,Lăng vua Minh Mạng,445,372,817,6.7068623366,train,False,observed_complete
2025-04-21,7,Lăng vua Minh Mạng,288,459,747,6.6174029780,train,False,observed_complete
2025-04-22,7,Lăng vua Minh Mạng,268,340,608,6.4118182677,train,False,observed_complete
2025-04-23,7,Lăng vua Minh Mạng,272,321,593,6.3868793194,train,False,observed_complete
2025-04-24,7,Lăng vua Minh Mạng,214,388,602,6.4019171967,train,False,observed_complete
2025-04-25,7,Lăng vua Minh Mạng,296,335,631,6.4488893941,train,False,observed_complete
2025-04-26,7,Lăng vua Minh Mạng,391,427,818,6.7080840839,train,False,observed_complete
2025-04-27,7,Lăng vua Minh Mạng,520,447,967,6.8752320873,train,False,observed_complete
2025-04-28,7,Lăng vua Minh Mạng,431,604,1035,6.9431224228,train,False,observed_complete
2025-04-29,7,Lăng vua Minh Mạng,532,344,876,6.7765069924,train,False,observed_complete
2025-04-30,7,Lăng vua Minh Mạng,1282,284,1566,7.3569182424,train,False,observed_complete
2025-05-01,7,Lăng vua Minh Mạng,2336,305,2641,7.8792914851,train,False,observed_complete
2025-05-02,7,Lăng vua Minh Mạng,1923,187,2110,7.6549170478,train,False,observed_complete
2025-05-03,7,Lăng vua Minh Mạng,1125,252,1377,7.2283884516,train,False,observed_complete
2025-05-04,7,Lăng vua Minh Mạng,296,288,584,6.3716118472,train,False,observed_complete
2025-05-05,7,Lăng vua Minh Mạng,181,303,484,6.1841488909,train,False,observed_complete
2025-05-06,7,Lăng vua Minh Mạng,153,194,347,5.8522024798,train,False,observed_complete
2025-05-07,7,Lăng vua Minh Mạng,157,227,384,5.9532433343,train,False,observed_complete
2025-05-08,7,Lăng vua Minh Mạng,259,228,487,6.1903154059,train,False,observed_complete
2025-05-09,7,Lăng vua Minh Mạng,254,141,395,5.9814142113,train,False,observed_complete
2025-05-10,7,Lăng vua Minh Mạng,492,185,677,6.5191472879,train,False,observed_complete
2025-05-11,7,Lăng vua Minh Mạng,352,181,533,6.2803958390,train,False,observed_complete
2025-05-12,7,Lăng vua Minh Mạng,314,208,522,6.2595814641,train,False,observed_complete
2025-05-13,7,Lăng vua Minh Mạng,264,180,444,6.0980742822,train,False,observed_complete
2025-05-14,7,Lăng vua Minh Mạng,214,195,409,6.0161571597,train,False,observed_complete
2025-05-15,7,Lăng vua Minh Mạng,296,165,461,6.1355648911,train,False,observed_complete
2025-05-16,7,Lăng vua Minh Mạng,320,124,444,6.0980742822,train,False,observed_complete
2025-05-17,7,Lăng vua Minh Mạng,644,109,753,6.6253923680,train,False,observed_complete
2025-05-18,7,Lăng vua Minh Mạng,393,136,529,6.2728770065,train,False,observed_complete
2025-05-19,7,Lăng vua Minh Mạng,318,145,463,6.1398845522,train,False,observed_complete
2025-05-20,7,Lăng vua Minh Mạng,276,169,445,6.1003189520,train,False,observed_complete
2025-05-21,7,Lăng vua Minh Mạng,206,117,323,5.7807435158,train,False,observed_complete
2025-05-22,7,Lăng vua Minh Mạng,213,133,346,5.8493247799,train,False,observed_complete
2025-05-23,7,Lăng vua Minh Mạng,281,88,369,5.9135030056,train,False,observed_complete
2025-05-24,7,Lăng vua Minh Mạng,613,153,766,6.6424868014,train,False,observed_complete
2025-05-25,7,Lăng vua Minh Mạng,367,89,456,6.1246833909,train,False,observed_complete
2025-05-26,7,Lăng vua Minh Mạng,333,148,481,6.1779441141,train,False,observed_complete
2025-05-27,7,Lăng vua Minh Mạng,485,179,664,6.4997870407,train,False,observed_complete
2025-05-28,7,Lăng vua Minh Mạng,336,99,435,6.0776422433,train,False,observed_complete
2025-05-29,7,Lăng vua Minh Mạng,450,90,540,6.2934192788,train,False,observed_complete
2025-05-30,7,Lăng vua Minh Mạng,416,65,481,6.1779441141,train,False,observed_complete
2025-05-31,7,Lăng vua Minh Mạng,592,80,672,6.5117453296,train,False,observed_complete
2025-06-01,7,Lăng vua Minh Mạng,504,112,616,6.4248690239,train,False,observed_complete
2025-06-02,7,Lăng vua Minh Mạng,391,145,536,6.2859980945,train,False,observed_complete
2025-06-03,7,Lăng vua Minh Mạng,520,53,573,6.3526293963,train,False,observed_complete
2025-06-04,7,Lăng vua Minh Mạng,478,157,635,6.4551985633,train,False,observed_complete
2025-06-05,7,Lăng vua Minh Mạng,550,69,619,6.4297194780,train,False,observed_complete
2025-06-06,7,Lăng vua Minh Mạng,780,52,832,6.7250336422,train,False,observed_complete
2025-06-07,7,Lăng vua Minh Mạng,664,87,751,6.6227363239,train,False,observed_complete
2025-06-08,7,Lăng vua Minh Mạng,555,178,733,6.5985090286,train,False,observed_complete
2025-06-09,7,Lăng vua Minh Mạng,441,109,550,6.3117348092,train,False,observed_complete
2025-06-10,7,Lăng vua Minh Mạng,502,54,556,6.3225652399,train,False,observed_complete
2025-06-11,7,Lăng vua Minh Mạng,438,169,607,6.4101748820,train,False,observed_complete
2025-06-12,7,Lăng vua Minh Mạng,193,82,275,5.6204008657,train,False,observed_complete
2025-06-13,7,Lăng vua Minh Mạng,476,70,546,6.3044488024,train,False,observed_complete
2025-06-14,7,Lăng vua Minh Mạng,650,98,748,6.6187389835,train,False,observed_complete
2025-06-15,7,Lăng vua Minh Mạng,611,156,767,6.6437897331,train,False,observed_complete
2025-06-16,7,Lăng vua Minh Mạng,497,82,579,6.3630281035,train,False,observed_complete
2025-06-17,7,Lăng vua Minh Mạng,680,109,789,6.6720329455,train,False,observed_complete
2025-06-18,7,Lăng vua Minh Mạng,507,125,632,6.4504704221,train,False,observed_complete
2025-06-19,7,Lăng vua Minh Mạng,552,127,679,6.5220927982,train,False,observed_complete
2025-06-20,7,Lăng vua Minh Mạng,508,72,580,6.3647507569,train,False,observed_complete
2025-06-21,7,Lăng vua Minh Mạng,677,101,778,6.6580110459,train,False,observed_complete
2025-06-22,7,Lăng vua Minh Mạng,564,90,654,6.4846352356,train,False,observed_complete
2025-06-23,7,Lăng vua Minh Mạng,473,108,581,6.3664704477,train,False,observed_complete
2025-06-24,7,Lăng vua Minh Mạng,461,73,534,6.2822667469,train,False,observed_complete
2025-06-25,7,Lăng vua Minh Mạng,506,82,588,6.3784261837,train,False,observed_complete
2025-06-26,7,Lăng vua Minh Mạng,426,105,531,6.2766434893,train,False,observed_complete
2025-06-27,7,Lăng vua Minh Mạng,528,104,632,6.4504704221,train,False,observed_complete
2025-06-28,7,Lăng vua Minh Mạng,638,102,740,6.6080006253,train,False,observed_complete
2025-06-29,7,Lăng vua Minh Mạng,500,87,587,6.3767269479,train,False,observed_complete
2025-06-30,7,Lăng vua Minh Mạng,520,98,618,6.4281052727,train,False,observed_complete
2025-07-01,7,Lăng vua Minh Mạng,630,92,722,6.5834092222,train,False,observed_complete
2025-07-02,7,Lăng vua Minh Mạng,681,82,763,6.6385677892,train,False,observed_complete
2025-07-03,7,Lăng vua Minh Mạng,480,93,573,6.3526293963,validation,False,observed_complete
2025-07-04,7,Lăng vua Minh Mạng,642,122,764,6.6398758338,validation,False,observed_complete
2025-07-05,7,Lăng vua Minh Mạng,836,136,972,6.8803840822,validation,False,observed_complete
2025-07-06,7,Lăng vua Minh Mạng,937,146,1083,6.9884131820,validation,False,observed_complete
2025-07-07,7,Lăng vua Minh Mạng,754,156,910,6.8145428973,validation,False,observed_complete
2025-07-08,7,Lăng vua Minh Mạng,745,75,820,6.7105231095,validation,False,observed_complete
2025-07-09,7,Lăng vua Minh Mạng,701,133,834,6.7274317249,validation,False,observed_complete
2025-07-10,7,Lăng vua Minh Mạng,805,186,991,6.8997231073,validation,False,observed_complete
2025-07-11,7,Lăng vua Minh Mạng,1286,187,1473,7.2957350727,validation,False,observed_complete
2025-07-12,7,Lăng vua Minh Mạng,814,199,1013,6.9216581842,validation,False,observed_complete
2025-07-13,7,Lăng vua Minh Mạng,652,164,816,6.7056390949,validation,False,observed_complete
2025-07-14,7,Lăng vua Minh Mạng,737,165,902,6.8057225534,validation,False,observed_complete
2025-07-15,7,Lăng vua Minh Mạng,773,162,935,6.8416154765,validation,False,observed_complete
2025-07-16,7,Lăng vua Minh Mạng,652,309,961,6.8690144507,validation,False,observed_complete
2025-07-17,7,Lăng vua Minh Mạng,686,220,906,6.8101424501,validation,False,observed_complete
2025-07-18,7,Lăng vua Minh Mạng,732,182,914,6.8189240653,validation,False,observed_complete
2025-07-19,7,Lăng vua Minh Mạng,734,203,937,6.8437499490,validation,False,observed_complete
2025-07-20,7,Lăng vua Minh Mạng,879,201,1080,6.9856418176,validation,False,observed_complete
2025-07-21,7,Lăng vua Minh Mạng,698,288,986,6.8946700394,validation,False,observed_complete
2025-07-22,7,Lăng vua Minh Mạng,617,255,872,6.7719355558,validation,False,observed_complete
2025-07-23,7,Lăng vua Minh Mạng,521,311,832,6.7250336422,validation,False,observed_complete
2025-07-24,7,Lăng vua Minh Mạng,454,275,729,6.5930445341,validation,False,observed_complete
2025-07-25,7,Lăng vua Minh Mạng,741,243,984,6.8926416412,validation,False,observed_complete
2025-07-26,7,Lăng vua Minh Mạng,855,223,1078,6.9837899653,validation,False,observed_complete
2025-07-27,7,Lăng vua Minh Mạng,626,240,866,6.7650389768,validation,False,observed_complete
2025-07-28,7,Lăng vua Minh Mạng,632,176,808,6.6957989171,validation,False,observed_complete
2025-07-29,7,Lăng vua Minh Mạng,535,205,740,6.6080006253,validation,False,observed_complete
2025-07-30,7,Lăng vua Minh Mạng,705,274,979,6.8875525717,validation,False,observed_complete
2025-07-31,7,Lăng vua Minh Mạng,475,274,749,6.6200732065,validation,False,observed_complete
2025-08-01,7,Lăng vua Minh Mạng,495,273,768,6.6450909695,validation,False,observed_complete
2025-08-02,7,Lăng vua Minh Mạng,730,293,1023,6.9314718056,validation,False,observed_complete
2025-08-03,7,Lăng vua Minh Mạng,501,312,813,6.7019603660,validation,False,observed_complete
2025-08-04,7,Lăng vua Minh Mạng,382,390,772,6.6502790486,validation,False,observed_complete
2025-08-05,7,Lăng vua Minh Mạng,423,324,747,6.6174029780,validation,False,observed_complete
2025-08-06,7,Lăng vua Minh Mạng,362,306,668,6.5057840601,validation,False,observed_complete
2025-08-07,7,Lăng vua Minh Mạng,332,320,652,6.4815771293,validation,False,observed_complete
2025-08-08,7,Lăng vua Minh Mạng,628,315,943,6.8501261661,validation,False,observed_complete
2025-08-09,7,Lăng vua Minh Mạng,601,352,953,6.8606636714,validation,False,observed_complete
2025-08-10,7,Lăng vua Minh Mạng,461,383,844,6.7393366274,validation,False,observed_complete
2025-08-11,7,Lăng vua Minh Mạng,417,481,898,6.8012830345,validation,False,observed_complete
2025-08-12,7,Lăng vua Minh Mạng,422,383,805,6.6920837425,validation,False,observed_complete
2025-08-13,7,Lăng vua Minh Mạng,504,355,859,6.7569323892,validation,False,observed_complete
2025-08-14,7,Lăng vua Minh Mạng,342,391,733,6.5985090286,validation,False,observed_complete
2025-08-15,7,Lăng vua Minh Mạng,491,351,842,6.7369669580,validation,False,observed_complete
2025-08-16,7,Lăng vua Minh Mạng,588,394,982,6.8906091201,validation,False,observed_complete
2025-08-17,7,Lăng vua Minh Mạng,358,316,674,6.5147126909,validation,False,observed_complete
2025-08-18,7,Lăng vua Minh Mạng,367,410,777,6.6567265242,validation,False,observed_complete
2025-08-19,7,Lăng vua Minh Mạng,10,389,399,5.9914645471,validation,False,observed_complete
2025-08-20,7,Lăng vua Minh Mạng,237,340,577,6.3595738687,validation,False,observed_complete
2025-08-21,7,Lăng vua Minh Mạng,396,232,628,6.4441312567,validation,False,observed_complete
2025-08-22,7,Lăng vua Minh Mạng,362,211,573,6.3526293963,validation,False,observed_complete
2025-08-23,7,Lăng vua Minh Mạng,469,256,725,6.5875500148,validation,False,observed_complete
2025-08-24,7,Lăng vua Minh Mạng,378,245,623,6.4361503684,validation,False,observed_complete
2025-08-25,7,Lăng vua Minh Mạng,141,221,362,5.8944028343,validation,False,observed_complete
2025-08-26,7,Lăng vua Minh Mạng,144,134,278,5.6312117818,validation,False,observed_complete
2025-08-27,7,Lăng vua Minh Mạng,177,161,338,5.8260001074,validation,False,observed_complete
2025-08-28,7,Lăng vua Minh Mạng,179,196,375,5.9295891434,validation,False,observed_complete
2025-08-29,7,Lăng vua Minh Mạng,214,150,364,5.8998973536,validation,False,observed_complete
2025-08-30,7,Lăng vua Minh Mạng,487,153,640,6.4630294569,validation,False,observed_complete
2025-08-31,7,Lăng vua Minh Mạng,878,175,1053,6.9603477291,validation,False,observed_complete
2025-09-01,7,Lăng vua Minh Mạng,818,119,937,6.8437499490,validation,False,observed_complete
2025-09-02,7,Lăng vua Minh Mạng,3,97,100,4.6151205168,validation,False,observed_complete
2025-09-03,7,Lăng vua Minh Mạng,152,112,264,5.5797298260,validation,False,observed_complete
2025-09-04,7,Lăng vua Minh Mạng,122,124,246,5.5093883366,validation,False,observed_complete
2025-09-05,7,Lăng vua Minh Mạng,113,106,219,5.3936275464,validation,False,observed_complete
2025-09-06,7,Lăng vua Minh Mạng,218,108,326,5.7899601709,validation,False,observed_complete
2025-09-07,7,Lăng vua Minh Mạng,265,168,433,6.0730445341,validation,False,observed_complete
2025-09-08,7,Lăng vua Minh Mạng,139,170,309,5.7365722975,validation,False,observed_complete
2025-09-09,7,Lăng vua Minh Mạng,186,168,354,5.8721177895,validation,False,observed_complete
2025-09-10,7,Lăng vua Minh Mạng,77,233,310,5.7397929122,validation,False,observed_complete
2025-09-11,7,Lăng vua Minh Mạng,222,163,385,5.9558373695,validation,False,observed_complete
2025-09-12,7,Lăng vua Minh Mạng,331,118,449,6.1092475828,validation,False,observed_complete
2025-09-13,7,Lăng vua Minh Mạng,331,148,479,6.1737861039,validation,False,observed_complete
2025-09-14,7,Lăng vua Minh Mạng,267,221,488,6.1923624895,validation,False,observed_complete
2025-09-15,7,Lăng vua Minh Mạng,148,204,352,5.8664680569,validation,False,observed_complete
2025-09-16,7,Lăng vua Minh Mạng,114,150,264,5.5797298260,validation,False,observed_complete
2025-09-17,7,Lăng vua Minh Mạng,120,195,315,5.7557422136,validation,False,observed_complete
2025-09-18,7,Lăng vua Minh Mạng,130,210,340,5.8318824773,validation,False,observed_complete
2025-09-19,7,Lăng vua Minh Mạng,219,217,436,6.0799331951,validation,False,observed_complete
2025-09-20,7,Lăng vua Minh Mạng,232,210,442,6.0935697700,validation,False,observed_complete
2025-09-21,7,Lăng vua Minh Mạng,242,234,476,6.1675164909,validation,False,observed_complete
2025-09-22,7,Lăng vua Minh Mạng,186,143,329,5.7990926545,validation,False,observed_complete
2025-09-23,7,Lăng vua Minh Mạng,122,232,354,5.8721177895,validation,False,observed_complete
2025-09-24,7,Lăng vua Minh Mạng,125,260,385,5.9558373695,validation,False,observed_complete
2025-09-25,7,Lăng vua Minh Mạng,151,211,362,5.8944028343,validation,False,observed_complete
2025-09-26,7,Lăng vua Minh Mạng,256,158,414,6.0282785202,validation,False,observed_complete
2025-09-27,7,Lăng vua Minh Mạng,68,88,156,5.0562458053,validation,False,observed_complete
2025-09-28,7,Lăng vua Minh Mạng,47,69,116,4.7621739348,validation,False,observed_complete
2025-09-29,7,Lăng vua Minh Mạng,163,266,429,6.0637852087,validation,False,observed_complete
2025-09-30,7,Lăng vua Minh Mạng,106,203,309,5.7365722975,validation,False,observed_complete
2025-10-01,7,Lăng vua Minh Mạng,75,243,318,5.7651911028,validation,False,observed_complete
2025-10-02,7,Lăng vua Minh Mạng,172,219,391,5.9712618398,validation,False,observed_complete
2025-10-03,7,Lăng vua Minh Mạng,120,222,342,5.8377304472,validation,False,observed_complete
2025-10-04,7,Lăng vua Minh Mạng,223,193,416,6.0330862218,validation,False,observed_complete
2025-10-05,7,Lăng vua Minh Mạng,152,228,380,5.9427993751,validation,False,observed_complete
2025-10-06,7,Lăng vua Minh Mạng,125,224,349,5.8579331545,validation,False,observed_complete
2025-10-07,7,Lăng vua Minh Mạng,103,209,312,5.7462031905,validation,False,observed_complete
2025-10-08,7,Lăng vua Minh Mạng,130,262,392,5.9738096119,validation,False,observed_complete
2025-10-09,7,Lăng vua Minh Mạng,52,238,290,5.6733232672,validation,False,observed_complete
2025-10-10,7,Lăng vua Minh Mạng,132,235,367,5.9080829382,validation,False,observed_complete
2025-10-11,7,Lăng vua Minh Mạng,309,140,449,6.1092475828,validation,False,observed_complete
2025-10-12,7,Lăng vua Minh Mạng,197,250,447,6.1047932324,validation,False,observed_complete
2025-10-13,7,Lăng vua Minh Mạng,106,326,432,6.0707377280,validation,False,observed_complete
2025-10-14,7,Lăng vua Minh Mạng,94,286,380,5.9427993751,validation,False,observed_complete
2025-10-15,7,Lăng vua Minh Mạng,88,253,341,5.8348107371,validation,False,observed_complete
2025-10-16,7,Lăng vua Minh Mạng,71,221,292,5.6801726090,validation,False,observed_complete
2025-10-17,7,Lăng vua Minh Mạng,171,302,473,6.1612073217,validation,False,observed_complete
2025-10-18,7,Lăng vua Minh Mạng,119,149,268,5.5947113796,validation,False,observed_complete
2025-10-19,7,Lăng vua Minh Mạng,209,158,367,5.9080829382,validation,False,observed_complete
2025-10-20,7,Lăng vua Minh Mạng,81,279,360,5.8888779583,validation,False,observed_complete
2025-10-21,7,Lăng vua Minh Mạng,42,183,225,5.4205349993,validation,False,observed_complete
2025-10-22,7,Lăng vua Minh Mạng,37,174,211,5.3565862747,validation,False,observed_complete
2025-10-23,7,Lăng vua Minh Mạng,16,117,133,4.8978398000,validation,False,observed_complete
2025-10-24,7,Lăng vua Minh Mạng,9,141,150,5.0172798368,validation,False,observed_complete
2025-10-25,7,Lăng vua Minh Mạng,112,221,333,5.8111409930,validation,False,observed_complete
2025-10-26,7,Lăng vua Minh Mạng,52,165,217,5.3844950628,validation,False,observed_complete
2025-10-27,7,Lăng vua Minh Mạng,0,0,0,0.0000000000,validation,True,observed_complete
2025-10-28,7,Lăng vua Minh Mạng,0,0,0,0.0000000000,validation,True,observed_complete
2025-10-29,7,Lăng vua Minh Mạng,0,0,0,0.0000000000,validation,True,observed_complete
2025-10-30,7,Lăng vua Minh Mạng,0,0,0,0.0000000000,validation,True,observed_complete
2025-10-31,7,Lăng vua Minh Mạng,2,15,17,2.8903717579,validation,False,observed_complete
2025-11-01,7,Lăng vua Minh Mạng,12,33,45,3.8286413965,validation,False,observed_complete
2025-11-02,7,Lăng vua Minh Mạng,2,124,126,4.8441870865,validation,False,observed_complete
2025-11-03,7,Lăng vua Minh Mạng,0,0,0,0.0000000000,validation,True,observed_complete
2025-11-04,7,Lăng vua Minh Mạng,29,43,72,4.2904594411,validation,False,observed_complete
2025-11-05,7,Lăng vua Minh Mạng,1,147,148,5.0039463059,validation,False,observed_complete
2025-11-06,7,Lăng vua Minh Mạng,6,101,107,4.6821312271,validation,False,observed_complete
2025-11-07,7,Lăng vua Minh Mạng,48,85,133,4.8978398000,validation,False,observed_complete
2025-11-08,7,Lăng vua Minh Mạng,18,212,230,5.4424177105,validation,False,observed_complete
2025-11-09,7,Lăng vua Minh Mạng,39,377,416,6.0330862218,validation,False,observed_complete
2025-11-10,7,Lăng vua Minh Mạng,32,307,339,5.8289456176,validation,False,observed_complete
2025-11-11,7,Lăng vua Minh Mạng,35,333,368,5.9107966440,validation,False,observed_complete
2025-11-12,7,Lăng vua Minh Mạng,68,315,383,5.9506425526,validation,False,observed_complete
2025-11-13,7,Lăng vua Minh Mạng,91,545,636,6.4567696556,validation,False,observed_complete
2025-11-14,7,Lăng vua Minh Mạng,133,543,676,6.5176712729,validation,False,observed_complete
2025-11-15,7,Lăng vua Minh Mạng,156,427,583,6.3699009828,validation,False,observed_complete
2025-11-16,7,Lăng vua Minh Mạng,43,397,440,6.0890448754,validation,False,observed_complete
2025-11-17,7,Lăng vua Minh Mạng,40,378,418,6.0378709199,validation,False,observed_complete
2025-11-18,7,Lăng vua Minh Mạng,33,373,406,6.0088131854,validation,False,observed_complete
2025-11-19,7,Lăng vua Minh Mạng,8,416,424,6.0520891689,validation,False,observed_complete
2025-11-20,7,Lăng vua Minh Mạng,18,456,474,6.1633148040,validation,False,observed_complete
2025-11-21,7,Lăng vua Minh Mạng,56,384,440,6.0890448754,validation,False,observed_complete
2025-11-22,7,Lăng vua Minh Mạng,41,403,444,6.0980742822,validation,False,observed_complete
2025-11-23,7,Lăng vua Minh Mạng,5,309,314,5.7525726388,validation,False,observed_complete
2025-11-24,7,Lăng vua Minh Mạng,29,431,460,6.1333980430,validation,False,observed_complete
2025-11-25,7,Lăng vua Minh Mạng,28,249,277,5.6276211137,validation,False,observed_complete
2025-11-26,7,Lăng vua Minh Mạng,25,291,316,5.7589017739,validation,False,observed_complete
2025-11-27,7,Lăng vua Minh Mạng,31,397,428,6.0614569189,validation,False,observed_complete
2025-11-28,7,Lăng vua Minh Mạng,92,386,478,6.1717005974,validation,False,observed_complete
2025-11-29,7,Lăng vua Minh Mạng,49,310,359,5.8861040315,validation,False,observed_complete
2025-11-30,7,Lăng vua Minh Mạng,69,398,467,6.1484682959,validation,False,observed_complete
2025-12-01,7,Lăng vua Minh Mạng,39,238,277,5.6276211137,validation,False,observed_complete
2025-12-02,7,Lăng vua Minh Mạng,4,294,298,5.7004435734,validation,False,observed_complete
2025-12-03,7,Lăng vua Minh Mạng,15,272,287,5.6629604801,validation,False,observed_complete
2025-12-04,7,Lăng vua Minh Mạng,29,244,273,5.6131281064,validation,False,observed_complete
2025-12-05,7,Lăng vua Minh Mạng,49,261,310,5.7397929122,validation,False,observed_complete
2025-12-06,7,Lăng vua Minh Mạng,63,288,351,5.8636311756,validation,False,observed_complete
2025-12-07,7,Lăng vua Minh Mạng,113,235,348,5.8550719222,validation,False,observed_complete
2025-12-08,7,Lăng vua Minh Mạng,31,174,205,5.3278761688,validation,False,observed_complete
2025-12-09,7,Lăng vua Minh Mạng,51,181,232,5.4510384536,validation,False,observed_complete
2025-12-10,7,Lăng vua Minh Mạng,45,154,199,5.2983173665,validation,False,observed_complete
2025-12-11,7,Lăng vua Minh Mạng,49,211,260,5.5645204073,validation,False,observed_complete
2025-12-12,7,Lăng vua Minh Mạng,85,191,276,5.6240175062,validation,False,observed_complete
2025-12-13,7,Lăng vua Minh Mạng,139,250,389,5.9661467391,validation,False,observed_complete
2025-12-14,7,Lăng vua Minh Mạng,54,185,239,5.4806389233,validation,False,observed_complete
2025-12-15,7,Lăng vua Minh Mạng,56,150,206,5.3327187933,validation,False,observed_complete
2025-12-16,7,Lăng vua Minh Mạng,58,162,220,5.3981627015,validation,False,observed_complete
2025-12-17,7,Lăng vua Minh Mạng,59,135,194,5.2729995586,validation,False,observed_complete
2025-12-18,7,Lăng vua Minh Mạng,147,137,284,5.6524891803,validation,False,observed_complete
2025-12-19,7,Lăng vua Minh Mạng,144,266,410,6.0185932145,validation,False,observed_complete
2025-12-20,7,Lăng vua Minh Mạng,166,229,395,5.9814142113,validation,False,observed_complete
2025-12-21,7,Lăng vua Minh Mạng,104,243,347,5.8522024798,validation,False,observed_complete
2025-12-22,7,Lăng vua Minh Mạng,91,281,372,5.9215784196,validation,False,observed_complete
2025-12-23,7,Lăng vua Minh Mạng,115,246,361,5.8916442118,validation,False,observed_complete
2025-12-24,7,Lăng vua Minh Mạng,116,292,408,6.0137151560,validation,False,observed_complete
2025-12-25,7,Lăng vua Minh Mạng,89,282,371,5.9188938543,validation,False,observed_complete
2025-12-26,7,Lăng vua Minh Mạng,72,525,597,6.3935907540,validation,False,observed_complete
2025-12-27,7,Lăng vua Minh Mạng,267,463,730,6.5944134597,validation,False,observed_complete
2025-12-28,7,Lăng vua Minh Mạng,199,378,577,6.3595738687,validation,False,observed_complete
2025-12-29,7,Lăng vua Minh Mạng,158,612,770,6.6476883736,validation,False,observed_complete
2025-12-30,7,Lăng vua Minh Mạng,143,519,662,6.4967749902,validation,False,observed_complete
2025-12-31,7,Lăng vua Minh Mạng,218,371,589,6.3801225369,validation,False,observed_complete
2026-01-01,7,Lăng vua Minh Mạng,397,289,686,6.5323342922,validation,False,observed_complete
2026-01-02,7,Lăng vua Minh Mạng,612,371,983,6.8916258971,validation,False,observed_complete
2026-01-03,7,Lăng vua Minh Mạng,565,591,1156,7.0535857272,validation,False,observed_complete
2026-01-04,7,Lăng vua Minh Mạng,205,383,588,6.3784261837,validation,False,observed_complete
2026-01-05,7,Lăng vua Minh Mạng,159,402,561,6.3315018499,validation,False,observed_complete
2026-01-06,7,Lăng vua Minh Mạng,89,239,328,5.7960577508,validation,False,observed_complete
2026-01-07,7,Lăng vua Minh Mạng,122,332,454,6.1202974190,validation,False,observed_complete
2026-01-08,7,Lăng vua Minh Mạng,102,337,439,6.0867747269,validation,False,observed_complete
2026-01-09,7,Lăng vua Minh Mạng,163,345,508,6.2324480166,validation,False,observed_complete
2026-01-10,7,Lăng vua Minh Mạng,199,332,531,6.2766434893,validation,False,observed_complete
2026-01-11,7,Lăng vua Minh Mạng,173,364,537,6.2878585602,validation,False,observed_complete
2026-01-12,7,Lăng vua Minh Mạng,132,319,451,6.1136821798,validation,False,observed_complete
2026-01-13,7,Lăng vua Minh Mạng,142,316,458,6.1290502101,validation,False,observed_complete
2026-01-14,7,Lăng vua Minh Mạng,95,291,386,5.9584246930,validation,False,observed_complete
2026-01-15,7,Lăng vua Minh Mạng,95,281,376,5.9322451874,validation,False,observed_complete
2026-01-16,7,Lăng vua Minh Mạng,190,267,457,6.1268691841,validation,False,observed_complete
2026-01-17,7,Lăng vua Minh Mạng,269,541,810,6.6982680541,validation,False,observed_complete
2026-01-18,7,Lăng vua Minh Mạng,253,399,652,6.4815771293,validation,False,observed_complete
2026-01-19,7,Lăng vua Minh Mạng,104,325,429,6.0637852087,validation,False,observed_complete
2026-01-20,7,Lăng vua Minh Mạng,94,359,453,6.1180971980,validation,False,observed_complete
2026-01-21,7,Lăng vua Minh Mạng,164,448,612,6.4183649359,validation,False,observed_complete
2026-01-22,7,Lăng vua Minh Mạng,222,421,643,6.4676987261,validation,False,observed_complete
2026-01-23,7,Lăng vua Minh Mạng,63,403,466,6.1463292577,validation,False,observed_complete
2026-01-24,7,Lăng vua Minh Mạng,209,490,699,6.5510803350,validation,False,observed_complete
2026-01-25,7,Lăng vua Minh Mạng,552,498,1050,6.9574973709,validation,False,observed_complete
2026-01-26,7,Lăng vua Minh Mạng,129,429,558,6.3261494732,validation,False,observed_complete
2026-01-27,7,Lăng vua Minh Mạng,85,624,709,6.5652649700,test,False,observed_complete
2026-01-28,7,Lăng vua Minh Mạng,104,500,604,6.4052284580,test,False,observed_complete
2026-01-29,7,Lăng vua Minh Mạng,114,375,489,6.1944053911,test,False,observed_complete
2026-01-30,7,Lăng vua Minh Mạng,107,474,581,6.3664704477,test,False,observed_complete
2026-01-31,7,Lăng vua Minh Mạng,208,525,733,6.5985090286,test,False,observed_complete
2026-02-01,7,Lăng vua Minh Mạng,141,426,567,6.3421214187,test,False,observed_complete
2026-02-02,7,Lăng vua Minh Mạng,65,391,456,6.1246833909,test,False,observed_complete
2026-02-03,7,Lăng vua Minh Mạng,76,328,404,6.0038870671,test,False,observed_complete
2026-02-04,7,Lăng vua Minh Mạng,126,489,615,6.4232469635,test,False,observed_complete
2026-02-05,7,Lăng vua Minh Mạng,127,470,597,6.3935907540,test,False,observed_complete
2026-02-06,7,Lăng vua Minh Mạng,111,356,467,6.1484682959,test,False,observed_complete
2026-02-07,7,Lăng vua Minh Mạng,183,440,623,6.4361503684,test,False,observed_complete
2026-02-08,7,Lăng vua Minh Mạng,156,508,664,6.4997870407,test,False,observed_complete
2026-02-09,7,Lăng vua Minh Mạng,174,442,616,6.4248690239,test,False,observed_complete
2026-02-10,7,Lăng vua Minh Mạng,185,408,593,6.3868793194,test,False,observed_complete
2026-02-11,7,Lăng vua Minh Mạng,169,446,615,6.4232469635,test,False,observed_complete
2026-02-12,7,Lăng vua Minh Mạng,167,433,600,6.3985949345,test,False,observed_complete
2026-02-13,7,Lăng vua Minh Mạng,168,291,459,6.1312264895,test,False,observed_complete
2026-02-14,7,Lăng vua Minh Mạng,215,459,674,6.5147126909,test,False,observed_complete
2026-02-15,7,Lăng vua Minh Mạng,135,514,649,6.4769723629,test,False,observed_complete
2026-02-16,7,Lăng vua Minh Mạng,153,380,533,6.2803958390,test,False,observed_complete
2026-02-17,7,Lăng vua Minh Mạng,0,239,239,5.4806389233,test,False,observed_complete
2026-02-18,7,Lăng vua Minh Mạng,580,204,784,6.6656837178,test,False,observed_complete
2026-02-19,7,Lăng vua Minh Mạng,1083,316,1399,7.2442275156,test,False,observed_complete
2026-02-20,7,Lăng vua Minh Mạng,1483,334,1817,7.5054922747,test,False,observed_complete
2026-02-21,7,Lăng vua Minh Mạng,1287,228,1515,7.3238305662,test,False,observed_complete
2026-02-22,7,Lăng vua Minh Mạng,663,315,978,6.8865316425,test,False,observed_complete
2026-02-23,7,Lăng vua Minh Mạng,454,373,827,6.7190131544,test,False,observed_complete
2026-02-24,7,Lăng vua Minh Mạng,361,325,686,6.5323342922,test,False,observed_complete
2026-02-25,7,Lăng vua Minh Mạng,394,400,794,6.6783421147,test,False,observed_complete
2026-02-26,7,Lăng vua Minh Mạng,383,400,783,6.6644090204,test,False,observed_complete
2026-02-27,7,Lăng vua Minh Mạng,362,481,843,6.7381524946,test,False,observed_complete
2026-02-28,7,Lăng vua Minh Mạng,531,585,1116,7.0184017991,test,False,observed_complete
2026-03-01,7,Lăng vua Minh Mạng,444,383,827,6.7190131544,test,False,observed_complete
2026-03-02,7,Lăng vua Minh Mạng,258,565,823,6.7141705299,test,False,observed_complete
2026-03-03,7,Lăng vua Minh Mạng,183,419,602,6.4019171967,test,False,observed_complete
2026-03-04,7,Lăng vua Minh Mạng,161,492,653,6.4831073515,test,False,observed_complete
2026-03-05,7,Lăng vua Minh Mạng,232,602,834,6.7274317249,test,False,observed_complete
2026-03-06,7,Lăng vua Minh Mạng,357,633,990,6.8987145343,test,False,observed_complete
2026-03-07,7,Lăng vua Minh Mạng,537,654,1191,7.0833878476,test,False,observed_complete
2026-03-08,7,Lăng vua Minh Mạng,599,516,1115,7.0175061429,test,False,observed_complete
2026-03-09,7,Lăng vua Minh Mạng,231,683,914,6.8189240653,test,False,observed_complete
2026-03-10,7,Lăng vua Minh Mạng,77,357,434,6.0753460311,test,False,observed_complete
2026-03-11,7,Lăng vua Minh Mạng,158,549,707,6.5624440937,test,False,observed_complete
2026-03-12,7,Lăng vua Minh Mạng,190,582,772,6.6502790486,test,False,observed_complete
2026-03-13,7,Lăng vua Minh Mạng,241,618,859,6.7569323892,test,False,observed_complete
2026-03-14,7,Lăng vua Minh Mạng,564,609,1173,7.0681720004,test,False,observed_complete
2026-03-15,7,Lăng vua Minh Mạng,432,548,980,6.8885724596,test,False,observed_complete
2026-03-16,7,Lăng vua Minh Mạng,273,623,896,6.7990558621,test,False,observed_complete
2026-03-17,7,Lăng vua Minh Mạng,307,664,971,6.8793558045,test,False,observed_complete
2026-03-18,7,Lăng vua Minh Mạng,276,526,802,6.6883547139,test,False,observed_complete
2026-03-19,7,Lăng vua Minh Mạng,308,562,870,6.7696419769,test,False,observed_complete
2026-03-20,7,Lăng vua Minh Mạng,622,588,1210,7.0992017436,test,False,observed_complete
2026-03-21,7,Lăng vua Minh Mạng,543,664,1207,7.0967213785,test,False,observed_complete
2026-03-22,7,Lăng vua Minh Mạng,589,540,1129,7.0299729117,test,False,observed_complete
2026-03-23,7,Lăng vua Minh Mạng,460,530,990,6.8987145343,test,False,observed_complete
2026-03-24,7,Lăng vua Minh Mạng,271,506,777,6.6567265242,test,False,observed_complete
2026-03-25,7,Lăng vua Minh Mạng,225,369,594,6.3885614055,test,False,observed_complete
2026-03-26,7,Lăng vua Minh Mạng,6,473,479,6.1737861039,test,False,observed_complete
2026-03-27,7,Lăng vua Minh Mạng,449,377,826,6.7178046950,test,False,observed_complete
2026-03-28,7,Lăng vua Minh Mạng,597,559,1156,7.0535857272,test,False,observed_complete
2026-03-29,7,Lăng vua Minh Mạng,461,504,965,6.8731638342,test,False,observed_complete
2026-03-30,7,Lăng vua Minh Mạng,331,438,769,6.6463905148,test,False,observed_complete
2026-03-31,7,Lăng vua Minh Mạng,191,330,521,6.2576675879,test,False,observed_complete
2026-04-01,7,Lăng vua Minh Mạng,204,378,582,6.3681871864,test,False,observed_complete
2026-04-02,7,Lăng vua Minh Mạng,224,448,672,6.5117453296,test,False,observed_complete
2026-04-03,7,Lăng vua Minh Mạng,275,685,960,6.8679744090,test,False,observed_complete
2026-04-04,7,Lăng vua Minh Mạng,543,438,981,6.8895913084,test,False,observed_complete
2026-04-05,7,Lăng vua Minh Mạng,394,439,833,6.7262334024,test,False,observed_complete
2026-04-06,7,Lăng vua Minh Mạng,320,324,644,6.4692503168,test,False,observed_complete
2026-04-07,7,Lăng vua Minh Mạng,221,342,563,6.3350542515,test,False,observed_complete
2026-04-08,7,Lăng vua Minh Mạng,239,377,616,6.4248690239,test,False,observed_complete
2026-04-09,7,Lăng vua Minh Mạng,253,410,663,6.4982821495,test,False,observed_complete
2026-04-10,7,Lăng vua Minh Mạng,389,403,792,6.6758232216,test,False,observed_complete
2026-04-11,7,Lăng vua Minh Mạng,547,379,926,6.8319535656,test,False,observed_complete
2026-04-12,7,Lăng vua Minh Mạng,477,364,841,6.7357800142,test,False,observed_complete
2026-04-13,7,Lăng vua Minh Mạng,374,288,662,6.4967749902,test,False,observed_complete
2026-04-14,7,Lăng vua Minh Mạng,470,308,778,6.6580110459,test,False,observed_complete
2026-04-15,7,Lăng vua Minh Mạng,213,311,524,6.2633982626,test,False,observed_complete
2026-04-16,7,Lăng vua Minh Mạng,260,347,607,6.4101748820,test,False,observed_complete
2026-04-17,7,Lăng vua Minh Mạng,471,371,842,6.7369669580,test,False,observed_complete
2026-04-18,7,Lăng vua Minh Mạng,666,446,1112,7.0148143513,test,False,observed_complete
2026-04-19,7,Lăng vua Minh Mạng,609,295,904,6.8079349437,test,False,observed_complete
2026-04-20,7,Lăng vua Minh Mạng,246,275,521,6.2576675879,test,False,observed_complete
2026-04-21,7,Lăng vua Minh Mạng,316,342,658,6.4907235345,test,False,observed_complete
2026-04-22,7,Lăng vua Minh Mạng,198,324,522,6.2595814641,test,False,observed_complete
2026-04-23,7,Lăng vua Minh Mạng,249,336,585,6.3733197896,test,False,observed_complete
2026-04-24,7,Lăng vua Minh Mạng,445,314,759,6.6333184333,test,False,observed_complete
2026-04-25,7,Lăng vua Minh Mạng,1035,338,1373,7.2254814728,test,False,observed_complete
2026-04-26,7,Lăng vua Minh Mạng,1576,223,1799,7.4955419439,test,False,observed_complete
2026-04-27,7,Lăng vua Minh Mạng,1239,401,1640,7.4030610911,test,False,observed_complete
2026-04-28,7,Lăng vua Minh Mạng,990,268,1258,7.1380730340,test,False,observed_complete
2026-04-29,7,Lăng vua Minh Mạng,802,255,1057,6.9641356124,test,False,observed_complete
2026-04-30,7,Lăng vua Minh Mạng,1939,291,2230,7.7102051944,test,False,observed_complete
2026-05-01,7,Lăng vua Minh Mạng,2470,468,2938,7.9858246664,test,False,observed_complete
2026-05-02,7,Lăng vua Minh Mạng,1387,250,1637,7.4012312644,test,False,observed_complete
2026-05-03,7,Lăng vua Minh Mạng,410,339,749,6.6200732065,test,False,observed_complete
2026-05-04,7,Lăng vua Minh Mạng,192,560,752,6.6240652278,test,False,observed_complete
2026-05-05,7,Lăng vua Minh Mạng,178,215,393,5.9763509093,test,False,observed_complete
2026-05-06,7,Lăng vua Minh Mạng,204,266,470,6.1548580940,test,False,observed_complete
2026-05-07,7,Lăng vua Minh Mạng,437,205,642,6.4661447242,test,False,observed_complete
2026-05-08,7,Lăng vua Minh Mạng,327,223,550,6.3117348092,test,False,observed_complete
2026-05-09,7,Lăng vua Minh Mạng,398,286,684,6.5294188383,test,False,observed_complete
2026-05-10,7,Lăng vua Minh Mạng,389,245,634,6.4536249989,test,False,observed_complete
2026-05-11,7,Lăng vua Minh Mạng,225,262,487,6.1903154059,test,False,observed_complete
2026-05-12,7,Lăng vua Minh Mạng,235,209,444,6.0980742822,test,False,observed_complete
2026-05-13,7,Lăng vua Minh Mạng,183,172,355,5.8749307309,test,False,observed_complete
2026-05-14,7,Lăng vua Minh Mạng,350,183,533,6.2803958390,test,False,observed_complete
2026-05-15,7,Lăng vua Minh Mạng,349,212,561,6.3315018499,test,False,observed_complete
2026-05-16,7,Lăng vua Minh Mạng,497,227,724,6.5861716549,test,False,observed_complete
2026-05-17,7,Lăng vua Minh Mạng,304,166,470,6.1548580940,test,False,observed_complete
2026-05-18,7,Lăng vua Minh Mạng,266,293,559,6.3279367837,test,False,observed_complete
2026-05-19,7,Lăng vua Minh Mạng,162,196,358,5.8833223885,test,False,observed_complete
2026-05-20,7,Lăng vua Minh Mạng,188,198,386,5.9584246930,test,False,observed_complete
2026-05-21,7,Lăng vua Minh Mạng,325,173,498,6.2126060958,test,False,observed_complete
2026-05-22,7,Lăng vua Minh Mạng,358,125,483,6.1820849067,test,False,observed_complete
2026-05-23,7,Lăng vua Minh Mạng,436,230,666,6.5027900459,test,False,observed_complete
2026-05-24,7,Lăng vua Minh Mạng,345,148,493,6.2025355172,test,False,observed_complete
2026-05-25,7,Lăng vua Minh Mạng,270,101,371,5.9188938543,test,False,observed_complete
2026-05-26,7,Lăng vua Minh Mạng,308,233,541,6.2952660014,test,False,observed_complete
2026-05-27,7,Lăng vua Minh Mạng,311,168,479,6.1737861039,test,False,observed_complete
2026-05-28,7,Lăng vua Minh Mạng,358,100,458,6.1290502101,test,False,observed_complete
2026-05-29,7,Lăng vua Minh Mạng,728,151,879,6.7799219075,test,False,observed_complete
2026-05-30,7,Lăng vua Minh Mạng,599,125,724,6.5861716549,test,False,observed_complete
2026-05-31,7,Lăng vua Minh Mạng,459,91,550,6.3117348092,test,False,observed_complete
2026-06-01,7,Lăng vua Minh Mạng,466,222,688,6.5352412710,test,False,observed_complete
2026-06-02,7,Lăng vua Minh Mạng,628,71,699,6.5510803350,test,False,observed_complete
2026-06-03,7,Lăng vua Minh Mạng,648,112,760,6.6346333579,test,False,observed_complete
2026-06-04,7,Lăng vua Minh Mạng,556,127,683,6.5279579176,test,False,observed_complete
2026-06-05,7,Lăng vua Minh Mạng,887,127,1014,6.9226438915,test,False,observed_complete
2026-06-06,7,Lăng vua Minh Mạng,835,98,933,6.8394764382,test,False,observed_complete
2026-06-07,7,Lăng vua Minh Mạng,736,105,841,6.7357800142,test,False,observed_complete
2026-06-08,7,Lăng vua Minh Mạng,365,82,447,6.1047932324,test,False,observed_complete
2026-06-09,7,Lăng vua Minh Mạng,603,77,680,6.5235623061,test,False,observed_complete
2026-06-10,7,Lăng vua Minh Mạng,381,104,485,6.1862086239,test,False,observed_complete
2026-06-11,7,Lăng vua Minh Mạng,671,124,795,6.6795991858,test,False,observed_complete
2026-06-12,7,Lăng vua Minh Mạng,733,117,850,6.7464121286,test,False,observed_complete
2026-06-13,7,Lăng vua Minh Mạng,811,116,927,6.8330317328,test,False,observed_complete
2026-06-14,7,Lăng vua Minh Mạng,720,142,862,6.7604146911,test,False,observed_complete
2026-06-15,7,Lăng vua Minh Mạng,585,121,706,6.5610306659,test,False,observed_complete
2026-06-16,7,Lăng vua Minh Mạng,578,104,682,6.5264948596,test,False,observed_complete
2026-06-17,7,Lăng vua Minh Mạng,681,79,760,6.6346333579,test,False,observed_complete
2026-06-18,7,Lăng vua Minh Mạng,722,128,850,6.7464121286,test,False,observed_complete
2026-06-19,7,Lăng vua Minh Mạng,589,109,698,6.5496507422,test,False,observed_complete
2026-06-20,7,Lăng vua Minh Mạng,880,73,953,6.8606636714,test,False,observed_complete
2026-06-21,7,Lăng vua Minh Mạng,755,106,861,6.7592552707,test,False,observed_complete
2026-06-22,7,Lăng vua Minh Mạng,659,121,780,6.6605751498,test,False,observed_complete
2026-06-23,7,Lăng vua Minh Mạng,625,87,712,6.5694814204,test,False,observed_complete
2026-06-24,7,Lăng vua Minh Mạng,760,89,849,6.7452363495,test,False,observed_complete
2026-06-25,7,Lăng vua Minh Mạng,725,120,845,6.7405193596,test,False,observed_complete
2026-06-26,7,Lăng vua Minh Mạng,661,92,753,6.6253923680,test,False,observed_complete
2026-06-27,7,Lăng vua Minh Mạng,986,96,1082,6.9874902470,test,False,observed_complete
2026-06-28,7,Lăng vua Minh Mạng,659,89,748,6.6187389835,test,False,observed_complete
2026-06-29,7,Lăng vua Minh Mạng,534,114,648,6.4754327167,test,False,observed_complete
2026-06-30,7,Lăng vua Minh Mạng,512,133,645,6.4707995038,test,False,observed_complete
2026-07-01,7,Lăng vua Minh Mạng,596,117,713,6.5708829623,test,False,observed_complete
2026-07-02,7,Lăng vua Minh Mạng,624,112,736,6.6025878922,test,False,observed_complete
2026-07-03,7,Lăng vua Minh Mạng,709,135,844,6.7393366274,test,False,observed_complete
2026-07-04,7,Lăng vua Minh Mạng,781,148,929,6.8351845861,test,False,observed_complete
2026-07-05,7,Lăng vua Minh Mạng,873,186,1059,6.9660241871,test,False,observed_complete
2026-07-06,7,Lăng vua Minh Mạng,706,157,863,6.7615727688,test,False,observed_complete
2026-07-07,7,Lăng vua Minh Mạng,785,193,978,6.8865316425,test,False,observed_complete
2026-07-08,7,Lăng vua Minh Mạng,627,187,814,6.7031881132,test,False,observed_complete
2026-07-09,7,Lăng vua Minh Mạng,797,177,974,6.8824374710,test,False,observed_complete
2026-07-10,7,Lăng vua Minh Mạng,924,254,1178,7.0724219005,test,False,observed_complete
2026-07-11,7,Lăng vua Minh Mạng,970,199,1169,7.0647590278,test,False,observed_complete
2026-07-12,7,Lăng vua Minh Mạng,797,170,967,6.8752320873,test,False,observed_complete
2026-07-13,7,Lăng vua Minh Mạng,798,219,1017,6.9255951971,test,False,observed_complete
2026-07-14,7,Lăng vua Minh Mạng,669,245,914,6.8189240653,test,False,observed_complete
2026-07-15,7,Lăng vua Minh Mạng,743,262,1005,6.9137373507,test,False,observed_complete
2026-07-16,7,Lăng vua Minh Mạng,691,220,911,6.8156399901,test,False,observed_complete
2026-07-17,7,Lăng vua Minh Mạng,791,248,1039,6.9469759921,test,False,observed_complete
2026-07-18,7,Lăng vua Minh Mạng,1054,247,1301,7.1716568228,test,False,observed_complete
2026-07-19,7,Lăng vua Minh Mạng,854,361,1215,7.1033220625,test,False,observed_complete
2026-07-20,7,Lăng vua Minh Mạng,714,230,944,6.8511849275,test,False,observed_complete
2026-07-21,7,Lăng vua Minh Mạng,603,255,858,6.7557689220,test,False,observed_complete
2026-07-22,7,Lăng vua Minh Mạng,702,354,1056,6.9631899859,test,False,observed_complete
2026-07-23,7,Lăng vua Minh Mạng,771,214,985,6.8936563546,test,False,observed_complete
2026-07-24,7,Lăng vua Minh Mạng,691,264,955,6.8627579131,test,False,observed_complete
2026-07-25,7,Lăng vua Minh Mạng,921,268,1189,7.0817085861,test,False,observed_complete
2026-07-26,7,Lăng vua Minh Mạng,833,254,1087,6.9920964274,test,False,observed_complete
2026-07-27,7,Lăng vua Minh Mạng,669,222,891,6.7934661326,test,False,observed_complete
2026-07-28,7,Lăng vua Minh Mạng,723,198,921,6.8265452236,test,False,observed_complete
2026-07-29,7,Lăng vua Minh Mạng,516,373,889,6.7912214627,test,False,observed_complete
2026-07-30,7,Lăng vua Minh Mạng,586,301,887,6.7889717430,test,False,observed_complete
2026-07-31,7,Lăng vua Minh Mạng,563,266,829,6.7214257008,test,False,observed_complete
2026-08-01,7,Lăng vua Minh Mạng,977,285,1262,7.1412451224,test,False,observed_complete
2026-08-02,7,Lăng vua Minh Mạng,685,275,960,6.8679744090,test,False,observed_complete
2026-08-03,7,Lăng vua Minh Mạng,521,356,877,6.7776465936,test,False,observed_complete
2026-08-04,7,Lăng vua Minh Mạng,474,303,777,6.6567265242,test,False,observed_complete
2026-08-05,7,Lăng vua Minh Mạng,542,254,796,6.6808546788,test,False,observed_complete
2026-08-06,7,Lăng vua Minh Mạng,558,361,919,6.8243736700,test,False,observed_complete
2026-08-07,7,Lăng vua Minh Mạng,592,367,959,6.8669332845,test,False,observed_complete
2026-08-08,7,Lăng vua Minh Mạng,759,335,1094,6.9985096423,test,False,observed_complete
2026-08-09,7,Lăng vua Minh Mạng,628,394,1022,6.9304947660,test,False,observed_complete
2026-08-10,7,Lăng vua Minh Mạng,497,402,899,6.8023947633,test,False,observed_complete
2026-08-11,7,Lăng vua Minh Mạng,435,347,782,6.6631326960,test,False,observed_complete
2026-08-12,7,Lăng vua Minh Mạng,306,466,772,6.6502790486,test,False,observed_complete
2026-08-13,7,Lăng vua Minh Mạng,531,419,950,6.8575140625,test,False,observed_complete
2026-08-14,7,Lăng vua Minh Mạng,381,374,755,6.6280413762,test,False,observed_complete
2026-08-15,7,Lăng vua Minh Mạng,775,333,1108,7.0112139874,test,False,observed_complete
2026-08-16,7,Lăng vua Minh Mạng,563,341,904,6.8079349437,test,False,observed_complete
2026-08-17,7,Lăng vua Minh Mạng,384,379,763,6.6385677892,test,False,observed_complete
2026-08-18,7,Lăng vua Minh Mạng,252,270,522,6.2595814641,test,False,observed_complete
2026-08-19,7,Lăng vua Minh Mạng,23,363,386,5.9584246930,test,False,observed_complete
2026-08-20,7,Lăng vua Minh Mạng,500,285,785,6.6669567924,test,False,observed_complete
2026-08-21,7,Lăng vua Minh Mạng,421,282,703,6.5567783562,test,False,observed_complete
2026-08-22,7,Lăng vua Minh Mạng,584,271,855,6.7522703761,test,False,observed_complete
2026-08-23,7,Lăng vua Minh Mạng,517,210,727,6.5903010482,test,False,observed_complete
2026-08-24,7,Lăng vua Minh Mạng,319,210,529,6.2728770065,test,False,observed_complete
